ISO-10303-21;
HEADER;
FILE_DESCRIPTION(('KiCad electronic assembly'),'2;1');
FILE_NAME('B-IrDA Transceiver-BRK_R1.0_Step.step','2026-04-27T08:28:13',
  ('Pcbnew'),('Kicad'),'Open CASCADE STEP processor 7.8',
  'KiCad to STEP converter','Unknown');
FILE_SCHEMA(('AUTOMOTIVE_DESIGN { 1 0 10303 214 1 1 1 1 }'));
ENDSEC;
DATA;
#1 = APPLICATION_PROTOCOL_DEFINITION('international standard',
  'automotive_design',2000,#2);
#2 = APPLICATION_CONTEXT(
  'core data for automotive mechanical design processes');
#3 = SHAPE_DEFINITION_REPRESENTATION(#4,#10);
#4 = PRODUCT_DEFINITION_SHAPE('','',#5);
#5 = PRODUCT_DEFINITION('design','',#6,#9);
#6 = PRODUCT_DEFINITION_FORMATION('','',#7);
#7 = PRODUCT('B-IrDA Transceiver-BRK_R1.0_Step 1',
  'B-IrDA Transceiver-BRK_R1.0_Step 1','',(#8));
#8 = PRODUCT_CONTEXT('',#2,'mechanical');
#9 = PRODUCT_DEFINITION_CONTEXT('part definition',#2,'design');
#10 = SHAPE_REPRESENTATION('',(#11,#15,#19,#23,#27,#31,#35,#39,#43,#47,
    #51,#55,#59,#63,#67,#71,#75,#79),#83);
#11 = AXIS2_PLACEMENT_3D('',#12,#13,#14);
#12 = CARTESIAN_POINT('',(0.,0.,0.));
#13 = DIRECTION('',(0.,0.,1.));
#14 = DIRECTION('',(1.,0.,-0.));
#15 = AXIS2_PLACEMENT_3D('',#16,#17,#18);
#16 = CARTESIAN_POINT('',(1.955,-6.2925,1.595));
#17 = DIRECTION('',(0.,0.,1.));
#18 = DIRECTION('',(1.,0.,0.));
#19 = AXIS2_PLACEMENT_3D('',#20,#21,#22);
#20 = CARTESIAN_POINT('',(6.4275,-8.17,1.595));
#21 = DIRECTION('',(0.,0.,1.));
#22 = DIRECTION('',(-1.,1.224646799147E-16,0.));
#23 = AXIS2_PLACEMENT_3D('',#24,#25,#26);
#24 = CARTESIAN_POINT('',(2.1,1.E-02,1.595));
#25 = DIRECTION('',(0.,0.,1.));
#26 = DIRECTION('',(-1.,-2.22044604925E-16,0.));
#27 = AXIS2_PLACEMENT_3D('',#28,#29,#30);
#28 = CARTESIAN_POINT('',(5.14,-4.1,1.595));
#29 = DIRECTION('',(-0.,0.,1.));
#30 = DIRECTION('',(1.110223024625E-16,-1.,0.));
#31 = AXIS2_PLACEMENT_3D('',#32,#33,#34);
#32 = CARTESIAN_POINT('',(5.82,-0.92,1.595));
#33 = DIRECTION('',(0.,-0.,1.));
#34 = DIRECTION('',(1.110223024625E-16,1.,0.));
#35 = AXIS2_PLACEMENT_3D('',#36,#37,#38);
#36 = CARTESIAN_POINT('',(1.8,6.2,1.595));
#37 = DIRECTION('',(0.,0.,1.));
#38 = DIRECTION('',(-1.,1.224646799147E-16,0.));
#39 = AXIS2_PLACEMENT_3D('',#40,#41,#42);
#40 = CARTESIAN_POINT('',(8.8125,5.5E-02,1.595));
#41 = DIRECTION('',(-0.,0.,1.));
#42 = DIRECTION('',(1.110223024625E-16,-1.,0.));
#43 = AXIS2_PLACEMENT_3D('',#44,#45,#46);
#44 = CARTESIAN_POINT('',(6.39,-6.52,1.595));
#45 = DIRECTION('',(0.,0.,1.));
#46 = DIRECTION('',(1.,0.,0.));
#47 = AXIS2_PLACEMENT_3D('',#48,#49,#50);
#48 = CARTESIAN_POINT('',(8.3125,-4.305,1.595));
#49 = DIRECTION('',(-0.,0.,1.));
#50 = DIRECTION('',(1.110223024625E-16,-1.,0.));
#51 = AXIS2_PLACEMENT_3D('',#52,#53,#54);
#52 = CARTESIAN_POINT('',(7.4875,3.74,1.595));
#53 = DIRECTION('',(0.,0.,1.));
#54 = DIRECTION('',(1.,0.,0.));
#55 = AXIS2_PLACEMENT_3D('',#56,#57,#58);
#56 = CARTESIAN_POINT('',(-0.98,-6.1675,1.595));
#57 = DIRECTION('',(0.,-0.,1.));
#58 = DIRECTION('',(1.110223024625E-16,1.,0.));
#59 = AXIS2_PLACEMENT_3D('',#60,#61,#62);
#60 = CARTESIAN_POINT('',(6.4275,7.88,1.595));
#61 = DIRECTION('',(0.,0.,1.));
#62 = DIRECTION('',(-1.,1.224646799147E-16,0.));
#63 = AXIS2_PLACEMENT_3D('',#64,#65,#66);
#64 = CARTESIAN_POINT('',(-6.925,-7.77,1.595));
#65 = DIRECTION('',(0.,0.,1.));
#66 = DIRECTION('',(-1.,1.224646799147E-16,0.));
#67 = AXIS2_PLACEMENT_3D('',#68,#69,#70);
#68 = CARTESIAN_POINT('',(6.39,6.2,1.595));
#69 = DIRECTION('',(0.,0.,1.));
#70 = DIRECTION('',(1.,0.,0.));
#71 = AXIS2_PLACEMENT_3D('',#72,#73,#74);
#72 = CARTESIAN_POINT('',(-0.99,6.075,1.595));
#73 = DIRECTION('',(-0.,0.,1.));
#74 = DIRECTION('',(1.110223024625E-16,-1.,0.));
#75 = AXIS2_PLACEMENT_3D('',#76,#77,#78);
#76 = CARTESIAN_POINT('',(-3.755,-7.77,1.595));
#77 = DIRECTION('',(0.,0.,1.));
#78 = DIRECTION('',(-1.,1.224646799147E-16,0.));
#79 = AXIS2_PLACEMENT_3D('',#80,#81,#82);
#80 = CARTESIAN_POINT('',(0.,0.,0.));
#81 = DIRECTION('',(0.,0.,1.));
#82 = DIRECTION('',(1.,0.,-0.));
#83 = ( GEOMETRIC_REPRESENTATION_CONTEXT(3) 
GLOBAL_UNCERTAINTY_ASSIGNED_CONTEXT((#87)) GLOBAL_UNIT_ASSIGNED_CONTEXT(
(#84,#85,#86)) REPRESENTATION_CONTEXT('Context #1',
  '3D Context with UNIT and UNCERTAINTY') );
#84 = ( LENGTH_UNIT() NAMED_UNIT(*) SI_UNIT(.MILLI.,.METRE.) );
#85 = ( NAMED_UNIT(*) PLANE_ANGLE_UNIT() SI_UNIT($,.RADIAN.) );
#86 = ( NAMED_UNIT(*) SI_UNIT($,.STERADIAN.) SOLID_ANGLE_UNIT() );
#87 = UNCERTAINTY_MEASURE_WITH_UNIT(LENGTH_MEASURE(2.E-07),#84,
  'distance_accuracy_value','confusion accuracy');
#88 = PRODUCT_RELATED_PRODUCT_CATEGORY('part',$,(#7));
#89 = SHAPE_DEFINITION_REPRESENTATION(#90,#96);
#90 = PRODUCT_DEFINITION_SHAPE('','',#91);
#91 = PRODUCT_DEFINITION('design','',#92,#95);
#92 = PRODUCT_DEFINITION_FORMATION('','',#93);
#93 = PRODUCT('SOT-23','SOT-23','',(#94));
#94 = PRODUCT_CONTEXT('',#2,'mechanical');
#95 = PRODUCT_DEFINITION_CONTEXT('part definition',#2,'design');
#96 = ADVANCED_BREP_SHAPE_REPRESENTATION('',(#11,#97),#2079);
#97 = MANIFOLD_SOLID_BREP('',#98);
#98 = CLOSED_SHELL('',(#99,#137,#200,#223,#252,#275,#330,#369,#392,#415,
    #432,#455,#543,#559,#589,#622,#653,#686,#703,#720,#753,#783,#806,
    #829,#846,#875,#929,#952,#975,#998,#1037,#1059,#1103,#1178,#1202,
    #1270,#1287,#1362,#1386,#1454,#1529,#1553,#1621,#1638,#1655,#1701,
    #1717,#1733,#1750,#1762,#1779,#1796,#1813,#1830,#1847,#1864,#1876,
    #1893,#1910,#1927,#1944,#1961,#1973,#1990,#2007,#2024,#2041,#2058,
    #2070));
#99 = ADVANCED_FACE('',(#100),#132,.F.);
#100 = FACE_BOUND('',#101,.F.);
#101 = EDGE_LOOP('',(#102,#112,#119,#127));
#102 = ORIENTED_EDGE('',*,*,#103,.T.);
#103 = EDGE_CURVE('',#104,#106,#108,.T.);
#104 = VERTEX_POINT('',#105);
#105 = CARTESIAN_POINT('',(-0.571621551758,1.433243103516,0.1));
#106 = VERTEX_POINT('',#107);
#107 = CARTESIAN_POINT('',(0.571621551758,1.433243103516,0.1));
#108 = LINE('',#109,#110);
#109 = CARTESIAN_POINT('',(-0.571621551758,1.433243103516,0.1));
#110 = VECTOR('',#111,1.);
#111 = DIRECTION('',(1.,1.110223024625E-16,0.));
#112 = ORIENTED_EDGE('',*,*,#113,.T.);
#113 = EDGE_CURVE('',#106,#114,#116,.T.);
#114 = VERTEX_POINT('',#115);
#115 = CARTESIAN_POINT('',(0.605,1.5,0.575));
#116 = B_SPLINE_CURVE_WITH_KNOTS('',1,(#117,#118),.UNSPECIFIED.,.F.,.F.,
  (2,2),(0.,1.),.PIECEWISE_BEZIER_KNOTS.);
#117 = CARTESIAN_POINT('',(0.571621551758,1.433243103516,0.1));
#118 = CARTESIAN_POINT('',(0.605,1.5,0.575));
#119 = ORIENTED_EDGE('',*,*,#120,.F.);
#120 = EDGE_CURVE('',#121,#114,#123,.T.);
#121 = VERTEX_POINT('',#122);
#122 = CARTESIAN_POINT('',(-0.605,1.5,0.575));
#123 = LINE('',#124,#125);
#124 = CARTESIAN_POINT('',(-0.605,1.5,0.575));
#125 = VECTOR('',#126,1.);
#126 = DIRECTION('',(1.,1.110223024625E-16,0.));
#127 = ORIENTED_EDGE('',*,*,#128,.F.);
#128 = EDGE_CURVE('',#104,#121,#129,.T.);
#129 = B_SPLINE_CURVE_WITH_KNOTS('',1,(#130,#131),.UNSPECIFIED.,.F.,.F.,
  (2,2),(0.,1.),.PIECEWISE_BEZIER_KNOTS.);
#130 = CARTESIAN_POINT('',(-0.571621551758,1.433243103516,0.1));
#131 = CARTESIAN_POINT('',(-0.605,1.5,0.575));
#132 = B_SPLINE_SURFACE_WITH_KNOTS('',1,1,(
    (#133,#134)
    ,(#135,#136
    )),.UNSPECIFIED.,.F.,.F.,.F.,(2,2),(2,2),(0.,1.21),(0.,1.),
  .PIECEWISE_BEZIER_KNOTS.);
#133 = CARTESIAN_POINT('',(-0.571621551758,1.433243103516,0.1));
#134 = CARTESIAN_POINT('',(-0.605,1.5,0.575));
#135 = CARTESIAN_POINT('',(0.571621551758,1.433243103516,0.1));
#136 = CARTESIAN_POINT('',(0.605,1.5,0.575));
#137 = ADVANCED_FACE('',(#138),#195,.T.);
#138 = FACE_BOUND('',#139,.T.);
#139 = EDGE_LOOP('',(#140,#141,#149,#157,#165,#173,#181,#189));
#140 = ORIENTED_EDGE('',*,*,#103,.T.);
#141 = ORIENTED_EDGE('',*,*,#142,.T.);
#142 = EDGE_CURVE('',#106,#143,#145,.T.);
#143 = VERTEX_POINT('',#144);
#144 = CARTESIAN_POINT('',(0.633243103516,1.371621551758,0.1));
#145 = LINE('',#146,#147);
#146 = CARTESIAN_POINT('',(0.571621551758,1.433243103516,0.1));
#147 = VECTOR('',#148,1.);
#148 = DIRECTION('',(0.707106781187,-0.707106781187,0.));
#149 = ORIENTED_EDGE('',*,*,#150,.T.);
#150 = EDGE_CURVE('',#143,#151,#153,.T.);
#151 = VERTEX_POINT('',#152);
#152 = CARTESIAN_POINT('',(0.633243103516,-1.371621551758,0.1));
#153 = LINE('',#154,#155);
#154 = CARTESIAN_POINT('',(0.633243103516,1.371621551758,0.1));
#155 = VECTOR('',#156,1.);
#156 = DIRECTION('',(1.110223024625E-16,-1.,0.));
#157 = ORIENTED_EDGE('',*,*,#158,.T.);
#158 = EDGE_CURVE('',#151,#159,#161,.T.);
#159 = VERTEX_POINT('',#160);
#160 = CARTESIAN_POINT('',(0.571621551758,-1.433243103516,0.1));
#161 = LINE('',#162,#163);
#162 = CARTESIAN_POINT('',(0.633243103516,-1.371621551758,0.1));
#163 = VECTOR('',#164,1.);
#164 = DIRECTION('',(-0.707106781187,-0.707106781187,0.));
#165 = ORIENTED_EDGE('',*,*,#166,.T.);
#166 = EDGE_CURVE('',#159,#167,#169,.T.);
#167 = VERTEX_POINT('',#168);
#168 = CARTESIAN_POINT('',(-0.571621551758,-1.433243103516,0.1));
#169 = LINE('',#170,#171);
#170 = CARTESIAN_POINT('',(0.571621551758,-1.433243103516,0.1));
#171 = VECTOR('',#172,1.);
#172 = DIRECTION('',(-1.,-1.110223024625E-16,0.));
#173 = ORIENTED_EDGE('',*,*,#174,.T.);
#174 = EDGE_CURVE('',#167,#175,#177,.T.);
#175 = VERTEX_POINT('',#176);
#176 = CARTESIAN_POINT('',(-0.633243103516,-1.371621551758,0.1));
#177 = LINE('',#178,#179);
#178 = CARTESIAN_POINT('',(-0.571621551758,-1.433243103516,0.1));
#179 = VECTOR('',#180,1.);
#180 = DIRECTION('',(-0.707106781187,0.707106781187,0.));
#181 = ORIENTED_EDGE('',*,*,#182,.T.);
#182 = EDGE_CURVE('',#175,#183,#185,.T.);
#183 = VERTEX_POINT('',#184);
#184 = CARTESIAN_POINT('',(-0.633243103516,1.371621551758,0.1));
#185 = LINE('',#186,#187);
#186 = CARTESIAN_POINT('',(-0.633243103516,-1.371621551758,0.1));
#187 = VECTOR('',#188,1.);
#188 = DIRECTION('',(-1.110223024625E-16,1.,0.));
#189 = ORIENTED_EDGE('',*,*,#190,.T.);
#190 = EDGE_CURVE('',#183,#104,#191,.T.);
#191 = LINE('',#192,#193);
#192 = CARTESIAN_POINT('',(-0.633243103516,1.371621551758,0.1));
#193 = VECTOR('',#194,1.);
#194 = DIRECTION('',(0.707106781187,0.707106781187,0.));
#195 = PLANE('',#196);
#196 = AXIS2_PLACEMENT_3D('',#197,#198,#199);
#197 = CARTESIAN_POINT('',(-0.571621551758,1.433243103516,0.1));
#198 = DIRECTION('',(0.,0.,-1.));
#199 = DIRECTION('',(0.370454302632,-0.928850692879,0.));
#200 = ADVANCED_FACE('',(#201),#218,.F.);
#201 = FACE_BOUND('',#202,.F.);
#202 = EDGE_LOOP('',(#203,#204,#211,#217));
#203 = ORIENTED_EDGE('',*,*,#142,.T.);
#204 = ORIENTED_EDGE('',*,*,#205,.T.);
#205 = EDGE_CURVE('',#143,#206,#208,.T.);
#206 = VERTEX_POINT('',#207);
#207 = CARTESIAN_POINT('',(0.7,1.405,0.575));
#208 = B_SPLINE_CURVE_WITH_KNOTS('',1,(#209,#210),.UNSPECIFIED.,.F.,.F.,
  (2,2),(0.,1.),.PIECEWISE_BEZIER_KNOTS.);
#209 = CARTESIAN_POINT('',(0.633243103516,1.371621551758,0.1));
#210 = CARTESIAN_POINT('',(0.7,1.405,0.575));
#211 = ORIENTED_EDGE('',*,*,#212,.F.);
#212 = EDGE_CURVE('',#114,#206,#213,.T.);
#213 = LINE('',#214,#215);
#214 = CARTESIAN_POINT('',(0.605,1.5,0.575));
#215 = VECTOR('',#216,1.);
#216 = DIRECTION('',(0.707106781187,-0.707106781187,0.));
#217 = ORIENTED_EDGE('',*,*,#113,.F.);
#218 = B_SPLINE_SURFACE_WITH_KNOTS('',1,1,(
    (#219,#220)
    ,(#221,#222
    )),.UNSPECIFIED.,.F.,.F.,.F.,(2,2),(2,2),(0.,0.134350288425),(0.,1.)
  ,.PIECEWISE_BEZIER_KNOTS.);
#219 = CARTESIAN_POINT('',(0.571621551758,1.433243103516,0.1));
#220 = CARTESIAN_POINT('',(0.605,1.5,0.575));
#221 = CARTESIAN_POINT('',(0.633243103516,1.371621551758,0.1));
#222 = CARTESIAN_POINT('',(0.7,1.405,0.575));
#223 = ADVANCED_FACE('',(#224),#247,.F.);
#224 = FACE_BOUND('',#225,.F.);
#225 = EDGE_LOOP('',(#226,#227,#234,#242));
#226 = ORIENTED_EDGE('',*,*,#120,.T.);
#227 = ORIENTED_EDGE('',*,*,#228,.T.);
#228 = EDGE_CURVE('',#114,#229,#231,.T.);
#229 = VERTEX_POINT('',#230);
#230 = CARTESIAN_POINT('',(0.605,1.5,0.725));
#231 = B_SPLINE_CURVE_WITH_KNOTS('',1,(#232,#233),.UNSPECIFIED.,.F.,.F.,
  (2,2),(0.,1.),.PIECEWISE_BEZIER_KNOTS.);
#232 = CARTESIAN_POINT('',(0.605,1.5,0.575));
#233 = CARTESIAN_POINT('',(0.605,1.5,0.725));
#234 = ORIENTED_EDGE('',*,*,#235,.F.);
#235 = EDGE_CURVE('',#236,#229,#238,.T.);
#236 = VERTEX_POINT('',#237);
#237 = CARTESIAN_POINT('',(-0.605,1.5,0.725));
#238 = LINE('',#239,#240);
#239 = CARTESIAN_POINT('',(-0.605,1.5,0.725));
#240 = VECTOR('',#241,1.);
#241 = DIRECTION('',(1.,1.110223024625E-16,0.));
#242 = ORIENTED_EDGE('',*,*,#243,.F.);
#243 = EDGE_CURVE('',#121,#236,#244,.T.);
#244 = B_SPLINE_CURVE_WITH_KNOTS('',1,(#245,#246),.UNSPECIFIED.,.F.,.F.,
  (2,2),(0.,1.),.PIECEWISE_BEZIER_KNOTS.);
#245 = CARTESIAN_POINT('',(-0.605,1.5,0.575));
#246 = CARTESIAN_POINT('',(-0.605,1.5,0.725));
#247 = PLANE('',#248);
#248 = AXIS2_PLACEMENT_3D('',#249,#250,#251);
#249 = CARTESIAN_POINT('',(-0.605,1.5,0.725));
#250 = DIRECTION('',(1.110223024625E-16,-1.,0.));
#251 = DIRECTION('',(1.,1.110223024625E-16,0.));
#252 = ADVANCED_FACE('',(#253),#270,.F.);
#253 = FACE_BOUND('',#254,.F.);
#254 = EDGE_LOOP('',(#255,#256,#257,#265));
#255 = ORIENTED_EDGE('',*,*,#190,.T.);
#256 = ORIENTED_EDGE('',*,*,#128,.T.);
#257 = ORIENTED_EDGE('',*,*,#258,.F.);
#258 = EDGE_CURVE('',#259,#121,#261,.T.);
#259 = VERTEX_POINT('',#260);
#260 = CARTESIAN_POINT('',(-0.7,1.405,0.575));
#261 = LINE('',#262,#263);
#262 = CARTESIAN_POINT('',(-0.7,1.405,0.575));
#263 = VECTOR('',#264,1.);
#264 = DIRECTION('',(0.707106781187,0.707106781187,0.));
#265 = ORIENTED_EDGE('',*,*,#266,.F.);
#266 = EDGE_CURVE('',#183,#259,#267,.T.);
#267 = B_SPLINE_CURVE_WITH_KNOTS('',1,(#268,#269),.UNSPECIFIED.,.F.,.F.,
  (2,2),(0.,1.),.PIECEWISE_BEZIER_KNOTS.);
#268 = CARTESIAN_POINT('',(-0.633243103516,1.371621551758,0.1));
#269 = CARTESIAN_POINT('',(-0.7,1.405,0.575));
#270 = B_SPLINE_SURFACE_WITH_KNOTS('',1,1,(
    (#271,#272)
    ,(#273,#274
    )),.UNSPECIFIED.,.F.,.F.,.F.,(2,2),(2,2),(0.,0.134350288425),(0.,1.)
  ,.PIECEWISE_BEZIER_KNOTS.);
#271 = CARTESIAN_POINT('',(-0.633243103516,1.371621551758,0.1));
#272 = CARTESIAN_POINT('',(-0.7,1.405,0.575));
#273 = CARTESIAN_POINT('',(-0.571621551758,1.433243103516,0.1));
#274 = CARTESIAN_POINT('',(-0.605,1.5,0.575));
#275 = ADVANCED_FACE('',(#276),#325,.F.);
#276 = FACE_BOUND('',#277,.F.);
#277 = EDGE_LOOP('',(#278,#279,#280,#288,#296,#304,#312,#320));
#278 = ORIENTED_EDGE('',*,*,#182,.T.);
#279 = ORIENTED_EDGE('',*,*,#266,.T.);
#280 = ORIENTED_EDGE('',*,*,#281,.F.);
#281 = EDGE_CURVE('',#282,#259,#284,.T.);
#282 = VERTEX_POINT('',#283);
#283 = CARTESIAN_POINT('',(-0.7,1.15,0.575));
#284 = LINE('',#285,#286);
#285 = CARTESIAN_POINT('',(-0.7,-1.405,0.575));
#286 = VECTOR('',#287,1.);
#287 = DIRECTION('',(-1.110223024625E-16,1.,0.));
#288 = ORIENTED_EDGE('',*,*,#289,.F.);
#289 = EDGE_CURVE('',#290,#282,#292,.T.);
#290 = VERTEX_POINT('',#291);
#291 = CARTESIAN_POINT('',(-0.7,0.75,0.575));
#292 = LINE('',#293,#294);
#293 = CARTESIAN_POINT('',(-0.7,0.75,0.575));
#294 = VECTOR('',#295,1.);
#295 = DIRECTION('',(1.144237745222E-17,1.,0.));
#296 = ORIENTED_EDGE('',*,*,#297,.F.);
#297 = EDGE_CURVE('',#298,#290,#300,.T.);
#298 = VERTEX_POINT('',#299);
#299 = CARTESIAN_POINT('',(-0.7,-0.75,0.575));
#300 = LINE('',#301,#302);
#301 = CARTESIAN_POINT('',(-0.7,-1.405,0.575));
#302 = VECTOR('',#303,1.);
#303 = DIRECTION('',(-1.110223024625E-16,1.,0.));
#304 = ORIENTED_EDGE('',*,*,#305,.F.);
#305 = EDGE_CURVE('',#306,#298,#308,.T.);
#306 = VERTEX_POINT('',#307);
#307 = CARTESIAN_POINT('',(-0.7,-1.15,0.575));
#308 = LINE('',#309,#310);
#309 = CARTESIAN_POINT('',(-0.7,-1.15,0.575));
#310 = VECTOR('',#311,1.);
#311 = DIRECTION('',(1.144237745222E-17,1.,0.));
#312 = ORIENTED_EDGE('',*,*,#313,.F.);
#313 = EDGE_CURVE('',#314,#306,#316,.T.);
#314 = VERTEX_POINT('',#315);
#315 = CARTESIAN_POINT('',(-0.7,-1.405,0.575));
#316 = LINE('',#317,#318);
#317 = CARTESIAN_POINT('',(-0.7,-1.405,0.575));
#318 = VECTOR('',#319,1.);
#319 = DIRECTION('',(-1.110223024625E-16,1.,0.));
#320 = ORIENTED_EDGE('',*,*,#321,.F.);
#321 = EDGE_CURVE('',#175,#314,#322,.T.);
#322 = B_SPLINE_CURVE_WITH_KNOTS('',1,(#323,#324),.UNSPECIFIED.,.F.,.F.,
  (2,2),(0.,1.),.PIECEWISE_BEZIER_KNOTS.);
#323 = CARTESIAN_POINT('',(-0.633243103516,-1.371621551758,0.1));
#324 = CARTESIAN_POINT('',(-0.7,-1.405,0.575));
#325 = B_SPLINE_SURFACE_WITH_KNOTS('',1,1,(
    (#326,#327)
    ,(#328,#329
    )),.UNSPECIFIED.,.F.,.F.,.F.,(2,2),(2,2),(0.,2.81),(0.,1.),
  .PIECEWISE_BEZIER_KNOTS.);
#326 = CARTESIAN_POINT('',(-0.633243103516,-1.371621551758,0.1));
#327 = CARTESIAN_POINT('',(-0.7,-1.405,0.575));
#328 = CARTESIAN_POINT('',(-0.633243103516,1.371621551758,0.1));
#329 = CARTESIAN_POINT('',(-0.7,1.405,0.575));
#330 = ADVANCED_FACE('',(#331),#364,.F.);
#331 = FACE_BOUND('',#332,.F.);
#332 = EDGE_LOOP('',(#333,#334,#341,#349,#357,#363));
#333 = ORIENTED_EDGE('',*,*,#150,.T.);
#334 = ORIENTED_EDGE('',*,*,#335,.T.);
#335 = EDGE_CURVE('',#151,#336,#338,.T.);
#336 = VERTEX_POINT('',#337);
#337 = CARTESIAN_POINT('',(0.7,-1.405,0.575));
#338 = B_SPLINE_CURVE_WITH_KNOTS('',1,(#339,#340),.UNSPECIFIED.,.F.,.F.,
  (2,2),(0.,1.),.PIECEWISE_BEZIER_KNOTS.);
#339 = CARTESIAN_POINT('',(0.633243103516,-1.371621551758,0.1));
#340 = CARTESIAN_POINT('',(0.7,-1.405,0.575));
#341 = ORIENTED_EDGE('',*,*,#342,.F.);
#342 = EDGE_CURVE('',#343,#336,#345,.T.);
#343 = VERTEX_POINT('',#344);
#344 = CARTESIAN_POINT('',(0.7,-0.2,0.575));
#345 = LINE('',#346,#347);
#346 = CARTESIAN_POINT('',(0.7,1.405,0.575));
#347 = VECTOR('',#348,1.);
#348 = DIRECTION('',(1.110223024625E-16,-1.,0.));
#349 = ORIENTED_EDGE('',*,*,#350,.F.);
#350 = EDGE_CURVE('',#351,#343,#353,.T.);
#351 = VERTEX_POINT('',#352);
#352 = CARTESIAN_POINT('',(0.7,0.2,0.575));
#353 = LINE('',#354,#355);
#354 = CARTESIAN_POINT('',(0.7,0.2,0.575));
#355 = VECTOR('',#356,1.);
#356 = DIRECTION('',(1.110223024625E-16,-1.,0.));
#357 = ORIENTED_EDGE('',*,*,#358,.F.);
#358 = EDGE_CURVE('',#206,#351,#359,.T.);
#359 = LINE('',#360,#361);
#360 = CARTESIAN_POINT('',(0.7,1.405,0.575));
#361 = VECTOR('',#362,1.);
#362 = DIRECTION('',(1.110223024625E-16,-1.,0.));
#363 = ORIENTED_EDGE('',*,*,#205,.F.);
#364 = B_SPLINE_SURFACE_WITH_KNOTS('',1,1,(
    (#365,#366)
    ,(#367,#368
    )),.UNSPECIFIED.,.F.,.F.,.F.,(2,2),(2,2),(0.,2.81),(0.,1.),
  .PIECEWISE_BEZIER_KNOTS.);
#365 = CARTESIAN_POINT('',(0.633243103516,1.371621551758,0.1));
#366 = CARTESIAN_POINT('',(0.7,1.405,0.575));
#367 = CARTESIAN_POINT('',(0.633243103516,-1.371621551758,0.1));
#368 = CARTESIAN_POINT('',(0.7,-1.405,0.575));
#369 = ADVANCED_FACE('',(#370),#387,.F.);
#370 = FACE_BOUND('',#371,.F.);
#371 = EDGE_LOOP('',(#372,#373,#374,#382));
#372 = ORIENTED_EDGE('',*,*,#174,.T.);
#373 = ORIENTED_EDGE('',*,*,#321,.T.);
#374 = ORIENTED_EDGE('',*,*,#375,.F.);
#375 = EDGE_CURVE('',#376,#314,#378,.T.);
#376 = VERTEX_POINT('',#377);
#377 = CARTESIAN_POINT('',(-0.605,-1.5,0.575));
#378 = LINE('',#379,#380);
#379 = CARTESIAN_POINT('',(-0.605,-1.5,0.575));
#380 = VECTOR('',#381,1.);
#381 = DIRECTION('',(-0.707106781187,0.707106781187,0.));
#382 = ORIENTED_EDGE('',*,*,#383,.F.);
#383 = EDGE_CURVE('',#167,#376,#384,.T.);
#384 = B_SPLINE_CURVE_WITH_KNOTS('',1,(#385,#386),.UNSPECIFIED.,.F.,.F.,
  (2,2),(0.,1.),.PIECEWISE_BEZIER_KNOTS.);
#385 = CARTESIAN_POINT('',(-0.571621551758,-1.433243103516,0.1));
#386 = CARTESIAN_POINT('',(-0.605,-1.5,0.575));
#387 = B_SPLINE_SURFACE_WITH_KNOTS('',1,1,(
    (#388,#389)
    ,(#390,#391
    )),.UNSPECIFIED.,.F.,.F.,.F.,(2,2),(2,2),(0.,0.134350288425),(0.,1.)
  ,.PIECEWISE_BEZIER_KNOTS.);
#388 = CARTESIAN_POINT('',(-0.571621551758,-1.433243103516,0.1));
#389 = CARTESIAN_POINT('',(-0.605,-1.5,0.575));
#390 = CARTESIAN_POINT('',(-0.633243103516,-1.371621551758,0.1));
#391 = CARTESIAN_POINT('',(-0.7,-1.405,0.575));
#392 = ADVANCED_FACE('',(#393),#410,.F.);
#393 = FACE_BOUND('',#394,.F.);
#394 = EDGE_LOOP('',(#395,#396,#403,#409));
#395 = ORIENTED_EDGE('',*,*,#158,.T.);
#396 = ORIENTED_EDGE('',*,*,#397,.T.);
#397 = EDGE_CURVE('',#159,#398,#400,.T.);
#398 = VERTEX_POINT('',#399);
#399 = CARTESIAN_POINT('',(0.605,-1.5,0.575));
#400 = B_SPLINE_CURVE_WITH_KNOTS('',1,(#401,#402),.UNSPECIFIED.,.F.,.F.,
  (2,2),(0.,1.),.PIECEWISE_BEZIER_KNOTS.);
#401 = CARTESIAN_POINT('',(0.571621551758,-1.433243103516,0.1));
#402 = CARTESIAN_POINT('',(0.605,-1.5,0.575));
#403 = ORIENTED_EDGE('',*,*,#404,.F.);
#404 = EDGE_CURVE('',#336,#398,#405,.T.);
#405 = LINE('',#406,#407);
#406 = CARTESIAN_POINT('',(0.7,-1.405,0.575));
#407 = VECTOR('',#408,1.);
#408 = DIRECTION('',(-0.707106781187,-0.707106781187,0.));
#409 = ORIENTED_EDGE('',*,*,#335,.F.);
#410 = B_SPLINE_SURFACE_WITH_KNOTS('',1,1,(
    (#411,#412)
    ,(#413,#414
    )),.UNSPECIFIED.,.F.,.F.,.F.,(2,2),(2,2),(0.,0.134350288425),(0.,1.)
  ,.PIECEWISE_BEZIER_KNOTS.);
#411 = CARTESIAN_POINT('',(0.633243103516,-1.371621551758,0.1));
#412 = CARTESIAN_POINT('',(0.7,-1.405,0.575));
#413 = CARTESIAN_POINT('',(0.571621551758,-1.433243103516,0.1));
#414 = CARTESIAN_POINT('',(0.605,-1.5,0.575));
#415 = ADVANCED_FACE('',(#416),#427,.F.);
#416 = FACE_BOUND('',#417,.F.);
#417 = EDGE_LOOP('',(#418,#419,#420,#426));
#418 = ORIENTED_EDGE('',*,*,#166,.T.);
#419 = ORIENTED_EDGE('',*,*,#383,.T.);
#420 = ORIENTED_EDGE('',*,*,#421,.F.);
#421 = EDGE_CURVE('',#398,#376,#422,.T.);
#422 = LINE('',#423,#424);
#423 = CARTESIAN_POINT('',(0.605,-1.5,0.575));
#424 = VECTOR('',#425,1.);
#425 = DIRECTION('',(-1.,-1.110223024625E-16,0.));
#426 = ORIENTED_EDGE('',*,*,#397,.F.);
#427 = B_SPLINE_SURFACE_WITH_KNOTS('',1,1,(
    (#428,#429)
    ,(#430,#431
    )),.UNSPECIFIED.,.F.,.F.,.F.,(2,2),(2,2),(0.,1.21),(0.,1.),
  .PIECEWISE_BEZIER_KNOTS.);
#428 = CARTESIAN_POINT('',(0.571621551758,-1.433243103516,0.1));
#429 = CARTESIAN_POINT('',(0.605,-1.5,0.575));
#430 = CARTESIAN_POINT('',(-0.571621551758,-1.433243103516,0.1));
#431 = CARTESIAN_POINT('',(-0.605,-1.5,0.575));
#432 = ADVANCED_FACE('',(#433),#450,.F.);
#433 = FACE_BOUND('',#434,.F.);
#434 = EDGE_LOOP('',(#435,#436,#443,#449));
#435 = ORIENTED_EDGE('',*,*,#212,.T.);
#436 = ORIENTED_EDGE('',*,*,#437,.T.);
#437 = EDGE_CURVE('',#206,#438,#440,.T.);
#438 = VERTEX_POINT('',#439);
#439 = CARTESIAN_POINT('',(0.7,1.405,0.725));
#440 = B_SPLINE_CURVE_WITH_KNOTS('',1,(#441,#442),.UNSPECIFIED.,.F.,.F.,
  (2,2),(0.,1.),.PIECEWISE_BEZIER_KNOTS.);
#441 = CARTESIAN_POINT('',(0.7,1.405,0.575));
#442 = CARTESIAN_POINT('',(0.7,1.405,0.725));
#443 = ORIENTED_EDGE('',*,*,#444,.F.);
#444 = EDGE_CURVE('',#229,#438,#445,.T.);
#445 = LINE('',#446,#447);
#446 = CARTESIAN_POINT('',(0.605,1.5,0.725));
#447 = VECTOR('',#448,1.);
#448 = DIRECTION('',(0.707106781187,-0.707106781187,0.));
#449 = ORIENTED_EDGE('',*,*,#228,.F.);
#450 = PLANE('',#451);
#451 = AXIS2_PLACEMENT_3D('',#452,#453,#454);
#452 = CARTESIAN_POINT('',(0.605,1.5,0.725));
#453 = DIRECTION('',(-0.707106781187,-0.707106781187,0.));
#454 = DIRECTION('',(0.707106781187,-0.707106781187,0.));
#455 = ADVANCED_FACE('',(#456),#538,.F.);
#456 = FACE_BOUND('',#457,.F.);
#457 = EDGE_LOOP('',(#458,#466,#467,#468,#476,#484,#492,#500,#508,#516,
    #524,#532));
#458 = ORIENTED_EDGE('',*,*,#459,.T.);
#459 = EDGE_CURVE('',#460,#236,#462,.T.);
#460 = VERTEX_POINT('',#461);
#461 = CARTESIAN_POINT('',(-0.7,1.405,0.725));
#462 = LINE('',#463,#464);
#463 = CARTESIAN_POINT('',(-0.7,1.405,0.725));
#464 = VECTOR('',#465,1.);
#465 = DIRECTION('',(0.707106781187,0.707106781187,0.));
#466 = ORIENTED_EDGE('',*,*,#235,.T.);
#467 = ORIENTED_EDGE('',*,*,#444,.T.);
#468 = ORIENTED_EDGE('',*,*,#469,.T.);
#469 = EDGE_CURVE('',#438,#470,#472,.T.);
#470 = VERTEX_POINT('',#471);
#471 = CARTESIAN_POINT('',(0.7,0.2,0.725));
#472 = LINE('',#473,#474);
#473 = CARTESIAN_POINT('',(0.7,1.405,0.725));
#474 = VECTOR('',#475,1.);
#475 = DIRECTION('',(1.110223024625E-16,-1.,0.));
#476 = ORIENTED_EDGE('',*,*,#477,.T.);
#477 = EDGE_CURVE('',#470,#478,#480,.T.);
#478 = VERTEX_POINT('',#479);
#479 = CARTESIAN_POINT('',(0.675,0.2,0.725));
#480 = LINE('',#481,#482);
#481 = CARTESIAN_POINT('',(0.7,0.2,0.725));
#482 = VECTOR('',#483,1.);
#483 = DIRECTION('',(-1.,-1.110223024625E-16,0.));
#484 = ORIENTED_EDGE('',*,*,#485,.F.);
#485 = EDGE_CURVE('',#486,#478,#488,.T.);
#486 = VERTEX_POINT('',#487);
#487 = CARTESIAN_POINT('',(0.675,1.3925,0.725));
#488 = LINE('',#489,#490);
#489 = CARTESIAN_POINT('',(0.675,1.3925,0.725));
#490 = VECTOR('',#491,1.);
#491 = DIRECTION('',(1.110223024625E-16,-1.,0.));
#492 = ORIENTED_EDGE('',*,*,#493,.F.);
#493 = EDGE_CURVE('',#494,#486,#496,.T.);
#494 = VERTEX_POINT('',#495);
#495 = CARTESIAN_POINT('',(0.5925,1.475,0.725));
#496 = LINE('',#497,#498);
#497 = CARTESIAN_POINT('',(0.5925,1.475,0.725));
#498 = VECTOR('',#499,1.);
#499 = DIRECTION('',(0.707106781187,-0.707106781187,0.));
#500 = ORIENTED_EDGE('',*,*,#501,.F.);
#501 = EDGE_CURVE('',#502,#494,#504,.T.);
#502 = VERTEX_POINT('',#503);
#503 = CARTESIAN_POINT('',(-0.5925,1.475,0.725));
#504 = LINE('',#505,#506);
#505 = CARTESIAN_POINT('',(-0.5925,1.475,0.725));
#506 = VECTOR('',#507,1.);
#507 = DIRECTION('',(1.,1.110223024625E-16,0.));
#508 = ORIENTED_EDGE('',*,*,#509,.F.);
#509 = EDGE_CURVE('',#510,#502,#512,.T.);
#510 = VERTEX_POINT('',#511);
#511 = CARTESIAN_POINT('',(-0.675,1.3925,0.725));
#512 = LINE('',#513,#514);
#513 = CARTESIAN_POINT('',(-0.675,1.3925,0.725));
#514 = VECTOR('',#515,1.);
#515 = DIRECTION('',(0.707106781187,0.707106781187,0.));
#516 = ORIENTED_EDGE('',*,*,#517,.F.);
#517 = EDGE_CURVE('',#518,#510,#520,.T.);
#518 = VERTEX_POINT('',#519);
#519 = CARTESIAN_POINT('',(-0.675,1.15,0.725));
#520 = LINE('',#521,#522);
#521 = CARTESIAN_POINT('',(-0.675,-1.3925,0.725));
#522 = VECTOR('',#523,1.);
#523 = DIRECTION('',(-1.110223024625E-16,1.,0.));
#524 = ORIENTED_EDGE('',*,*,#525,.F.);
#525 = EDGE_CURVE('',#526,#518,#528,.T.);
#526 = VERTEX_POINT('',#527);
#527 = CARTESIAN_POINT('',(-0.7,1.15,0.725));
#528 = LINE('',#529,#530);
#529 = CARTESIAN_POINT('',(-0.7,1.15,0.725));
#530 = VECTOR('',#531,1.);
#531 = DIRECTION('',(1.,-1.144237745222E-17,0.));
#532 = ORIENTED_EDGE('',*,*,#533,.T.);
#533 = EDGE_CURVE('',#526,#460,#534,.T.);
#534 = LINE('',#535,#536);
#535 = CARTESIAN_POINT('',(-0.7,-1.405,0.725));
#536 = VECTOR('',#537,1.);
#537 = DIRECTION('',(-1.110223024625E-16,1.,0.));
#538 = PLANE('',#539);
#539 = AXIS2_PLACEMENT_3D('',#540,#541,#542);
#540 = CARTESIAN_POINT('',(-1.486299604971E-16,1.4875,0.725));
#541 = DIRECTION('',(1.022886882533E-31,-6.310887241768E-27,-1.));
#542 = DIRECTION('',(1.,1.217738924546E-16,1.022886882525E-31));
#543 = ADVANCED_FACE('',(#544),#554,.F.);
#544 = FACE_BOUND('',#545,.F.);
#545 = EDGE_LOOP('',(#546,#547,#548,#549));
#546 = ORIENTED_EDGE('',*,*,#258,.T.);
#547 = ORIENTED_EDGE('',*,*,#243,.T.);
#548 = ORIENTED_EDGE('',*,*,#459,.F.);
#549 = ORIENTED_EDGE('',*,*,#550,.F.);
#550 = EDGE_CURVE('',#259,#460,#551,.T.);
#551 = B_SPLINE_CURVE_WITH_KNOTS('',1,(#552,#553),.UNSPECIFIED.,.F.,.F.,
  (2,2),(0.,1.),.PIECEWISE_BEZIER_KNOTS.);
#552 = CARTESIAN_POINT('',(-0.7,1.405,0.575));
#553 = CARTESIAN_POINT('',(-0.7,1.405,0.725));
#554 = PLANE('',#555);
#555 = AXIS2_PLACEMENT_3D('',#556,#557,#558);
#556 = CARTESIAN_POINT('',(-0.7,1.405,0.725));
#557 = DIRECTION('',(0.707106781187,-0.707106781187,0.));
#558 = DIRECTION('',(0.707106781187,0.707106781187,0.));
#559 = ADVANCED_FACE('',(#560),#584,.F.);
#560 = FACE_BOUND('',#561,.F.);
#561 = EDGE_LOOP('',(#562,#569,#570,#578));
#562 = ORIENTED_EDGE('',*,*,#563,.F.);
#563 = EDGE_CURVE('',#314,#564,#566,.T.);
#564 = VERTEX_POINT('',#565);
#565 = CARTESIAN_POINT('',(-0.7,-1.405,0.725));
#566 = B_SPLINE_CURVE_WITH_KNOTS('',1,(#567,#568),.UNSPECIFIED.,.F.,.F.,
  (2,2),(0.,1.),.PIECEWISE_BEZIER_KNOTS.);
#567 = CARTESIAN_POINT('',(-0.7,-1.405,0.575));
#568 = CARTESIAN_POINT('',(-0.7,-1.405,0.725));
#569 = ORIENTED_EDGE('',*,*,#313,.T.);
#570 = ORIENTED_EDGE('',*,*,#571,.T.);
#571 = EDGE_CURVE('',#306,#572,#574,.T.);
#572 = VERTEX_POINT('',#573);
#573 = CARTESIAN_POINT('',(-0.7,-1.15,0.725));
#574 = LINE('',#575,#576);
#575 = CARTESIAN_POINT('',(-0.7,-1.15,0.529763586955));
#576 = VECTOR('',#577,1.);
#577 = DIRECTION('',(0.,0.,1.));
#578 = ORIENTED_EDGE('',*,*,#579,.F.);
#579 = EDGE_CURVE('',#564,#572,#580,.T.);
#580 = LINE('',#581,#582);
#581 = CARTESIAN_POINT('',(-0.7,-1.405,0.725));
#582 = VECTOR('',#583,1.);
#583 = DIRECTION('',(-1.110223024625E-16,1.,0.));
#584 = PLANE('',#585);
#585 = AXIS2_PLACEMENT_3D('',#586,#587,#588);
#586 = CARTESIAN_POINT('',(-0.7,-1.405,0.725));
#587 = DIRECTION('',(1.,1.110223024625E-16,0.));
#588 = DIRECTION('',(-1.110223024625E-16,1.,0.));
#589 = ADVANCED_FACE('',(#590),#617,.F.);
#590 = FACE_BOUND('',#591,.F.);
#591 = EDGE_LOOP('',(#592,#593,#602,#610));
#592 = ORIENTED_EDGE('',*,*,#305,.T.);
#593 = ORIENTED_EDGE('',*,*,#594,.T.);
#594 = EDGE_CURVE('',#298,#595,#597,.T.);
#595 = VERTEX_POINT('',#596);
#596 = CARTESIAN_POINT('',(-0.798480775301,-0.75,0.492364817767));
#597 = CIRCLE('',#598,0.1);
#598 = AXIS2_PLACEMENT_3D('',#599,#600,#601);
#599 = CARTESIAN_POINT('',(-0.7,-0.75,0.475));
#600 = DIRECTION('',(-1.144237745222E-17,-1.,-5.473822126269E-48));
#601 = DIRECTION('',(2.22044604925E-15,-2.540718180781E-32,1.));
#602 = ORIENTED_EDGE('',*,*,#603,.F.);
#603 = EDGE_CURVE('',#604,#595,#606,.T.);
#604 = VERTEX_POINT('',#605);
#605 = CARTESIAN_POINT('',(-0.798480775301,-1.15,0.492364817767));
#606 = LINE('',#607,#608);
#607 = CARTESIAN_POINT('',(-0.798480775301,-1.15,0.492364817767));
#608 = VECTOR('',#609,1.);
#609 = DIRECTION('',(1.144237745222E-17,1.,0.));
#610 = ORIENTED_EDGE('',*,*,#611,.F.);
#611 = EDGE_CURVE('',#306,#604,#612,.T.);
#612 = CIRCLE('',#613,0.1);
#613 = AXIS2_PLACEMENT_3D('',#614,#615,#616);
#614 = CARTESIAN_POINT('',(-0.7,-1.15,0.475));
#615 = DIRECTION('',(-1.144237745222E-17,-1.,-5.473822126269E-48));
#616 = DIRECTION('',(2.22044604925E-15,-2.540718180781E-32,1.));
#617 = CYLINDRICAL_SURFACE('',#618,0.1);
#618 = AXIS2_PLACEMENT_3D('',#619,#620,#621);
#619 = CARTESIAN_POINT('',(-0.7,-1.15,0.475));
#620 = DIRECTION('',(-1.144237745222E-17,-1.,0.));
#621 = DIRECTION('',(2.22044604925E-15,-2.540718180781E-32,1.));
#622 = ADVANCED_FACE('',(#623),#648,.F.);
#623 = FACE_BOUND('',#624,.F.);
#624 = EDGE_LOOP('',(#625,#633,#634,#642));
#625 = ORIENTED_EDGE('',*,*,#626,.F.);
#626 = EDGE_CURVE('',#298,#627,#629,.T.);
#627 = VERTEX_POINT('',#628);
#628 = CARTESIAN_POINT('',(-0.7,-0.75,0.725));
#629 = LINE('',#630,#631);
#630 = CARTESIAN_POINT('',(-0.7,-0.75,0.529763586955));
#631 = VECTOR('',#632,1.);
#632 = DIRECTION('',(0.,0.,1.));
#633 = ORIENTED_EDGE('',*,*,#297,.T.);
#634 = ORIENTED_EDGE('',*,*,#635,.T.);
#635 = EDGE_CURVE('',#290,#636,#638,.T.);
#636 = VERTEX_POINT('',#637);
#637 = CARTESIAN_POINT('',(-0.7,0.75,0.725));
#638 = LINE('',#639,#640);
#639 = CARTESIAN_POINT('',(-0.7,0.75,0.529763586955));
#640 = VECTOR('',#641,1.);
#641 = DIRECTION('',(0.,0.,1.));
#642 = ORIENTED_EDGE('',*,*,#643,.F.);
#643 = EDGE_CURVE('',#627,#636,#644,.T.);
#644 = LINE('',#645,#646);
#645 = CARTESIAN_POINT('',(-0.7,-1.405,0.725));
#646 = VECTOR('',#647,1.);
#647 = DIRECTION('',(-1.110223024625E-16,1.,0.));
#648 = PLANE('',#649);
#649 = AXIS2_PLACEMENT_3D('',#650,#651,#652);
#650 = CARTESIAN_POINT('',(-0.7,-1.405,0.725));
#651 = DIRECTION('',(1.,1.110223024625E-16,0.));
#652 = DIRECTION('',(-1.110223024625E-16,1.,0.));
#653 = ADVANCED_FACE('',(#654),#681,.F.);
#654 = FACE_BOUND('',#655,.F.);
#655 = EDGE_LOOP('',(#656,#657,#666,#674));
#656 = ORIENTED_EDGE('',*,*,#289,.T.);
#657 = ORIENTED_EDGE('',*,*,#658,.T.);
#658 = EDGE_CURVE('',#282,#659,#661,.T.);
#659 = VERTEX_POINT('',#660);
#660 = CARTESIAN_POINT('',(-0.798480775301,1.15,0.492364817767));
#661 = CIRCLE('',#662,0.1);
#662 = AXIS2_PLACEMENT_3D('',#663,#664,#665);
#663 = CARTESIAN_POINT('',(-0.7,1.15,0.475));
#664 = DIRECTION('',(-1.144237745222E-17,-1.,-5.473822126269E-48));
#665 = DIRECTION('',(2.22044604925E-15,-2.540718180781E-32,1.));
#666 = ORIENTED_EDGE('',*,*,#667,.F.);
#667 = EDGE_CURVE('',#668,#659,#670,.T.);
#668 = VERTEX_POINT('',#669);
#669 = CARTESIAN_POINT('',(-0.798480775301,0.75,0.492364817767));
#670 = LINE('',#671,#672);
#671 = CARTESIAN_POINT('',(-0.798480775301,0.75,0.492364817767));
#672 = VECTOR('',#673,1.);
#673 = DIRECTION('',(1.144237745222E-17,1.,0.));
#674 = ORIENTED_EDGE('',*,*,#675,.F.);
#675 = EDGE_CURVE('',#290,#668,#676,.T.);
#676 = CIRCLE('',#677,0.1);
#677 = AXIS2_PLACEMENT_3D('',#678,#679,#680);
#678 = CARTESIAN_POINT('',(-0.7,0.75,0.475));
#679 = DIRECTION('',(-1.144237745222E-17,-1.,-5.473822126269E-48));
#680 = DIRECTION('',(2.22044604925E-15,-2.540718180781E-32,1.));
#681 = CYLINDRICAL_SURFACE('',#682,0.1);
#682 = AXIS2_PLACEMENT_3D('',#683,#684,#685);
#683 = CARTESIAN_POINT('',(-0.7,0.75,0.475));
#684 = DIRECTION('',(-1.144237745222E-17,-1.,0.));
#685 = DIRECTION('',(2.22044604925E-15,-2.540718180781E-32,1.));
#686 = ADVANCED_FACE('',(#687),#698,.F.);
#687 = FACE_BOUND('',#688,.F.);
#688 = EDGE_LOOP('',(#689,#695,#696,#697));
#689 = ORIENTED_EDGE('',*,*,#690,.F.);
#690 = EDGE_CURVE('',#282,#526,#691,.T.);
#691 = LINE('',#692,#693);
#692 = CARTESIAN_POINT('',(-0.7,1.15,0.529763586955));
#693 = VECTOR('',#694,1.);
#694 = DIRECTION('',(0.,0.,1.));
#695 = ORIENTED_EDGE('',*,*,#281,.T.);
#696 = ORIENTED_EDGE('',*,*,#550,.T.);
#697 = ORIENTED_EDGE('',*,*,#533,.F.);
#698 = PLANE('',#699);
#699 = AXIS2_PLACEMENT_3D('',#700,#701,#702);
#700 = CARTESIAN_POINT('',(-0.7,-1.405,0.725));
#701 = DIRECTION('',(1.,1.110223024625E-16,0.));
#702 = DIRECTION('',(-1.110223024625E-16,1.,0.));
#703 = ADVANCED_FACE('',(#704),#715,.F.);
#704 = FACE_BOUND('',#705,.F.);
#705 = EDGE_LOOP('',(#706,#707,#708,#714));
#706 = ORIENTED_EDGE('',*,*,#437,.F.);
#707 = ORIENTED_EDGE('',*,*,#358,.T.);
#708 = ORIENTED_EDGE('',*,*,#709,.T.);
#709 = EDGE_CURVE('',#351,#470,#710,.T.);
#710 = LINE('',#711,#712);
#711 = CARTESIAN_POINT('',(0.7,0.2,0.529763586955));
#712 = VECTOR('',#713,1.);
#713 = DIRECTION('',(0.,0.,1.));
#714 = ORIENTED_EDGE('',*,*,#469,.F.);
#715 = PLANE('',#716);
#716 = AXIS2_PLACEMENT_3D('',#717,#718,#719);
#717 = CARTESIAN_POINT('',(0.7,1.405,0.725));
#718 = DIRECTION('',(-1.,-1.110223024625E-16,0.));
#719 = DIRECTION('',(1.110223024625E-16,-1.,0.));
#720 = ADVANCED_FACE('',(#721),#748,.F.);
#721 = FACE_BOUND('',#722,.F.);
#722 = EDGE_LOOP('',(#723,#724,#733,#741));
#723 = ORIENTED_EDGE('',*,*,#350,.T.);
#724 = ORIENTED_EDGE('',*,*,#725,.T.);
#725 = EDGE_CURVE('',#343,#726,#728,.T.);
#726 = VERTEX_POINT('',#727);
#727 = CARTESIAN_POINT('',(0.798480775301,-0.2,0.492364817767));
#728 = CIRCLE('',#729,0.1);
#729 = AXIS2_PLACEMENT_3D('',#730,#731,#732);
#730 = CARTESIAN_POINT('',(0.7,-0.2,0.475));
#731 = DIRECTION('',(-1.110223024625E-16,1.,0.));
#732 = DIRECTION('',(-2.22044604925E-15,-2.465190328815E-31,1.));
#733 = ORIENTED_EDGE('',*,*,#734,.F.);
#734 = EDGE_CURVE('',#735,#726,#737,.T.);
#735 = VERTEX_POINT('',#736);
#736 = CARTESIAN_POINT('',(0.798480775301,0.2,0.492364817767));
#737 = LINE('',#738,#739);
#738 = CARTESIAN_POINT('',(0.798480775301,0.2,0.492364817767));
#739 = VECTOR('',#740,1.);
#740 = DIRECTION('',(1.110223024625E-16,-1.,0.));
#741 = ORIENTED_EDGE('',*,*,#742,.F.);
#742 = EDGE_CURVE('',#351,#735,#743,.T.);
#743 = CIRCLE('',#744,0.1);
#744 = AXIS2_PLACEMENT_3D('',#745,#746,#747);
#745 = CARTESIAN_POINT('',(0.7,0.2,0.475));
#746 = DIRECTION('',(-1.110223024625E-16,1.,0.));
#747 = DIRECTION('',(-2.22044604925E-15,-2.465190328815E-31,1.));
#748 = CYLINDRICAL_SURFACE('',#749,0.1);
#749 = AXIS2_PLACEMENT_3D('',#750,#751,#752);
#750 = CARTESIAN_POINT('',(0.7,0.2,0.475));
#751 = DIRECTION('',(-1.110223024625E-16,1.,0.));
#752 = DIRECTION('',(-2.22044604925E-15,-2.465190328815E-31,1.));
#753 = ADVANCED_FACE('',(#754),#778,.F.);
#754 = FACE_BOUND('',#755,.F.);
#755 = EDGE_LOOP('',(#756,#764,#765,#772));
#756 = ORIENTED_EDGE('',*,*,#757,.F.);
#757 = EDGE_CURVE('',#343,#758,#760,.T.);
#758 = VERTEX_POINT('',#759);
#759 = CARTESIAN_POINT('',(0.7,-0.2,0.725));
#760 = LINE('',#761,#762);
#761 = CARTESIAN_POINT('',(0.7,-0.2,0.529763586955));
#762 = VECTOR('',#763,1.);
#763 = DIRECTION('',(0.,0.,1.));
#764 = ORIENTED_EDGE('',*,*,#342,.T.);
#765 = ORIENTED_EDGE('',*,*,#766,.T.);
#766 = EDGE_CURVE('',#336,#767,#769,.T.);
#767 = VERTEX_POINT('',#768);
#768 = CARTESIAN_POINT('',(0.7,-1.405,0.725));
#769 = B_SPLINE_CURVE_WITH_KNOTS('',1,(#770,#771),.UNSPECIFIED.,.F.,.F.,
  (2,2),(0.,1.),.PIECEWISE_BEZIER_KNOTS.);
#770 = CARTESIAN_POINT('',(0.7,-1.405,0.575));
#771 = CARTESIAN_POINT('',(0.7,-1.405,0.725));
#772 = ORIENTED_EDGE('',*,*,#773,.F.);
#773 = EDGE_CURVE('',#758,#767,#774,.T.);
#774 = LINE('',#775,#776);
#775 = CARTESIAN_POINT('',(0.7,1.405,0.725));
#776 = VECTOR('',#777,1.);
#777 = DIRECTION('',(1.110223024625E-16,-1.,0.));
#778 = PLANE('',#779);
#779 = AXIS2_PLACEMENT_3D('',#780,#781,#782);
#780 = CARTESIAN_POINT('',(0.7,1.405,0.725));
#781 = DIRECTION('',(-1.,-1.110223024625E-16,0.));
#782 = DIRECTION('',(1.110223024625E-16,-1.,0.));
#783 = ADVANCED_FACE('',(#784),#801,.F.);
#784 = FACE_BOUND('',#785,.F.);
#785 = EDGE_LOOP('',(#786,#787,#788,#796));
#786 = ORIENTED_EDGE('',*,*,#375,.T.);
#787 = ORIENTED_EDGE('',*,*,#563,.T.);
#788 = ORIENTED_EDGE('',*,*,#789,.F.);
#789 = EDGE_CURVE('',#790,#564,#792,.T.);
#790 = VERTEX_POINT('',#791);
#791 = CARTESIAN_POINT('',(-0.605,-1.5,0.725));
#792 = LINE('',#793,#794);
#793 = CARTESIAN_POINT('',(-0.605,-1.5,0.725));
#794 = VECTOR('',#795,1.);
#795 = DIRECTION('',(-0.707106781187,0.707106781187,0.));
#796 = ORIENTED_EDGE('',*,*,#797,.F.);
#797 = EDGE_CURVE('',#376,#790,#798,.T.);
#798 = B_SPLINE_CURVE_WITH_KNOTS('',1,(#799,#800),.UNSPECIFIED.,.F.,.F.,
  (2,2),(0.,1.),.PIECEWISE_BEZIER_KNOTS.);
#799 = CARTESIAN_POINT('',(-0.605,-1.5,0.575));
#800 = CARTESIAN_POINT('',(-0.605,-1.5,0.725));
#801 = PLANE('',#802);
#802 = AXIS2_PLACEMENT_3D('',#803,#804,#805);
#803 = CARTESIAN_POINT('',(-0.605,-1.5,0.725));
#804 = DIRECTION('',(0.707106781187,0.707106781187,0.));
#805 = DIRECTION('',(-0.707106781187,0.707106781187,0.));
#806 = ADVANCED_FACE('',(#807),#824,.F.);
#807 = FACE_BOUND('',#808,.F.);
#808 = EDGE_LOOP('',(#809,#810,#817,#823));
#809 = ORIENTED_EDGE('',*,*,#404,.T.);
#810 = ORIENTED_EDGE('',*,*,#811,.T.);
#811 = EDGE_CURVE('',#398,#812,#814,.T.);
#812 = VERTEX_POINT('',#813);
#813 = CARTESIAN_POINT('',(0.605,-1.5,0.725));
#814 = B_SPLINE_CURVE_WITH_KNOTS('',1,(#815,#816),.UNSPECIFIED.,.F.,.F.,
  (2,2),(0.,1.),.PIECEWISE_BEZIER_KNOTS.);
#815 = CARTESIAN_POINT('',(0.605,-1.5,0.575));
#816 = CARTESIAN_POINT('',(0.605,-1.5,0.725));
#817 = ORIENTED_EDGE('',*,*,#818,.F.);
#818 = EDGE_CURVE('',#767,#812,#819,.T.);
#819 = LINE('',#820,#821);
#820 = CARTESIAN_POINT('',(0.7,-1.405,0.725));
#821 = VECTOR('',#822,1.);
#822 = DIRECTION('',(-0.707106781187,-0.707106781187,0.));
#823 = ORIENTED_EDGE('',*,*,#766,.F.);
#824 = PLANE('',#825);
#825 = AXIS2_PLACEMENT_3D('',#826,#827,#828);
#826 = CARTESIAN_POINT('',(0.7,-1.405,0.725));
#827 = DIRECTION('',(-0.707106781187,0.707106781187,0.));
#828 = DIRECTION('',(-0.707106781187,-0.707106781187,0.));
#829 = ADVANCED_FACE('',(#830),#841,.F.);
#830 = FACE_BOUND('',#831,.F.);
#831 = EDGE_LOOP('',(#832,#833,#834,#840));
#832 = ORIENTED_EDGE('',*,*,#421,.T.);
#833 = ORIENTED_EDGE('',*,*,#797,.T.);
#834 = ORIENTED_EDGE('',*,*,#835,.F.);
#835 = EDGE_CURVE('',#812,#790,#836,.T.);
#836 = LINE('',#837,#838);
#837 = CARTESIAN_POINT('',(0.605,-1.5,0.725));
#838 = VECTOR('',#839,1.);
#839 = DIRECTION('',(-1.,-1.110223024625E-16,0.));
#840 = ORIENTED_EDGE('',*,*,#811,.F.);
#841 = PLANE('',#842);
#842 = AXIS2_PLACEMENT_3D('',#843,#844,#845);
#843 = CARTESIAN_POINT('',(0.605,-1.5,0.725));
#844 = DIRECTION('',(-1.110223024625E-16,1.,0.));
#845 = DIRECTION('',(-1.,-1.110223024625E-16,0.));
#846 = ADVANCED_FACE('',(#847),#870,.F.);
#847 = FACE_BOUND('',#848,.F.);
#848 = EDGE_LOOP('',(#849,#857,#863,#864));
#849 = ORIENTED_EDGE('',*,*,#850,.F.);
#850 = EDGE_CURVE('',#636,#851,#853,.T.);
#851 = VERTEX_POINT('',#852);
#852 = CARTESIAN_POINT('',(-0.675,0.75,0.725));
#853 = LINE('',#854,#855);
#854 = CARTESIAN_POINT('',(-0.7,0.75,0.725));
#855 = VECTOR('',#856,1.);
#856 = DIRECTION('',(1.,-1.144237745222E-17,0.));
#857 = ORIENTED_EDGE('',*,*,#858,.T.);
#858 = EDGE_CURVE('',#636,#526,#859,.T.);
#859 = LINE('',#860,#861);
#860 = CARTESIAN_POINT('',(-0.7,0.75,0.725));
#861 = VECTOR('',#862,1.);
#862 = DIRECTION('',(1.144237745222E-17,1.,0.));
#863 = ORIENTED_EDGE('',*,*,#525,.T.);
#864 = ORIENTED_EDGE('',*,*,#865,.F.);
#865 = EDGE_CURVE('',#851,#518,#866,.T.);
#866 = LINE('',#867,#868);
#867 = CARTESIAN_POINT('',(-0.675,-1.3925,0.725));
#868 = VECTOR('',#869,1.);
#869 = DIRECTION('',(-1.110223024625E-16,1.,0.));
#870 = PLANE('',#871);
#871 = AXIS2_PLACEMENT_3D('',#872,#873,#874);
#872 = CARTESIAN_POINT('',(-0.7,0.75,0.725));
#873 = DIRECTION('',(0.,0.,-1.));
#874 = DIRECTION('',(1.,-1.144237745222E-17,0.));
#875 = ADVANCED_FACE('',(#876),#924,.F.);
#876 = FACE_BOUND('',#877,.F.);
#877 = EDGE_LOOP('',(#878,#888,#896,#902,#903,#904,#911,#919));
#878 = ORIENTED_EDGE('',*,*,#879,.T.);
#879 = EDGE_CURVE('',#880,#882,#884,.T.);
#880 = VERTEX_POINT('',#881);
#881 = CARTESIAN_POINT('',(-0.675,-1.3925,0.725));
#882 = VERTEX_POINT('',#883);
#883 = CARTESIAN_POINT('',(-0.675,-1.15,0.725));
#884 = LINE('',#885,#886);
#885 = CARTESIAN_POINT('',(-0.675,-1.3925,0.725));
#886 = VECTOR('',#887,1.);
#887 = DIRECTION('',(-1.110223024625E-16,1.,0.));
#888 = ORIENTED_EDGE('',*,*,#889,.T.);
#889 = EDGE_CURVE('',#882,#890,#892,.T.);
#890 = VERTEX_POINT('',#891);
#891 = CARTESIAN_POINT('',(-0.675,-0.75,0.725));
#892 = LINE('',#893,#894);
#893 = CARTESIAN_POINT('',(-0.675,-1.3925,0.725));
#894 = VECTOR('',#895,1.);
#895 = DIRECTION('',(-1.110223024625E-16,1.,0.));
#896 = ORIENTED_EDGE('',*,*,#897,.T.);
#897 = EDGE_CURVE('',#890,#851,#898,.T.);
#898 = LINE('',#899,#900);
#899 = CARTESIAN_POINT('',(-0.675,-1.3925,0.725));
#900 = VECTOR('',#901,1.);
#901 = DIRECTION('',(-1.110223024625E-16,1.,0.));
#902 = ORIENTED_EDGE('',*,*,#865,.T.);
#903 = ORIENTED_EDGE('',*,*,#517,.T.);
#904 = ORIENTED_EDGE('',*,*,#905,.T.);
#905 = EDGE_CURVE('',#510,#906,#908,.T.);
#906 = VERTEX_POINT('',#907);
#907 = CARTESIAN_POINT('',(-0.608243103516,1.359121551758,1.2));
#908 = B_SPLINE_CURVE_WITH_KNOTS('',1,(#909,#910),.UNSPECIFIED.,.F.,.F.,
  (2,2),(0.,1.),.PIECEWISE_BEZIER_KNOTS.);
#909 = CARTESIAN_POINT('',(-0.675,1.3925,0.725));
#910 = CARTESIAN_POINT('',(-0.608243103516,1.359121551758,1.2));
#911 = ORIENTED_EDGE('',*,*,#912,.F.);
#912 = EDGE_CURVE('',#913,#906,#915,.T.);
#913 = VERTEX_POINT('',#914);
#914 = CARTESIAN_POINT('',(-0.608243103516,-1.359121551758,1.2));
#915 = LINE('',#916,#917);
#916 = CARTESIAN_POINT('',(-0.608243103516,-1.359121551758,1.2));
#917 = VECTOR('',#918,1.);
#918 = DIRECTION('',(-1.110223024625E-16,1.,0.));
#919 = ORIENTED_EDGE('',*,*,#920,.F.);
#920 = EDGE_CURVE('',#880,#913,#921,.T.);
#921 = B_SPLINE_CURVE_WITH_KNOTS('',1,(#922,#923),.UNSPECIFIED.,.F.,.F.,
  (2,2),(0.,1.),.PIECEWISE_BEZIER_KNOTS.);
#922 = CARTESIAN_POINT('',(-0.675,-1.3925,0.725));
#923 = CARTESIAN_POINT('',(-0.608243103516,-1.359121551758,1.2));
#924 = B_SPLINE_SURFACE_WITH_KNOTS('',1,1,(
    (#925,#926)
    ,(#927,#928
    )),.UNSPECIFIED.,.F.,.F.,.F.,(2,2),(2,2),(0.,2.785),(0.,1.),
  .PIECEWISE_BEZIER_KNOTS.);
#925 = CARTESIAN_POINT('',(-0.675,-1.3925,0.725));
#926 = CARTESIAN_POINT('',(-0.608243103516,-1.359121551758,1.2));
#927 = CARTESIAN_POINT('',(-0.675,1.3925,0.725));
#928 = CARTESIAN_POINT('',(-0.608243103516,1.359121551758,1.2));
#929 = ADVANCED_FACE('',(#930),#947,.F.);
#930 = FACE_BOUND('',#931,.F.);
#931 = EDGE_LOOP('',(#932,#933,#940,#946));
#932 = ORIENTED_EDGE('',*,*,#509,.T.);
#933 = ORIENTED_EDGE('',*,*,#934,.T.);
#934 = EDGE_CURVE('',#502,#935,#937,.T.);
#935 = VERTEX_POINT('',#936);
#936 = CARTESIAN_POINT('',(-0.559121551758,1.408243103516,1.2));
#937 = B_SPLINE_CURVE_WITH_KNOTS('',1,(#938,#939),.UNSPECIFIED.,.F.,.F.,
  (2,2),(0.,1.),.PIECEWISE_BEZIER_KNOTS.);
#938 = CARTESIAN_POINT('',(-0.5925,1.475,0.725));
#939 = CARTESIAN_POINT('',(-0.559121551758,1.408243103516,1.2));
#940 = ORIENTED_EDGE('',*,*,#941,.F.);
#941 = EDGE_CURVE('',#906,#935,#942,.T.);
#942 = LINE('',#943,#944);
#943 = CARTESIAN_POINT('',(-0.608243103516,1.359121551758,1.2));
#944 = VECTOR('',#945,1.);
#945 = DIRECTION('',(0.707106781187,0.707106781187,0.));
#946 = ORIENTED_EDGE('',*,*,#905,.F.);
#947 = B_SPLINE_SURFACE_WITH_KNOTS('',1,1,(
    (#948,#949)
    ,(#950,#951
    )),.UNSPECIFIED.,.F.,.F.,.F.,(2,2),(2,2),(0.,0.116672618896),(0.,1.)
  ,.PIECEWISE_BEZIER_KNOTS.);
#948 = CARTESIAN_POINT('',(-0.675,1.3925,0.725));
#949 = CARTESIAN_POINT('',(-0.608243103516,1.359121551758,1.2));
#950 = CARTESIAN_POINT('',(-0.5925,1.475,0.725));
#951 = CARTESIAN_POINT('',(-0.559121551758,1.408243103516,1.2));
#952 = ADVANCED_FACE('',(#953),#970,.F.);
#953 = FACE_BOUND('',#954,.F.);
#954 = EDGE_LOOP('',(#955,#956,#963,#969));
#955 = ORIENTED_EDGE('',*,*,#501,.T.);
#956 = ORIENTED_EDGE('',*,*,#957,.T.);
#957 = EDGE_CURVE('',#494,#958,#960,.T.);
#958 = VERTEX_POINT('',#959);
#959 = CARTESIAN_POINT('',(0.559121551758,1.408243103516,1.2));
#960 = B_SPLINE_CURVE_WITH_KNOTS('',1,(#961,#962),.UNSPECIFIED.,.F.,.F.,
  (2,2),(0.,1.),.PIECEWISE_BEZIER_KNOTS.);
#961 = CARTESIAN_POINT('',(0.5925,1.475,0.725));
#962 = CARTESIAN_POINT('',(0.559121551758,1.408243103516,1.2));
#963 = ORIENTED_EDGE('',*,*,#964,.F.);
#964 = EDGE_CURVE('',#935,#958,#965,.T.);
#965 = LINE('',#966,#967);
#966 = CARTESIAN_POINT('',(-0.559121551758,1.408243103516,1.2));
#967 = VECTOR('',#968,1.);
#968 = DIRECTION('',(1.,1.110223024625E-16,0.));
#969 = ORIENTED_EDGE('',*,*,#934,.F.);
#970 = B_SPLINE_SURFACE_WITH_KNOTS('',1,1,(
    (#971,#972)
    ,(#973,#974
    )),.UNSPECIFIED.,.F.,.F.,.F.,(2,2),(2,2),(0.,1.185),(0.,1.),
  .PIECEWISE_BEZIER_KNOTS.);
#971 = CARTESIAN_POINT('',(-0.5925,1.475,0.725));
#972 = CARTESIAN_POINT('',(-0.559121551758,1.408243103516,1.2));
#973 = CARTESIAN_POINT('',(0.5925,1.475,0.725));
#974 = CARTESIAN_POINT('',(0.559121551758,1.408243103516,1.2));
#975 = ADVANCED_FACE('',(#976),#993,.F.);
#976 = FACE_BOUND('',#977,.F.);
#977 = EDGE_LOOP('',(#978,#979,#986,#992));
#978 = ORIENTED_EDGE('',*,*,#493,.T.);
#979 = ORIENTED_EDGE('',*,*,#980,.T.);
#980 = EDGE_CURVE('',#486,#981,#983,.T.);
#981 = VERTEX_POINT('',#982);
#982 = CARTESIAN_POINT('',(0.608243103516,1.359121551758,1.2));
#983 = B_SPLINE_CURVE_WITH_KNOTS('',1,(#984,#985),.UNSPECIFIED.,.F.,.F.,
  (2,2),(0.,1.),.PIECEWISE_BEZIER_KNOTS.);
#984 = CARTESIAN_POINT('',(0.675,1.3925,0.725));
#985 = CARTESIAN_POINT('',(0.608243103516,1.359121551758,1.2));
#986 = ORIENTED_EDGE('',*,*,#987,.F.);
#987 = EDGE_CURVE('',#958,#981,#988,.T.);
#988 = LINE('',#989,#990);
#989 = CARTESIAN_POINT('',(0.559121551758,1.408243103516,1.2));
#990 = VECTOR('',#991,1.);
#991 = DIRECTION('',(0.707106781187,-0.707106781187,0.));
#992 = ORIENTED_EDGE('',*,*,#957,.F.);
#993 = B_SPLINE_SURFACE_WITH_KNOTS('',1,1,(
    (#994,#995)
    ,(#996,#997
    )),.UNSPECIFIED.,.F.,.F.,.F.,(2,2),(2,2),(0.,0.116672618896),(0.,1.)
  ,.PIECEWISE_BEZIER_KNOTS.);
#994 = CARTESIAN_POINT('',(0.5925,1.475,0.725));
#995 = CARTESIAN_POINT('',(0.559121551758,1.408243103516,1.2));
#996 = CARTESIAN_POINT('',(0.675,1.3925,0.725));
#997 = CARTESIAN_POINT('',(0.608243103516,1.359121551758,1.2));
#998 = ADVANCED_FACE('',(#999),#1032,.F.);
#999 = FACE_BOUND('',#1000,.F.);
#1000 = EDGE_LOOP('',(#1001,#1002,#1010,#1018,#1025,#1031));
#1001 = ORIENTED_EDGE('',*,*,#485,.T.);
#1002 = ORIENTED_EDGE('',*,*,#1003,.T.);
#1003 = EDGE_CURVE('',#478,#1004,#1006,.T.);
#1004 = VERTEX_POINT('',#1005);
#1005 = CARTESIAN_POINT('',(0.675,-0.2,0.725));
#1006 = LINE('',#1007,#1008);
#1007 = CARTESIAN_POINT('',(0.675,1.3925,0.725));
#1008 = VECTOR('',#1009,1.);
#1009 = DIRECTION('',(1.110223024625E-16,-1.,0.));
#1010 = ORIENTED_EDGE('',*,*,#1011,.T.);
#1011 = EDGE_CURVE('',#1004,#1012,#1014,.T.);
#1012 = VERTEX_POINT('',#1013);
#1013 = CARTESIAN_POINT('',(0.675,-1.3925,0.725));
#1014 = LINE('',#1015,#1016);
#1015 = CARTESIAN_POINT('',(0.675,1.3925,0.725));
#1016 = VECTOR('',#1017,1.);
#1017 = DIRECTION('',(1.110223024625E-16,-1.,0.));
#1018 = ORIENTED_EDGE('',*,*,#1019,.T.);
#1019 = EDGE_CURVE('',#1012,#1020,#1022,.T.);
#1020 = VERTEX_POINT('',#1021);
#1021 = CARTESIAN_POINT('',(0.608243103516,-1.359121551758,1.2));
#1022 = B_SPLINE_CURVE_WITH_KNOTS('',1,(#1023,#1024),.UNSPECIFIED.,.F.,
  .F.,(2,2),(0.,1.),.PIECEWISE_BEZIER_KNOTS.);
#1023 = CARTESIAN_POINT('',(0.675,-1.3925,0.725));
#1024 = CARTESIAN_POINT('',(0.608243103516,-1.359121551758,1.2));
#1025 = ORIENTED_EDGE('',*,*,#1026,.F.);
#1026 = EDGE_CURVE('',#981,#1020,#1027,.T.);
#1027 = LINE('',#1028,#1029);
#1028 = CARTESIAN_POINT('',(0.608243103516,1.359121551758,1.2));
#1029 = VECTOR('',#1030,1.);
#1030 = DIRECTION('',(1.110223024625E-16,-1.,0.));
#1031 = ORIENTED_EDGE('',*,*,#980,.F.);
#1032 = B_SPLINE_SURFACE_WITH_KNOTS('',1,1,(
    (#1033,#1034)
    ,(#1035,#1036
    )),.UNSPECIFIED.,.F.,.F.,.F.,(2,2),(2,2),(0.,2.785),(0.,1.),
  .PIECEWISE_BEZIER_KNOTS.);
#1033 = CARTESIAN_POINT('',(0.675,1.3925,0.725));
#1034 = CARTESIAN_POINT('',(0.608243103516,1.359121551758,1.2));
#1035 = CARTESIAN_POINT('',(0.675,-1.3925,0.725));
#1036 = CARTESIAN_POINT('',(0.608243103516,-1.359121551758,1.2));
#1037 = ADVANCED_FACE('',(#1038),#1054,.F.);
#1038 = FACE_BOUND('',#1039,.F.);
#1039 = EDGE_LOOP('',(#1040,#1041,#1047,#1053));
#1040 = ORIENTED_EDGE('',*,*,#477,.F.);
#1041 = ORIENTED_EDGE('',*,*,#1042,.T.);
#1042 = EDGE_CURVE('',#470,#758,#1043,.T.);
#1043 = LINE('',#1044,#1045);
#1044 = CARTESIAN_POINT('',(0.7,0.2,0.725));
#1045 = VECTOR('',#1046,1.);
#1046 = DIRECTION('',(1.110223024625E-16,-1.,0.));
#1047 = ORIENTED_EDGE('',*,*,#1048,.T.);
#1048 = EDGE_CURVE('',#758,#1004,#1049,.T.);
#1049 = LINE('',#1050,#1051);
#1050 = CARTESIAN_POINT('',(0.7,-0.2,0.725));
#1051 = VECTOR('',#1052,1.);
#1052 = DIRECTION('',(-1.,-1.110223024625E-16,0.));
#1053 = ORIENTED_EDGE('',*,*,#1003,.F.);
#1054 = PLANE('',#1055);
#1055 = AXIS2_PLACEMENT_3D('',#1056,#1057,#1058);
#1056 = CARTESIAN_POINT('',(0.7,0.2,0.725));
#1057 = DIRECTION('',(0.,0.,-1.));
#1058 = DIRECTION('',(-1.,-1.110223024625E-16,-0.));
#1059 = ADVANCED_FACE('',(#1060),#1098,.F.);
#1060 = FACE_BOUND('',#1061,.F.);
#1061 = EDGE_LOOP('',(#1062,#1063,#1064,#1065,#1066,#1067,#1068,#1074,
    #1075,#1083,#1091,#1097));
#1062 = ORIENTED_EDGE('',*,*,#1048,.F.);
#1063 = ORIENTED_EDGE('',*,*,#773,.T.);
#1064 = ORIENTED_EDGE('',*,*,#818,.T.);
#1065 = ORIENTED_EDGE('',*,*,#835,.T.);
#1066 = ORIENTED_EDGE('',*,*,#789,.T.);
#1067 = ORIENTED_EDGE('',*,*,#579,.T.);
#1068 = ORIENTED_EDGE('',*,*,#1069,.T.);
#1069 = EDGE_CURVE('',#572,#882,#1070,.T.);
#1070 = LINE('',#1071,#1072);
#1071 = CARTESIAN_POINT('',(-0.7,-1.15,0.725));
#1072 = VECTOR('',#1073,1.);
#1073 = DIRECTION('',(1.,-1.144237745222E-17,0.));
#1074 = ORIENTED_EDGE('',*,*,#879,.F.);
#1075 = ORIENTED_EDGE('',*,*,#1076,.F.);
#1076 = EDGE_CURVE('',#1077,#880,#1079,.T.);
#1077 = VERTEX_POINT('',#1078);
#1078 = CARTESIAN_POINT('',(-0.5925,-1.475,0.725));
#1079 = LINE('',#1080,#1081);
#1080 = CARTESIAN_POINT('',(-0.5925,-1.475,0.725));
#1081 = VECTOR('',#1082,1.);
#1082 = DIRECTION('',(-0.707106781187,0.707106781187,0.));
#1083 = ORIENTED_EDGE('',*,*,#1084,.F.);
#1084 = EDGE_CURVE('',#1085,#1077,#1087,.T.);
#1085 = VERTEX_POINT('',#1086);
#1086 = CARTESIAN_POINT('',(0.5925,-1.475,0.725));
#1087 = LINE('',#1088,#1089);
#1088 = CARTESIAN_POINT('',(0.5925,-1.475,0.725));
#1089 = VECTOR('',#1090,1.);
#1090 = DIRECTION('',(-1.,-1.110223024625E-16,0.));
#1091 = ORIENTED_EDGE('',*,*,#1092,.F.);
#1092 = EDGE_CURVE('',#1012,#1085,#1093,.T.);
#1093 = LINE('',#1094,#1095);
#1094 = CARTESIAN_POINT('',(0.675,-1.3925,0.725));
#1095 = VECTOR('',#1096,1.);
#1096 = DIRECTION('',(-0.707106781187,-0.707106781187,0.));
#1097 = ORIENTED_EDGE('',*,*,#1011,.F.);
#1098 = PLANE('',#1099);
#1099 = AXIS2_PLACEMENT_3D('',#1100,#1101,#1102);
#1100 = CARTESIAN_POINT('',(-1.486299604971E-16,1.4875,0.725));
#1101 = DIRECTION('',(1.022886882533E-31,-6.310887241768E-27,-1.));
#1102 = DIRECTION('',(1.,1.217738924546E-16,1.022886882525E-31));
#1103 = ADVANCED_FACE('',(#1104),#1173,.F.);
#1104 = FACE_BOUND('',#1105,.F.);
#1105 = EDGE_LOOP('',(#1106,#1107,#1108,#1116,#1125,#1133,#1141,#1149,
    #1158,#1166));
#1106 = ORIENTED_EDGE('',*,*,#571,.F.);
#1107 = ORIENTED_EDGE('',*,*,#611,.T.);
#1108 = ORIENTED_EDGE('',*,*,#1109,.T.);
#1109 = EDGE_CURVE('',#604,#1110,#1112,.T.);
#1110 = VERTEX_POINT('',#1111);
#1111 = CARTESIAN_POINT('',(-0.843471632406,-1.15,0.206587955583));
#1112 = LINE('',#1113,#1114);
#1113 = CARTESIAN_POINT('',(-0.798480775301,-1.15,0.492364817767));
#1114 = VECTOR('',#1115,1.);
#1115 = DIRECTION('',(-0.155518033909,1.779496044609E-18,-0.987833053268
    ));
#1116 = ORIENTED_EDGE('',*,*,#1117,.T.);
#1117 = EDGE_CURVE('',#1110,#1118,#1120,.T.);
#1118 = VERTEX_POINT('',#1119);
#1119 = CARTESIAN_POINT('',(-1.089673570659,-1.15,5.551115123126E-17));
#1120 = CIRCLE('',#1121,0.25);
#1121 = AXIS2_PLACEMENT_3D('',#1122,#1123,#1124);
#1122 = CARTESIAN_POINT('',(-1.089673570659,-1.15,0.25));
#1123 = DIRECTION('',(1.144237745222E-17,1.,3.851859888774E-34));
#1124 = DIRECTION('',(0.984807753012,-1.126854202784E-17,-0.173648177667
    ));
#1125 = ORIENTED_EDGE('',*,*,#1126,.T.);
#1126 = EDGE_CURVE('',#1118,#1127,#1129,.T.);
#1127 = VERTEX_POINT('',#1128);
#1128 = CARTESIAN_POINT('',(-1.25,-1.15,5.551115123126E-17));
#1129 = LINE('',#1130,#1131);
#1130 = CARTESIAN_POINT('',(-1.089673570659,-1.15,5.551115123126E-17));
#1131 = VECTOR('',#1132,1.);
#1132 = DIRECTION('',(-1.,1.144237745222E-17,0.));
#1133 = ORIENTED_EDGE('',*,*,#1134,.T.);
#1134 = EDGE_CURVE('',#1127,#1135,#1137,.T.);
#1135 = VERTEX_POINT('',#1136);
#1136 = CARTESIAN_POINT('',(-1.25,-1.15,0.15));
#1137 = LINE('',#1138,#1139);
#1138 = CARTESIAN_POINT('',(-1.25,-1.15,5.551115123126E-17));
#1139 = VECTOR('',#1140,1.);
#1140 = DIRECTION('',(0.,0.,1.));
#1141 = ORIENTED_EDGE('',*,*,#1142,.T.);
#1142 = EDGE_CURVE('',#1135,#1143,#1145,.T.);
#1143 = VERTEX_POINT('',#1144);
#1144 = CARTESIAN_POINT('',(-1.089673570659,-1.15,0.15));
#1145 = LINE('',#1146,#1147);
#1146 = CARTESIAN_POINT('',(-1.25,-1.15,0.15));
#1147 = VECTOR('',#1148,1.);
#1148 = DIRECTION('',(1.,-1.144237745222E-17,0.));
#1149 = ORIENTED_EDGE('',*,*,#1150,.T.);
#1150 = EDGE_CURVE('',#1143,#1151,#1153,.T.);
#1151 = VERTEX_POINT('',#1152);
#1152 = CARTESIAN_POINT('',(-0.991192795358,-1.15,0.232635182233));
#1153 = CIRCLE('',#1154,0.1);
#1154 = AXIS2_PLACEMENT_3D('',#1155,#1156,#1157);
#1155 = CARTESIAN_POINT('',(-1.089673570659,-1.15,0.25));
#1156 = DIRECTION('',(-1.144237745222E-17,-1.,1.094764425254E-47));
#1157 = DIRECTION('',(-2.22044604925E-15,2.540718180781E-32,-1.));
#1158 = ORIENTED_EDGE('',*,*,#1159,.T.);
#1159 = EDGE_CURVE('',#1151,#1160,#1162,.T.);
#1160 = VERTEX_POINT('',#1161);
#1161 = CARTESIAN_POINT('',(-0.946201938253,-1.15,0.518412044417));
#1162 = LINE('',#1163,#1164);
#1163 = CARTESIAN_POINT('',(-0.991192795358,-1.15,0.232635182233));
#1164 = VECTOR('',#1165,1.);
#1165 = DIRECTION('',(0.155518033909,-1.779496044609E-18,0.987833053268)
  );
#1166 = ORIENTED_EDGE('',*,*,#1167,.T.);
#1167 = EDGE_CURVE('',#1160,#572,#1168,.T.);
#1168 = CIRCLE('',#1169,0.25);
#1169 = AXIS2_PLACEMENT_3D('',#1170,#1171,#1172);
#1170 = CARTESIAN_POINT('',(-0.7,-1.15,0.475));
#1171 = DIRECTION('',(1.144237745222E-17,1.,0.));
#1172 = DIRECTION('',(-0.984807753012,1.126854202784E-17,0.173648177667)
  );
#1173 = PLANE('',#1174);
#1174 = AXIS2_PLACEMENT_3D('',#1175,#1176,#1177);
#1175 = CARTESIAN_POINT('',(-0.931323080229,-1.15,0.33452717391));
#1176 = DIRECTION('',(1.144237745222E-17,1.,0.));
#1177 = DIRECTION('',(0.,-0.,1.));
#1178 = ADVANCED_FACE('',(#1179),#1197,.F.);
#1179 = FACE_BOUND('',#1180,.F.);
#1180 = EDGE_LOOP('',(#1181,#1182,#1190,#1196));
#1181 = ORIENTED_EDGE('',*,*,#603,.T.);
#1182 = ORIENTED_EDGE('',*,*,#1183,.T.);
#1183 = EDGE_CURVE('',#595,#1184,#1186,.T.);
#1184 = VERTEX_POINT('',#1185);
#1185 = CARTESIAN_POINT('',(-0.843471632406,-0.75,0.206587955583));
#1186 = LINE('',#1187,#1188);
#1187 = CARTESIAN_POINT('',(-0.798480775301,-0.75,0.492364817767));
#1188 = VECTOR('',#1189,1.);
#1189 = DIRECTION('',(-0.155518033909,1.779496044609E-18,-0.987833053268
    ));
#1190 = ORIENTED_EDGE('',*,*,#1191,.F.);
#1191 = EDGE_CURVE('',#1110,#1184,#1192,.T.);
#1192 = LINE('',#1193,#1194);
#1193 = CARTESIAN_POINT('',(-0.843471632406,-1.15,0.206587955583));
#1194 = VECTOR('',#1195,1.);
#1195 = DIRECTION('',(1.144237745222E-17,1.,0.));
#1196 = ORIENTED_EDGE('',*,*,#1109,.F.);
#1197 = PLANE('',#1198);
#1198 = AXIS2_PLACEMENT_3D('',#1199,#1200,#1201);
#1199 = CARTESIAN_POINT('',(-0.798480775301,-1.15,0.492364817767));
#1200 = DIRECTION('',(-0.987833053268,1.130315865527E-17,0.155518033909)
  );
#1201 = DIRECTION('',(-0.155518033909,1.779496044609E-18,-0.987833053268
    ));
#1202 = ADVANCED_FACE('',(#1203),#1265,.T.);
#1203 = FACE_BOUND('',#1204,.T.);
#1204 = EDGE_LOOP('',(#1205,#1206,#1207,#1208,#1217,#1225,#1233,#1241,
    #1250,#1258));
#1205 = ORIENTED_EDGE('',*,*,#626,.F.);
#1206 = ORIENTED_EDGE('',*,*,#594,.T.);
#1207 = ORIENTED_EDGE('',*,*,#1183,.T.);
#1208 = ORIENTED_EDGE('',*,*,#1209,.T.);
#1209 = EDGE_CURVE('',#1184,#1210,#1212,.T.);
#1210 = VERTEX_POINT('',#1211);
#1211 = CARTESIAN_POINT('',(-1.089673570659,-0.75,5.551115123126E-17));
#1212 = CIRCLE('',#1213,0.25);
#1213 = AXIS2_PLACEMENT_3D('',#1214,#1215,#1216);
#1214 = CARTESIAN_POINT('',(-1.089673570659,-0.75,0.25));
#1215 = DIRECTION('',(1.144237745222E-17,1.,3.851859888774E-34));
#1216 = DIRECTION('',(0.984807753012,-1.126854202784E-17,-0.173648177667
    ));
#1217 = ORIENTED_EDGE('',*,*,#1218,.T.);
#1218 = EDGE_CURVE('',#1210,#1219,#1221,.T.);
#1219 = VERTEX_POINT('',#1220);
#1220 = CARTESIAN_POINT('',(-1.25,-0.75,5.551115123126E-17));
#1221 = LINE('',#1222,#1223);
#1222 = CARTESIAN_POINT('',(-1.089673570659,-0.75,5.551115123126E-17));
#1223 = VECTOR('',#1224,1.);
#1224 = DIRECTION('',(-1.,1.144237745222E-17,0.));
#1225 = ORIENTED_EDGE('',*,*,#1226,.T.);
#1226 = EDGE_CURVE('',#1219,#1227,#1229,.T.);
#1227 = VERTEX_POINT('',#1228);
#1228 = CARTESIAN_POINT('',(-1.25,-0.75,0.15));
#1229 = LINE('',#1230,#1231);
#1230 = CARTESIAN_POINT('',(-1.25,-0.75,5.551115123126E-17));
#1231 = VECTOR('',#1232,1.);
#1232 = DIRECTION('',(0.,0.,1.));
#1233 = ORIENTED_EDGE('',*,*,#1234,.T.);
#1234 = EDGE_CURVE('',#1227,#1235,#1237,.T.);
#1235 = VERTEX_POINT('',#1236);
#1236 = CARTESIAN_POINT('',(-1.089673570659,-0.75,0.15));
#1237 = LINE('',#1238,#1239);
#1238 = CARTESIAN_POINT('',(-1.25,-0.75,0.15));
#1239 = VECTOR('',#1240,1.);
#1240 = DIRECTION('',(1.,-1.144237745222E-17,0.));
#1241 = ORIENTED_EDGE('',*,*,#1242,.T.);
#1242 = EDGE_CURVE('',#1235,#1243,#1245,.T.);
#1243 = VERTEX_POINT('',#1244);
#1244 = CARTESIAN_POINT('',(-0.991192795358,-0.75,0.232635182233));
#1245 = CIRCLE('',#1246,0.1);
#1246 = AXIS2_PLACEMENT_3D('',#1247,#1248,#1249);
#1247 = CARTESIAN_POINT('',(-1.089673570659,-0.75,0.25));
#1248 = DIRECTION('',(-1.144237745222E-17,-1.,1.094764425254E-47));
#1249 = DIRECTION('',(-2.22044604925E-15,2.540718180781E-32,-1.));
#1250 = ORIENTED_EDGE('',*,*,#1251,.T.);
#1251 = EDGE_CURVE('',#1243,#1252,#1254,.T.);
#1252 = VERTEX_POINT('',#1253);
#1253 = CARTESIAN_POINT('',(-0.946201938253,-0.75,0.518412044417));
#1254 = LINE('',#1255,#1256);
#1255 = CARTESIAN_POINT('',(-0.991192795358,-0.75,0.232635182233));
#1256 = VECTOR('',#1257,1.);
#1257 = DIRECTION('',(0.155518033909,-1.779496044609E-18,0.987833053268)
  );
#1258 = ORIENTED_EDGE('',*,*,#1259,.T.);
#1259 = EDGE_CURVE('',#1252,#627,#1260,.T.);
#1260 = CIRCLE('',#1261,0.25);
#1261 = AXIS2_PLACEMENT_3D('',#1262,#1263,#1264);
#1262 = CARTESIAN_POINT('',(-0.7,-0.75,0.475));
#1263 = DIRECTION('',(1.144237745222E-17,1.,0.));
#1264 = DIRECTION('',(-0.984807753012,1.126854202784E-17,0.173648177667)
  );
#1265 = PLANE('',#1266);
#1266 = AXIS2_PLACEMENT_3D('',#1267,#1268,#1269);
#1267 = CARTESIAN_POINT('',(-0.931323080229,-0.75,0.33452717391));
#1268 = DIRECTION('',(1.144237745222E-17,1.,0.));
#1269 = DIRECTION('',(0.,-0.,1.));
#1270 = ADVANCED_FACE('',(#1271),#1282,.F.);
#1271 = FACE_BOUND('',#1272,.F.);
#1272 = EDGE_LOOP('',(#1273,#1274,#1275,#1276));
#1273 = ORIENTED_EDGE('',*,*,#643,.T.);
#1274 = ORIENTED_EDGE('',*,*,#850,.T.);
#1275 = ORIENTED_EDGE('',*,*,#897,.F.);
#1276 = ORIENTED_EDGE('',*,*,#1277,.F.);
#1277 = EDGE_CURVE('',#627,#890,#1278,.T.);
#1278 = LINE('',#1279,#1280);
#1279 = CARTESIAN_POINT('',(-0.7,-0.75,0.725));
#1280 = VECTOR('',#1281,1.);
#1281 = DIRECTION('',(1.,-1.144237745222E-17,0.));
#1282 = PLANE('',#1283);
#1283 = AXIS2_PLACEMENT_3D('',#1284,#1285,#1286);
#1284 = CARTESIAN_POINT('',(-1.486299604971E-16,1.4875,0.725));
#1285 = DIRECTION('',(1.022886882533E-31,-6.310887241768E-27,-1.));
#1286 = DIRECTION('',(1.,1.217738924546E-16,1.022886882525E-31));
#1287 = ADVANCED_FACE('',(#1288),#1357,.F.);
#1288 = FACE_BOUND('',#1289,.F.);
#1289 = EDGE_LOOP('',(#1290,#1291,#1292,#1300,#1309,#1317,#1325,#1333,
    #1342,#1350));
#1290 = ORIENTED_EDGE('',*,*,#635,.F.);
#1291 = ORIENTED_EDGE('',*,*,#675,.T.);
#1292 = ORIENTED_EDGE('',*,*,#1293,.T.);
#1293 = EDGE_CURVE('',#668,#1294,#1296,.T.);
#1294 = VERTEX_POINT('',#1295);
#1295 = CARTESIAN_POINT('',(-0.843471632406,0.75,0.206587955583));
#1296 = LINE('',#1297,#1298);
#1297 = CARTESIAN_POINT('',(-0.798480775301,0.75,0.492364817767));
#1298 = VECTOR('',#1299,1.);
#1299 = DIRECTION('',(-0.155518033909,1.779496044609E-18,-0.987833053268
    ));
#1300 = ORIENTED_EDGE('',*,*,#1301,.T.);
#1301 = EDGE_CURVE('',#1294,#1302,#1304,.T.);
#1302 = VERTEX_POINT('',#1303);
#1303 = CARTESIAN_POINT('',(-1.089673570659,0.75,5.551115123126E-17));
#1304 = CIRCLE('',#1305,0.25);
#1305 = AXIS2_PLACEMENT_3D('',#1306,#1307,#1308);
#1306 = CARTESIAN_POINT('',(-1.089673570659,0.75,0.25));
#1307 = DIRECTION('',(1.144237745222E-17,1.,3.851859888774E-34));
#1308 = DIRECTION('',(0.984807753012,-1.126854202784E-17,-0.173648177667
    ));
#1309 = ORIENTED_EDGE('',*,*,#1310,.T.);
#1310 = EDGE_CURVE('',#1302,#1311,#1313,.T.);
#1311 = VERTEX_POINT('',#1312);
#1312 = CARTESIAN_POINT('',(-1.25,0.75,5.551115123126E-17));
#1313 = LINE('',#1314,#1315);
#1314 = CARTESIAN_POINT('',(-1.089673570659,0.75,5.551115123126E-17));
#1315 = VECTOR('',#1316,1.);
#1316 = DIRECTION('',(-1.,1.144237745222E-17,0.));
#1317 = ORIENTED_EDGE('',*,*,#1318,.T.);
#1318 = EDGE_CURVE('',#1311,#1319,#1321,.T.);
#1319 = VERTEX_POINT('',#1320);
#1320 = CARTESIAN_POINT('',(-1.25,0.75,0.15));
#1321 = LINE('',#1322,#1323);
#1322 = CARTESIAN_POINT('',(-1.25,0.75,5.551115123126E-17));
#1323 = VECTOR('',#1324,1.);
#1324 = DIRECTION('',(0.,0.,1.));
#1325 = ORIENTED_EDGE('',*,*,#1326,.T.);
#1326 = EDGE_CURVE('',#1319,#1327,#1329,.T.);
#1327 = VERTEX_POINT('',#1328);
#1328 = CARTESIAN_POINT('',(-1.089673570659,0.75,0.15));
#1329 = LINE('',#1330,#1331);
#1330 = CARTESIAN_POINT('',(-1.25,0.75,0.15));
#1331 = VECTOR('',#1332,1.);
#1332 = DIRECTION('',(1.,-1.144237745222E-17,0.));
#1333 = ORIENTED_EDGE('',*,*,#1334,.T.);
#1334 = EDGE_CURVE('',#1327,#1335,#1337,.T.);
#1335 = VERTEX_POINT('',#1336);
#1336 = CARTESIAN_POINT('',(-0.991192795358,0.75,0.232635182233));
#1337 = CIRCLE('',#1338,0.1);
#1338 = AXIS2_PLACEMENT_3D('',#1339,#1340,#1341);
#1339 = CARTESIAN_POINT('',(-1.089673570659,0.75,0.25));
#1340 = DIRECTION('',(-1.144237745222E-17,-1.,1.094764425254E-47));
#1341 = DIRECTION('',(-2.22044604925E-15,2.540718180781E-32,-1.));
#1342 = ORIENTED_EDGE('',*,*,#1343,.T.);
#1343 = EDGE_CURVE('',#1335,#1344,#1346,.T.);
#1344 = VERTEX_POINT('',#1345);
#1345 = CARTESIAN_POINT('',(-0.946201938253,0.75,0.518412044417));
#1346 = LINE('',#1347,#1348);
#1347 = CARTESIAN_POINT('',(-0.991192795358,0.75,0.232635182233));
#1348 = VECTOR('',#1349,1.);
#1349 = DIRECTION('',(0.155518033909,-1.779496044609E-18,0.987833053268)
  );
#1350 = ORIENTED_EDGE('',*,*,#1351,.T.);
#1351 = EDGE_CURVE('',#1344,#636,#1352,.T.);
#1352 = CIRCLE('',#1353,0.25);
#1353 = AXIS2_PLACEMENT_3D('',#1354,#1355,#1356);
#1354 = CARTESIAN_POINT('',(-0.7,0.75,0.475));
#1355 = DIRECTION('',(1.144237745222E-17,1.,0.));
#1356 = DIRECTION('',(-0.984807753012,1.126854202784E-17,0.173648177667)
  );
#1357 = PLANE('',#1358);
#1358 = AXIS2_PLACEMENT_3D('',#1359,#1360,#1361);
#1359 = CARTESIAN_POINT('',(-0.931323080229,0.75,0.33452717391));
#1360 = DIRECTION('',(1.144237745222E-17,1.,0.));
#1361 = DIRECTION('',(0.,-0.,1.));
#1362 = ADVANCED_FACE('',(#1363),#1381,.F.);
#1363 = FACE_BOUND('',#1364,.F.);
#1364 = EDGE_LOOP('',(#1365,#1366,#1374,#1380));
#1365 = ORIENTED_EDGE('',*,*,#667,.T.);
#1366 = ORIENTED_EDGE('',*,*,#1367,.T.);
#1367 = EDGE_CURVE('',#659,#1368,#1370,.T.);
#1368 = VERTEX_POINT('',#1369);
#1369 = CARTESIAN_POINT('',(-0.843471632406,1.15,0.206587955583));
#1370 = LINE('',#1371,#1372);
#1371 = CARTESIAN_POINT('',(-0.798480775301,1.15,0.492364817767));
#1372 = VECTOR('',#1373,1.);
#1373 = DIRECTION('',(-0.155518033909,1.779496044609E-18,-0.987833053268
    ));
#1374 = ORIENTED_EDGE('',*,*,#1375,.F.);
#1375 = EDGE_CURVE('',#1294,#1368,#1376,.T.);
#1376 = LINE('',#1377,#1378);
#1377 = CARTESIAN_POINT('',(-0.843471632406,0.75,0.206587955583));
#1378 = VECTOR('',#1379,1.);
#1379 = DIRECTION('',(1.144237745222E-17,1.,0.));
#1380 = ORIENTED_EDGE('',*,*,#1293,.F.);
#1381 = PLANE('',#1382);
#1382 = AXIS2_PLACEMENT_3D('',#1383,#1384,#1385);
#1383 = CARTESIAN_POINT('',(-0.798480775301,0.75,0.492364817767));
#1384 = DIRECTION('',(-0.987833053268,1.130315865527E-17,0.155518033909)
  );
#1385 = DIRECTION('',(-0.155518033909,1.779496044609E-18,-0.987833053268
    ));
#1386 = ADVANCED_FACE('',(#1387),#1449,.T.);
#1387 = FACE_BOUND('',#1388,.T.);
#1388 = EDGE_LOOP('',(#1389,#1390,#1391,#1392,#1401,#1409,#1417,#1425,
    #1434,#1442));
#1389 = ORIENTED_EDGE('',*,*,#690,.F.);
#1390 = ORIENTED_EDGE('',*,*,#658,.T.);
#1391 = ORIENTED_EDGE('',*,*,#1367,.T.);
#1392 = ORIENTED_EDGE('',*,*,#1393,.T.);
#1393 = EDGE_CURVE('',#1368,#1394,#1396,.T.);
#1394 = VERTEX_POINT('',#1395);
#1395 = CARTESIAN_POINT('',(-1.089673570659,1.15,5.551115123126E-17));
#1396 = CIRCLE('',#1397,0.25);
#1397 = AXIS2_PLACEMENT_3D('',#1398,#1399,#1400);
#1398 = CARTESIAN_POINT('',(-1.089673570659,1.15,0.25));
#1399 = DIRECTION('',(1.144237745222E-17,1.,3.851859888774E-34));
#1400 = DIRECTION('',(0.984807753012,-1.126854202784E-17,-0.173648177667
    ));
#1401 = ORIENTED_EDGE('',*,*,#1402,.T.);
#1402 = EDGE_CURVE('',#1394,#1403,#1405,.T.);
#1403 = VERTEX_POINT('',#1404);
#1404 = CARTESIAN_POINT('',(-1.25,1.15,5.551115123126E-17));
#1405 = LINE('',#1406,#1407);
#1406 = CARTESIAN_POINT('',(-1.089673570659,1.15,5.551115123126E-17));
#1407 = VECTOR('',#1408,1.);
#1408 = DIRECTION('',(-1.,1.144237745222E-17,0.));
#1409 = ORIENTED_EDGE('',*,*,#1410,.T.);
#1410 = EDGE_CURVE('',#1403,#1411,#1413,.T.);
#1411 = VERTEX_POINT('',#1412);
#1412 = CARTESIAN_POINT('',(-1.25,1.15,0.15));
#1413 = LINE('',#1414,#1415);
#1414 = CARTESIAN_POINT('',(-1.25,1.15,5.551115123126E-17));
#1415 = VECTOR('',#1416,1.);
#1416 = DIRECTION('',(0.,0.,1.));
#1417 = ORIENTED_EDGE('',*,*,#1418,.T.);
#1418 = EDGE_CURVE('',#1411,#1419,#1421,.T.);
#1419 = VERTEX_POINT('',#1420);
#1420 = CARTESIAN_POINT('',(-1.089673570659,1.15,0.15));
#1421 = LINE('',#1422,#1423);
#1422 = CARTESIAN_POINT('',(-1.25,1.15,0.15));
#1423 = VECTOR('',#1424,1.);
#1424 = DIRECTION('',(1.,-1.144237745222E-17,0.));
#1425 = ORIENTED_EDGE('',*,*,#1426,.T.);
#1426 = EDGE_CURVE('',#1419,#1427,#1429,.T.);
#1427 = VERTEX_POINT('',#1428);
#1428 = CARTESIAN_POINT('',(-0.991192795358,1.15,0.232635182233));
#1429 = CIRCLE('',#1430,0.1);
#1430 = AXIS2_PLACEMENT_3D('',#1431,#1432,#1433);
#1431 = CARTESIAN_POINT('',(-1.089673570659,1.15,0.25));
#1432 = DIRECTION('',(-1.144237745222E-17,-1.,1.094764425254E-47));
#1433 = DIRECTION('',(-2.22044604925E-15,2.540718180781E-32,-1.));
#1434 = ORIENTED_EDGE('',*,*,#1435,.T.);
#1435 = EDGE_CURVE('',#1427,#1436,#1438,.T.);
#1436 = VERTEX_POINT('',#1437);
#1437 = CARTESIAN_POINT('',(-0.946201938253,1.15,0.518412044417));
#1438 = LINE('',#1439,#1440);
#1439 = CARTESIAN_POINT('',(-0.991192795358,1.15,0.232635182233));
#1440 = VECTOR('',#1441,1.);
#1441 = DIRECTION('',(0.155518033909,-1.779496044609E-18,0.987833053268)
  );
#1442 = ORIENTED_EDGE('',*,*,#1443,.T.);
#1443 = EDGE_CURVE('',#1436,#526,#1444,.T.);
#1444 = CIRCLE('',#1445,0.25);
#1445 = AXIS2_PLACEMENT_3D('',#1446,#1447,#1448);
#1446 = CARTESIAN_POINT('',(-0.7,1.15,0.475));
#1447 = DIRECTION('',(1.144237745222E-17,1.,0.));
#1448 = DIRECTION('',(-0.984807753012,1.126854202784E-17,0.173648177667)
  );
#1449 = PLANE('',#1450);
#1450 = AXIS2_PLACEMENT_3D('',#1451,#1452,#1453);
#1451 = CARTESIAN_POINT('',(-0.931323080229,1.15,0.33452717391));
#1452 = DIRECTION('',(1.144237745222E-17,1.,0.));
#1453 = DIRECTION('',(0.,-0.,1.));
#1454 = ADVANCED_FACE('',(#1455),#1524,.F.);
#1455 = FACE_BOUND('',#1456,.F.);
#1456 = EDGE_LOOP('',(#1457,#1458,#1459,#1467,#1476,#1484,#1492,#1500,
    #1509,#1517));
#1457 = ORIENTED_EDGE('',*,*,#709,.F.);
#1458 = ORIENTED_EDGE('',*,*,#742,.T.);
#1459 = ORIENTED_EDGE('',*,*,#1460,.T.);
#1460 = EDGE_CURVE('',#735,#1461,#1463,.T.);
#1461 = VERTEX_POINT('',#1462);
#1462 = CARTESIAN_POINT('',(0.843471632406,0.2,0.206587955583));
#1463 = LINE('',#1464,#1465);
#1464 = CARTESIAN_POINT('',(0.798480775301,0.2,0.492364817767));
#1465 = VECTOR('',#1466,1.);
#1466 = DIRECTION('',(0.155518033909,1.726597019897E-17,-0.987833053268)
  );
#1467 = ORIENTED_EDGE('',*,*,#1468,.T.);
#1468 = EDGE_CURVE('',#1461,#1469,#1471,.T.);
#1469 = VERTEX_POINT('',#1470);
#1470 = CARTESIAN_POINT('',(1.089673570659,0.2,5.551115123126E-17));
#1471 = CIRCLE('',#1472,0.25);
#1472 = AXIS2_PLACEMENT_3D('',#1473,#1474,#1475);
#1473 = CARTESIAN_POINT('',(1.089673570659,0.2,0.25));
#1474 = DIRECTION('',(1.110223024625E-16,-1.,0.));
#1475 = DIRECTION('',(-0.984807753012,-1.093356242223E-16,
    -0.173648177667));
#1476 = ORIENTED_EDGE('',*,*,#1477,.T.);
#1477 = EDGE_CURVE('',#1469,#1478,#1480,.T.);
#1478 = VERTEX_POINT('',#1479);
#1479 = CARTESIAN_POINT('',(1.25,0.2,5.551115123126E-17));
#1480 = LINE('',#1481,#1482);
#1481 = CARTESIAN_POINT('',(1.089673570659,0.2,5.551115123126E-17));
#1482 = VECTOR('',#1483,1.);
#1483 = DIRECTION('',(1.,1.110223024625E-16,0.));
#1484 = ORIENTED_EDGE('',*,*,#1485,.T.);
#1485 = EDGE_CURVE('',#1478,#1486,#1488,.T.);
#1486 = VERTEX_POINT('',#1487);
#1487 = CARTESIAN_POINT('',(1.25,0.2,0.15));
#1488 = LINE('',#1489,#1490);
#1489 = CARTESIAN_POINT('',(1.25,0.2,5.551115123126E-17));
#1490 = VECTOR('',#1491,1.);
#1491 = DIRECTION('',(0.,0.,1.));
#1492 = ORIENTED_EDGE('',*,*,#1493,.T.);
#1493 = EDGE_CURVE('',#1486,#1494,#1496,.T.);
#1494 = VERTEX_POINT('',#1495);
#1495 = CARTESIAN_POINT('',(1.089673570659,0.2,0.15));
#1496 = LINE('',#1497,#1498);
#1497 = CARTESIAN_POINT('',(1.25,0.2,0.15));
#1498 = VECTOR('',#1499,1.);
#1499 = DIRECTION('',(-1.,-1.110223024625E-16,0.));
#1500 = ORIENTED_EDGE('',*,*,#1501,.T.);
#1501 = EDGE_CURVE('',#1494,#1502,#1504,.T.);
#1502 = VERTEX_POINT('',#1503);
#1503 = CARTESIAN_POINT('',(0.991192795358,0.2,0.232635182233));
#1504 = CIRCLE('',#1505,0.1);
#1505 = AXIS2_PLACEMENT_3D('',#1506,#1507,#1508);
#1506 = CARTESIAN_POINT('',(1.089673570659,0.2,0.25));
#1507 = DIRECTION('',(-1.110223024625E-16,1.,0.));
#1508 = DIRECTION('',(2.22044604925E-15,2.465190328815E-31,-1.));
#1509 = ORIENTED_EDGE('',*,*,#1510,.T.);
#1510 = EDGE_CURVE('',#1502,#1511,#1513,.T.);
#1511 = VERTEX_POINT('',#1512);
#1512 = CARTESIAN_POINT('',(0.946201938253,0.2,0.518412044417));
#1513 = LINE('',#1514,#1515);
#1514 = CARTESIAN_POINT('',(0.991192795358,0.2,0.232635182233));
#1515 = VECTOR('',#1516,1.);
#1516 = DIRECTION('',(-0.155518033909,-1.726597019897E-17,0.987833053268
    ));
#1517 = ORIENTED_EDGE('',*,*,#1518,.T.);
#1518 = EDGE_CURVE('',#1511,#470,#1519,.T.);
#1519 = CIRCLE('',#1520,0.25);
#1520 = AXIS2_PLACEMENT_3D('',#1521,#1522,#1523);
#1521 = CARTESIAN_POINT('',(0.7,0.2,0.475));
#1522 = DIRECTION('',(1.110223024625E-16,-1.,0.));
#1523 = DIRECTION('',(0.984807753012,1.093356242223E-16,0.173648177667)
  );
#1524 = PLANE('',#1525);
#1525 = AXIS2_PLACEMENT_3D('',#1526,#1527,#1528);
#1526 = CARTESIAN_POINT('',(0.931323080229,0.2,0.33452717391));
#1527 = DIRECTION('',(1.110223024625E-16,-1.,0.));
#1528 = DIRECTION('',(0.,0.,1.));
#1529 = ADVANCED_FACE('',(#1530),#1548,.F.);
#1530 = FACE_BOUND('',#1531,.F.);
#1531 = EDGE_LOOP('',(#1532,#1533,#1541,#1547));
#1532 = ORIENTED_EDGE('',*,*,#734,.T.);
#1533 = ORIENTED_EDGE('',*,*,#1534,.T.);
#1534 = EDGE_CURVE('',#726,#1535,#1537,.T.);
#1535 = VERTEX_POINT('',#1536);
#1536 = CARTESIAN_POINT('',(0.843471632406,-0.2,0.206587955583));
#1537 = LINE('',#1538,#1539);
#1538 = CARTESIAN_POINT('',(0.798480775301,-0.2,0.492364817767));
#1539 = VECTOR('',#1540,1.);
#1540 = DIRECTION('',(0.155518033909,1.726597019897E-17,-0.987833053268)
  );
#1541 = ORIENTED_EDGE('',*,*,#1542,.F.);
#1542 = EDGE_CURVE('',#1461,#1535,#1543,.T.);
#1543 = LINE('',#1544,#1545);
#1544 = CARTESIAN_POINT('',(0.843471632406,0.2,0.206587955583));
#1545 = VECTOR('',#1546,1.);
#1546 = DIRECTION('',(1.110223024625E-16,-1.,0.));
#1547 = ORIENTED_EDGE('',*,*,#1460,.F.);
#1548 = PLANE('',#1549);
#1549 = AXIS2_PLACEMENT_3D('',#1550,#1551,#1552);
#1550 = CARTESIAN_POINT('',(0.798480775301,0.2,0.492364817767));
#1551 = DIRECTION('',(0.987833053268,1.096715000224E-16,0.155518033909)
  );
#1552 = DIRECTION('',(0.155518033909,1.726597019897E-17,-0.987833053268)
  );
#1553 = ADVANCED_FACE('',(#1554),#1616,.T.);
#1554 = FACE_BOUND('',#1555,.T.);
#1555 = EDGE_LOOP('',(#1556,#1557,#1558,#1559,#1568,#1576,#1584,#1592,
    #1601,#1609));
#1556 = ORIENTED_EDGE('',*,*,#757,.F.);
#1557 = ORIENTED_EDGE('',*,*,#725,.T.);
#1558 = ORIENTED_EDGE('',*,*,#1534,.T.);
#1559 = ORIENTED_EDGE('',*,*,#1560,.T.);
#1560 = EDGE_CURVE('',#1535,#1561,#1563,.T.);
#1561 = VERTEX_POINT('',#1562);
#1562 = CARTESIAN_POINT('',(1.089673570659,-0.2,5.551115123126E-17));
#1563 = CIRCLE('',#1564,0.25);
#1564 = AXIS2_PLACEMENT_3D('',#1565,#1566,#1567);
#1565 = CARTESIAN_POINT('',(1.089673570659,-0.2,0.25));
#1566 = DIRECTION('',(1.110223024625E-16,-1.,0.));
#1567 = DIRECTION('',(-0.984807753012,-1.093356242223E-16,
    -0.173648177667));
#1568 = ORIENTED_EDGE('',*,*,#1569,.T.);
#1569 = EDGE_CURVE('',#1561,#1570,#1572,.T.);
#1570 = VERTEX_POINT('',#1571);
#1571 = CARTESIAN_POINT('',(1.25,-0.2,5.551115123126E-17));
#1572 = LINE('',#1573,#1574);
#1573 = CARTESIAN_POINT('',(1.089673570659,-0.2,5.551115123126E-17));
#1574 = VECTOR('',#1575,1.);
#1575 = DIRECTION('',(1.,1.110223024625E-16,0.));
#1576 = ORIENTED_EDGE('',*,*,#1577,.T.);
#1577 = EDGE_CURVE('',#1570,#1578,#1580,.T.);
#1578 = VERTEX_POINT('',#1579);
#1579 = CARTESIAN_POINT('',(1.25,-0.2,0.15));
#1580 = LINE('',#1581,#1582);
#1581 = CARTESIAN_POINT('',(1.25,-0.2,5.551115123126E-17));
#1582 = VECTOR('',#1583,1.);
#1583 = DIRECTION('',(0.,0.,1.));
#1584 = ORIENTED_EDGE('',*,*,#1585,.T.);
#1585 = EDGE_CURVE('',#1578,#1586,#1588,.T.);
#1586 = VERTEX_POINT('',#1587);
#1587 = CARTESIAN_POINT('',(1.089673570659,-0.2,0.15));
#1588 = LINE('',#1589,#1590);
#1589 = CARTESIAN_POINT('',(1.25,-0.2,0.15));
#1590 = VECTOR('',#1591,1.);
#1591 = DIRECTION('',(-1.,-1.110223024625E-16,0.));
#1592 = ORIENTED_EDGE('',*,*,#1593,.T.);
#1593 = EDGE_CURVE('',#1586,#1594,#1596,.T.);
#1594 = VERTEX_POINT('',#1595);
#1595 = CARTESIAN_POINT('',(0.991192795358,-0.2,0.232635182233));
#1596 = CIRCLE('',#1597,0.1);
#1597 = AXIS2_PLACEMENT_3D('',#1598,#1599,#1600);
#1598 = CARTESIAN_POINT('',(1.089673570659,-0.2,0.25));
#1599 = DIRECTION('',(-1.110223024625E-16,1.,0.));
#1600 = DIRECTION('',(2.22044604925E-15,2.465190328815E-31,-1.));
#1601 = ORIENTED_EDGE('',*,*,#1602,.T.);
#1602 = EDGE_CURVE('',#1594,#1603,#1605,.T.);
#1603 = VERTEX_POINT('',#1604);
#1604 = CARTESIAN_POINT('',(0.946201938253,-0.2,0.518412044417));
#1605 = LINE('',#1606,#1607);
#1606 = CARTESIAN_POINT('',(0.991192795358,-0.2,0.232635182233));
#1607 = VECTOR('',#1608,1.);
#1608 = DIRECTION('',(-0.155518033909,-1.726597019897E-17,0.987833053268
    ));
#1609 = ORIENTED_EDGE('',*,*,#1610,.T.);
#1610 = EDGE_CURVE('',#1603,#758,#1611,.T.);
#1611 = CIRCLE('',#1612,0.25);
#1612 = AXIS2_PLACEMENT_3D('',#1613,#1614,#1615);
#1613 = CARTESIAN_POINT('',(0.7,-0.2,0.475));
#1614 = DIRECTION('',(1.110223024625E-16,-1.,0.));
#1615 = DIRECTION('',(0.984807753012,1.093356242223E-16,0.173648177667)
  );
#1616 = PLANE('',#1617);
#1617 = AXIS2_PLACEMENT_3D('',#1618,#1619,#1620);
#1618 = CARTESIAN_POINT('',(0.931323080229,-0.2,0.33452717391));
#1619 = DIRECTION('',(1.110223024625E-16,-1.,0.));
#1620 = DIRECTION('',(0.,0.,1.));
#1621 = ADVANCED_FACE('',(#1622),#1633,.T.);
#1622 = FACE_BOUND('',#1623,.T.);
#1623 = EDGE_LOOP('',(#1624,#1625,#1626,#1627));
#1624 = ORIENTED_EDGE('',*,*,#1351,.T.);
#1625 = ORIENTED_EDGE('',*,*,#858,.T.);
#1626 = ORIENTED_EDGE('',*,*,#1443,.F.);
#1627 = ORIENTED_EDGE('',*,*,#1628,.F.);
#1628 = EDGE_CURVE('',#1344,#1436,#1629,.T.);
#1629 = LINE('',#1630,#1631);
#1630 = CARTESIAN_POINT('',(-0.946201938253,0.75,0.518412044417));
#1631 = VECTOR('',#1632,1.);
#1632 = DIRECTION('',(1.144237745222E-17,1.,0.));
#1633 = CYLINDRICAL_SURFACE('',#1634,0.25);
#1634 = AXIS2_PLACEMENT_3D('',#1635,#1636,#1637);
#1635 = CARTESIAN_POINT('',(-0.7,0.75,0.475));
#1636 = DIRECTION('',(-1.144237745222E-17,-1.,0.));
#1637 = DIRECTION('',(-0.984807753012,1.126854202784E-17,0.173648177667)
  );
#1638 = ADVANCED_FACE('',(#1639),#1650,.F.);
#1639 = FACE_BOUND('',#1640,.F.);
#1640 = EDGE_LOOP('',(#1641,#1642,#1648,#1649));
#1641 = ORIENTED_EDGE('',*,*,#1069,.F.);
#1642 = ORIENTED_EDGE('',*,*,#1643,.T.);
#1643 = EDGE_CURVE('',#572,#627,#1644,.T.);
#1644 = LINE('',#1645,#1646);
#1645 = CARTESIAN_POINT('',(-0.7,-1.15,0.725));
#1646 = VECTOR('',#1647,1.);
#1647 = DIRECTION('',(1.144237745222E-17,1.,0.));
#1648 = ORIENTED_EDGE('',*,*,#1277,.T.);
#1649 = ORIENTED_EDGE('',*,*,#889,.F.);
#1650 = PLANE('',#1651);
#1651 = AXIS2_PLACEMENT_3D('',#1652,#1653,#1654);
#1652 = CARTESIAN_POINT('',(-0.7,-1.15,0.725));
#1653 = DIRECTION('',(0.,0.,-1.));
#1654 = DIRECTION('',(1.,-1.144237745222E-17,0.));
#1655 = ADVANCED_FACE('',(#1656,#1685),#1696,.T.);
#1656 = FACE_BOUND('',#1657,.T.);
#1657 = EDGE_LOOP('',(#1658,#1659,#1660,#1661,#1669,#1677,#1683,#1684));
#1658 = ORIENTED_EDGE('',*,*,#964,.F.);
#1659 = ORIENTED_EDGE('',*,*,#941,.F.);
#1660 = ORIENTED_EDGE('',*,*,#912,.F.);
#1661 = ORIENTED_EDGE('',*,*,#1662,.F.);
#1662 = EDGE_CURVE('',#1663,#913,#1665,.T.);
#1663 = VERTEX_POINT('',#1664);
#1664 = CARTESIAN_POINT('',(-0.559121551758,-1.408243103516,1.2));
#1665 = LINE('',#1666,#1667);
#1666 = CARTESIAN_POINT('',(-0.559121551758,-1.408243103516,1.2));
#1667 = VECTOR('',#1668,1.);
#1668 = DIRECTION('',(-0.707106781187,0.707106781187,0.));
#1669 = ORIENTED_EDGE('',*,*,#1670,.F.);
#1670 = EDGE_CURVE('',#1671,#1663,#1673,.T.);
#1671 = VERTEX_POINT('',#1672);
#1672 = CARTESIAN_POINT('',(0.559121551758,-1.408243103516,1.2));
#1673 = LINE('',#1674,#1675);
#1674 = CARTESIAN_POINT('',(0.559121551758,-1.408243103516,1.2));
#1675 = VECTOR('',#1676,1.);
#1676 = DIRECTION('',(-1.,-1.110223024625E-16,0.));
#1677 = ORIENTED_EDGE('',*,*,#1678,.F.);
#1678 = EDGE_CURVE('',#1020,#1671,#1679,.T.);
#1679 = LINE('',#1680,#1681);
#1680 = CARTESIAN_POINT('',(0.608243103516,-1.359121551758,1.2));
#1681 = VECTOR('',#1682,1.);
#1682 = DIRECTION('',(-0.707106781187,-0.707106781187,0.));
#1683 = ORIENTED_EDGE('',*,*,#1026,.F.);
#1684 = ORIENTED_EDGE('',*,*,#987,.F.);
#1685 = FACE_BOUND('',#1686,.T.);
#1686 = EDGE_LOOP('',(#1687));
#1687 = ORIENTED_EDGE('',*,*,#1688,.T.);
#1688 = EDGE_CURVE('',#1689,#1689,#1691,.T.);
#1689 = VERTEX_POINT('',#1690);
#1690 = CARTESIAN_POINT('',(-0.428243103516,1.178243103516,1.2));
#1691 = CIRCLE('',#1692,5.E-02);
#1692 = AXIS2_PLACEMENT_3D('',#1693,#1694,#1695);
#1693 = CARTESIAN_POINT('',(-0.428243103516,1.228243103516,1.2));
#1694 = DIRECTION('',(0.,-0.,-1.));
#1695 = DIRECTION('',(1.110223024625E-16,-1.,0.));
#1696 = PLANE('',#1697);
#1697 = AXIS2_PLACEMENT_3D('',#1698,#1699,#1700);
#1698 = CARTESIAN_POINT('',(-0.559121551758,1.408243103516,1.2));
#1699 = DIRECTION('',(0.,0.,1.));
#1700 = DIRECTION('',(0.369013679242,-0.929423963825,0.));
#1701 = ADVANCED_FACE('',(#1702),#1712,.F.);
#1702 = FACE_BOUND('',#1703,.F.);
#1703 = EDGE_LOOP('',(#1704,#1705,#1706,#1707));
#1704 = ORIENTED_EDGE('',*,*,#1076,.T.);
#1705 = ORIENTED_EDGE('',*,*,#920,.T.);
#1706 = ORIENTED_EDGE('',*,*,#1662,.F.);
#1707 = ORIENTED_EDGE('',*,*,#1708,.F.);
#1708 = EDGE_CURVE('',#1077,#1663,#1709,.T.);
#1709 = B_SPLINE_CURVE_WITH_KNOTS('',1,(#1710,#1711),.UNSPECIFIED.,.F.,
  .F.,(2,2),(0.,1.),.PIECEWISE_BEZIER_KNOTS.);
#1710 = CARTESIAN_POINT('',(-0.5925,-1.475,0.725));
#1711 = CARTESIAN_POINT('',(-0.559121551758,-1.408243103516,1.2));
#1712 = B_SPLINE_SURFACE_WITH_KNOTS('',1,1,(
    (#1713,#1714)
    ,(#1715,#1716
    )),.UNSPECIFIED.,.F.,.F.,.F.,(2,2),(2,2),(0.,0.116672618896),(0.,1.)
  ,.PIECEWISE_BEZIER_KNOTS.);
#1713 = CARTESIAN_POINT('',(-0.5925,-1.475,0.725));
#1714 = CARTESIAN_POINT('',(-0.559121551758,-1.408243103516,1.2));
#1715 = CARTESIAN_POINT('',(-0.675,-1.3925,0.725));
#1716 = CARTESIAN_POINT('',(-0.608243103516,-1.359121551758,1.2));
#1717 = ADVANCED_FACE('',(#1718),#1728,.F.);
#1718 = FACE_BOUND('',#1719,.F.);
#1719 = EDGE_LOOP('',(#1720,#1721,#1726,#1727));
#1720 = ORIENTED_EDGE('',*,*,#1092,.T.);
#1721 = ORIENTED_EDGE('',*,*,#1722,.T.);
#1722 = EDGE_CURVE('',#1085,#1671,#1723,.T.);
#1723 = B_SPLINE_CURVE_WITH_KNOTS('',1,(#1724,#1725),.UNSPECIFIED.,.F.,
  .F.,(2,2),(0.,1.),.PIECEWISE_BEZIER_KNOTS.);
#1724 = CARTESIAN_POINT('',(0.5925,-1.475,0.725));
#1725 = CARTESIAN_POINT('',(0.559121551758,-1.408243103516,1.2));
#1726 = ORIENTED_EDGE('',*,*,#1678,.F.);
#1727 = ORIENTED_EDGE('',*,*,#1019,.F.);
#1728 = B_SPLINE_SURFACE_WITH_KNOTS('',1,1,(
    (#1729,#1730)
    ,(#1731,#1732
    )),.UNSPECIFIED.,.F.,.F.,.F.,(2,2),(2,2),(0.,0.116672618896),(0.,1.)
  ,.PIECEWISE_BEZIER_KNOTS.);
#1729 = CARTESIAN_POINT('',(0.675,-1.3925,0.725));
#1730 = CARTESIAN_POINT('',(0.608243103516,-1.359121551758,1.2));
#1731 = CARTESIAN_POINT('',(0.5925,-1.475,0.725));
#1732 = CARTESIAN_POINT('',(0.559121551758,-1.408243103516,1.2));
#1733 = ADVANCED_FACE('',(#1734),#1745,.T.);
#1734 = FACE_BOUND('',#1735,.T.);
#1735 = EDGE_LOOP('',(#1736,#1737,#1738,#1739));
#1736 = ORIENTED_EDGE('',*,*,#1518,.T.);
#1737 = ORIENTED_EDGE('',*,*,#1042,.T.);
#1738 = ORIENTED_EDGE('',*,*,#1610,.F.);
#1739 = ORIENTED_EDGE('',*,*,#1740,.F.);
#1740 = EDGE_CURVE('',#1511,#1603,#1741,.T.);
#1741 = LINE('',#1742,#1743);
#1742 = CARTESIAN_POINT('',(0.946201938253,0.2,0.518412044417));
#1743 = VECTOR('',#1744,1.);
#1744 = DIRECTION('',(1.110223024625E-16,-1.,0.));
#1745 = CYLINDRICAL_SURFACE('',#1746,0.25);
#1746 = AXIS2_PLACEMENT_3D('',#1747,#1748,#1749);
#1747 = CARTESIAN_POINT('',(0.7,0.2,0.475));
#1748 = DIRECTION('',(-1.110223024625E-16,1.,0.));
#1749 = DIRECTION('',(0.984807753012,1.093356242223E-16,0.173648177667)
  );
#1750 = ADVANCED_FACE('',(#1751),#1757,.F.);
#1751 = FACE_BOUND('',#1752,.F.);
#1752 = EDGE_LOOP('',(#1753,#1754,#1755,#1756));
#1753 = ORIENTED_EDGE('',*,*,#1084,.T.);
#1754 = ORIENTED_EDGE('',*,*,#1708,.T.);
#1755 = ORIENTED_EDGE('',*,*,#1670,.F.);
#1756 = ORIENTED_EDGE('',*,*,#1722,.F.);
#1757 = B_SPLINE_SURFACE_WITH_KNOTS('',1,1,(
    (#1758,#1759)
    ,(#1760,#1761
    )),.UNSPECIFIED.,.F.,.F.,.F.,(2,2),(2,2),(0.,1.185),(0.,1.),
  .PIECEWISE_BEZIER_KNOTS.);
#1758 = CARTESIAN_POINT('',(0.5925,-1.475,0.725));
#1759 = CARTESIAN_POINT('',(0.559121551758,-1.408243103516,1.2));
#1760 = CARTESIAN_POINT('',(-0.5925,-1.475,0.725));
#1761 = CARTESIAN_POINT('',(-0.559121551758,-1.408243103516,1.2));
#1762 = ADVANCED_FACE('',(#1763),#1774,.T.);
#1763 = FACE_BOUND('',#1764,.T.);
#1764 = EDGE_LOOP('',(#1765,#1766,#1767,#1768));
#1765 = ORIENTED_EDGE('',*,*,#1167,.T.);
#1766 = ORIENTED_EDGE('',*,*,#1643,.T.);
#1767 = ORIENTED_EDGE('',*,*,#1259,.F.);
#1768 = ORIENTED_EDGE('',*,*,#1769,.F.);
#1769 = EDGE_CURVE('',#1160,#1252,#1770,.T.);
#1770 = LINE('',#1771,#1772);
#1771 = CARTESIAN_POINT('',(-0.946201938253,-1.15,0.518412044417));
#1772 = VECTOR('',#1773,1.);
#1773 = DIRECTION('',(1.144237745222E-17,1.,0.));
#1774 = CYLINDRICAL_SURFACE('',#1775,0.25);
#1775 = AXIS2_PLACEMENT_3D('',#1776,#1777,#1778);
#1776 = CARTESIAN_POINT('',(-0.7,-1.15,0.475));
#1777 = DIRECTION('',(-1.144237745222E-17,-1.,0.));
#1778 = DIRECTION('',(-0.984807753012,1.126854202784E-17,0.173648177667)
  );
#1779 = ADVANCED_FACE('',(#1780),#1791,.F.);
#1780 = FACE_BOUND('',#1781,.F.);
#1781 = EDGE_LOOP('',(#1782,#1788,#1789,#1790));
#1782 = ORIENTED_EDGE('',*,*,#1783,.T.);
#1783 = EDGE_CURVE('',#1151,#1243,#1784,.T.);
#1784 = LINE('',#1785,#1786);
#1785 = CARTESIAN_POINT('',(-0.991192795358,-1.15,0.232635182233));
#1786 = VECTOR('',#1787,1.);
#1787 = DIRECTION('',(1.144237745222E-17,1.,0.));
#1788 = ORIENTED_EDGE('',*,*,#1251,.T.);
#1789 = ORIENTED_EDGE('',*,*,#1769,.F.);
#1790 = ORIENTED_EDGE('',*,*,#1159,.F.);
#1791 = PLANE('',#1792);
#1792 = AXIS2_PLACEMENT_3D('',#1793,#1794,#1795);
#1793 = CARTESIAN_POINT('',(-0.991192795358,-1.15,0.232635182233));
#1794 = DIRECTION('',(0.987833053268,-1.130315865527E-17,-0.155518033909
    ));
#1795 = DIRECTION('',(0.155518033909,-1.779496044609E-18,0.987833053268)
  );
#1796 = ADVANCED_FACE('',(#1797),#1808,.F.);
#1797 = FACE_BOUND('',#1798,.F.);
#1798 = EDGE_LOOP('',(#1799,#1805,#1806,#1807));
#1799 = ORIENTED_EDGE('',*,*,#1800,.T.);
#1800 = EDGE_CURVE('',#1143,#1235,#1801,.T.);
#1801 = LINE('',#1802,#1803);
#1802 = CARTESIAN_POINT('',(-1.089673570659,-1.15,0.15));
#1803 = VECTOR('',#1804,1.);
#1804 = DIRECTION('',(1.144237745222E-17,1.,0.));
#1805 = ORIENTED_EDGE('',*,*,#1242,.T.);
#1806 = ORIENTED_EDGE('',*,*,#1783,.F.);
#1807 = ORIENTED_EDGE('',*,*,#1150,.F.);
#1808 = CYLINDRICAL_SURFACE('',#1809,0.1);
#1809 = AXIS2_PLACEMENT_3D('',#1810,#1811,#1812);
#1810 = CARTESIAN_POINT('',(-1.089673570659,-1.15,0.25));
#1811 = DIRECTION('',(-1.144237745222E-17,-1.,0.));
#1812 = DIRECTION('',(-2.22044604925E-15,2.540718180781E-32,-1.));
#1813 = ADVANCED_FACE('',(#1814),#1825,.F.);
#1814 = FACE_BOUND('',#1815,.F.);
#1815 = EDGE_LOOP('',(#1816,#1822,#1823,#1824));
#1816 = ORIENTED_EDGE('',*,*,#1817,.T.);
#1817 = EDGE_CURVE('',#1135,#1227,#1818,.T.);
#1818 = LINE('',#1819,#1820);
#1819 = CARTESIAN_POINT('',(-1.25,-1.15,0.15));
#1820 = VECTOR('',#1821,1.);
#1821 = DIRECTION('',(1.144237745222E-17,1.,0.));
#1822 = ORIENTED_EDGE('',*,*,#1234,.T.);
#1823 = ORIENTED_EDGE('',*,*,#1800,.F.);
#1824 = ORIENTED_EDGE('',*,*,#1142,.F.);
#1825 = PLANE('',#1826);
#1826 = AXIS2_PLACEMENT_3D('',#1827,#1828,#1829);
#1827 = CARTESIAN_POINT('',(-1.25,-1.15,0.15));
#1828 = DIRECTION('',(0.,0.,-1.));
#1829 = DIRECTION('',(1.,-1.144237745222E-17,0.));
#1830 = ADVANCED_FACE('',(#1831),#1842,.F.);
#1831 = FACE_BOUND('',#1832,.F.);
#1832 = EDGE_LOOP('',(#1833,#1839,#1840,#1841));
#1833 = ORIENTED_EDGE('',*,*,#1834,.T.);
#1834 = EDGE_CURVE('',#1127,#1219,#1835,.T.);
#1835 = LINE('',#1836,#1837);
#1836 = CARTESIAN_POINT('',(-1.25,-1.15,5.551115123126E-17));
#1837 = VECTOR('',#1838,1.);
#1838 = DIRECTION('',(1.144237745222E-17,1.,0.));
#1839 = ORIENTED_EDGE('',*,*,#1226,.T.);
#1840 = ORIENTED_EDGE('',*,*,#1817,.F.);
#1841 = ORIENTED_EDGE('',*,*,#1134,.F.);
#1842 = PLANE('',#1843);
#1843 = AXIS2_PLACEMENT_3D('',#1844,#1845,#1846);
#1844 = CARTESIAN_POINT('',(-1.25,-1.15,5.551115123126E-17));
#1845 = DIRECTION('',(1.,-1.144237745222E-17,0.));
#1846 = DIRECTION('',(0.,0.,1.));
#1847 = ADVANCED_FACE('',(#1848),#1859,.F.);
#1848 = FACE_BOUND('',#1849,.F.);
#1849 = EDGE_LOOP('',(#1850,#1856,#1857,#1858));
#1850 = ORIENTED_EDGE('',*,*,#1851,.T.);
#1851 = EDGE_CURVE('',#1118,#1210,#1852,.T.);
#1852 = LINE('',#1853,#1854);
#1853 = CARTESIAN_POINT('',(-1.089673570659,-1.15,5.551115123126E-17));
#1854 = VECTOR('',#1855,1.);
#1855 = DIRECTION('',(1.144237745222E-17,1.,0.));
#1856 = ORIENTED_EDGE('',*,*,#1218,.T.);
#1857 = ORIENTED_EDGE('',*,*,#1834,.F.);
#1858 = ORIENTED_EDGE('',*,*,#1126,.F.);
#1859 = PLANE('',#1860);
#1860 = AXIS2_PLACEMENT_3D('',#1861,#1862,#1863);
#1861 = CARTESIAN_POINT('',(-1.089673570659,-1.15,5.551115123126E-17));
#1862 = DIRECTION('',(0.,0.,1.));
#1863 = DIRECTION('',(-1.,1.144237745222E-17,0.));
#1864 = ADVANCED_FACE('',(#1865),#1871,.T.);
#1865 = FACE_BOUND('',#1866,.T.);
#1866 = EDGE_LOOP('',(#1867,#1868,#1869,#1870));
#1867 = ORIENTED_EDGE('',*,*,#1117,.T.);
#1868 = ORIENTED_EDGE('',*,*,#1851,.T.);
#1869 = ORIENTED_EDGE('',*,*,#1209,.F.);
#1870 = ORIENTED_EDGE('',*,*,#1191,.F.);
#1871 = CYLINDRICAL_SURFACE('',#1872,0.25);
#1872 = AXIS2_PLACEMENT_3D('',#1873,#1874,#1875);
#1873 = CARTESIAN_POINT('',(-1.089673570659,-1.15,0.25));
#1874 = DIRECTION('',(-1.144237745222E-17,-1.,0.));
#1875 = DIRECTION('',(0.984807753012,-1.126854202784E-17,-0.173648177667
    ));
#1876 = ADVANCED_FACE('',(#1877),#1888,.F.);
#1877 = FACE_BOUND('',#1878,.F.);
#1878 = EDGE_LOOP('',(#1879,#1885,#1886,#1887));
#1879 = ORIENTED_EDGE('',*,*,#1880,.T.);
#1880 = EDGE_CURVE('',#1335,#1427,#1881,.T.);
#1881 = LINE('',#1882,#1883);
#1882 = CARTESIAN_POINT('',(-0.991192795358,0.75,0.232635182233));
#1883 = VECTOR('',#1884,1.);
#1884 = DIRECTION('',(1.144237745222E-17,1.,0.));
#1885 = ORIENTED_EDGE('',*,*,#1435,.T.);
#1886 = ORIENTED_EDGE('',*,*,#1628,.F.);
#1887 = ORIENTED_EDGE('',*,*,#1343,.F.);
#1888 = PLANE('',#1889);
#1889 = AXIS2_PLACEMENT_3D('',#1890,#1891,#1892);
#1890 = CARTESIAN_POINT('',(-0.991192795358,0.75,0.232635182233));
#1891 = DIRECTION('',(0.987833053268,-1.130315865527E-17,-0.155518033909
    ));
#1892 = DIRECTION('',(0.155518033909,-1.779496044609E-18,0.987833053268)
  );
#1893 = ADVANCED_FACE('',(#1894),#1905,.F.);
#1894 = FACE_BOUND('',#1895,.F.);
#1895 = EDGE_LOOP('',(#1896,#1902,#1903,#1904));
#1896 = ORIENTED_EDGE('',*,*,#1897,.T.);
#1897 = EDGE_CURVE('',#1327,#1419,#1898,.T.);
#1898 = LINE('',#1899,#1900);
#1899 = CARTESIAN_POINT('',(-1.089673570659,0.75,0.15));
#1900 = VECTOR('',#1901,1.);
#1901 = DIRECTION('',(1.144237745222E-17,1.,0.));
#1902 = ORIENTED_EDGE('',*,*,#1426,.T.);
#1903 = ORIENTED_EDGE('',*,*,#1880,.F.);
#1904 = ORIENTED_EDGE('',*,*,#1334,.F.);
#1905 = CYLINDRICAL_SURFACE('',#1906,0.1);
#1906 = AXIS2_PLACEMENT_3D('',#1907,#1908,#1909);
#1907 = CARTESIAN_POINT('',(-1.089673570659,0.75,0.25));
#1908 = DIRECTION('',(-1.144237745222E-17,-1.,0.));
#1909 = DIRECTION('',(-2.22044604925E-15,2.540718180781E-32,-1.));
#1910 = ADVANCED_FACE('',(#1911),#1922,.F.);
#1911 = FACE_BOUND('',#1912,.F.);
#1912 = EDGE_LOOP('',(#1913,#1919,#1920,#1921));
#1913 = ORIENTED_EDGE('',*,*,#1914,.T.);
#1914 = EDGE_CURVE('',#1319,#1411,#1915,.T.);
#1915 = LINE('',#1916,#1917);
#1916 = CARTESIAN_POINT('',(-1.25,0.75,0.15));
#1917 = VECTOR('',#1918,1.);
#1918 = DIRECTION('',(1.144237745222E-17,1.,0.));
#1919 = ORIENTED_EDGE('',*,*,#1418,.T.);
#1920 = ORIENTED_EDGE('',*,*,#1897,.F.);
#1921 = ORIENTED_EDGE('',*,*,#1326,.F.);
#1922 = PLANE('',#1923);
#1923 = AXIS2_PLACEMENT_3D('',#1924,#1925,#1926);
#1924 = CARTESIAN_POINT('',(-1.25,0.75,0.15));
#1925 = DIRECTION('',(0.,0.,-1.));
#1926 = DIRECTION('',(1.,-1.144237745222E-17,0.));
#1927 = ADVANCED_FACE('',(#1928),#1939,.F.);
#1928 = FACE_BOUND('',#1929,.F.);
#1929 = EDGE_LOOP('',(#1930,#1936,#1937,#1938));
#1930 = ORIENTED_EDGE('',*,*,#1931,.T.);
#1931 = EDGE_CURVE('',#1311,#1403,#1932,.T.);
#1932 = LINE('',#1933,#1934);
#1933 = CARTESIAN_POINT('',(-1.25,0.75,5.551115123126E-17));
#1934 = VECTOR('',#1935,1.);
#1935 = DIRECTION('',(1.144237745222E-17,1.,0.));
#1936 = ORIENTED_EDGE('',*,*,#1410,.T.);
#1937 = ORIENTED_EDGE('',*,*,#1914,.F.);
#1938 = ORIENTED_EDGE('',*,*,#1318,.F.);
#1939 = PLANE('',#1940);
#1940 = AXIS2_PLACEMENT_3D('',#1941,#1942,#1943);
#1941 = CARTESIAN_POINT('',(-1.25,0.75,5.551115123126E-17));
#1942 = DIRECTION('',(1.,-1.144237745222E-17,0.));
#1943 = DIRECTION('',(0.,0.,1.));
#1944 = ADVANCED_FACE('',(#1945),#1956,.F.);
#1945 = FACE_BOUND('',#1946,.F.);
#1946 = EDGE_LOOP('',(#1947,#1953,#1954,#1955));
#1947 = ORIENTED_EDGE('',*,*,#1948,.T.);
#1948 = EDGE_CURVE('',#1302,#1394,#1949,.T.);
#1949 = LINE('',#1950,#1951);
#1950 = CARTESIAN_POINT('',(-1.089673570659,0.75,5.551115123126E-17));
#1951 = VECTOR('',#1952,1.);
#1952 = DIRECTION('',(1.144237745222E-17,1.,0.));
#1953 = ORIENTED_EDGE('',*,*,#1402,.T.);
#1954 = ORIENTED_EDGE('',*,*,#1931,.F.);
#1955 = ORIENTED_EDGE('',*,*,#1310,.F.);
#1956 = PLANE('',#1957);
#1957 = AXIS2_PLACEMENT_3D('',#1958,#1959,#1960);
#1958 = CARTESIAN_POINT('',(-1.089673570659,0.75,5.551115123126E-17));
#1959 = DIRECTION('',(0.,0.,1.));
#1960 = DIRECTION('',(-1.,1.144237745222E-17,0.));
#1961 = ADVANCED_FACE('',(#1962),#1968,.T.);
#1962 = FACE_BOUND('',#1963,.T.);
#1963 = EDGE_LOOP('',(#1964,#1965,#1966,#1967));
#1964 = ORIENTED_EDGE('',*,*,#1301,.T.);
#1965 = ORIENTED_EDGE('',*,*,#1948,.T.);
#1966 = ORIENTED_EDGE('',*,*,#1393,.F.);
#1967 = ORIENTED_EDGE('',*,*,#1375,.F.);
#1968 = CYLINDRICAL_SURFACE('',#1969,0.25);
#1969 = AXIS2_PLACEMENT_3D('',#1970,#1971,#1972);
#1970 = CARTESIAN_POINT('',(-1.089673570659,0.75,0.25));
#1971 = DIRECTION('',(-1.144237745222E-17,-1.,0.));
#1972 = DIRECTION('',(0.984807753012,-1.126854202784E-17,-0.173648177667
    ));
#1973 = ADVANCED_FACE('',(#1974),#1985,.F.);
#1974 = FACE_BOUND('',#1975,.F.);
#1975 = EDGE_LOOP('',(#1976,#1982,#1983,#1984));
#1976 = ORIENTED_EDGE('',*,*,#1977,.T.);
#1977 = EDGE_CURVE('',#1502,#1594,#1978,.T.);
#1978 = LINE('',#1979,#1980);
#1979 = CARTESIAN_POINT('',(0.991192795358,0.2,0.232635182233));
#1980 = VECTOR('',#1981,1.);
#1981 = DIRECTION('',(1.110223024625E-16,-1.,0.));
#1982 = ORIENTED_EDGE('',*,*,#1602,.T.);
#1983 = ORIENTED_EDGE('',*,*,#1740,.F.);
#1984 = ORIENTED_EDGE('',*,*,#1510,.F.);
#1985 = PLANE('',#1986);
#1986 = AXIS2_PLACEMENT_3D('',#1987,#1988,#1989);
#1987 = CARTESIAN_POINT('',(0.991192795358,0.2,0.232635182233));
#1988 = DIRECTION('',(-0.987833053268,-1.096715000224E-16,
    -0.155518033909));
#1989 = DIRECTION('',(-0.155518033909,-1.726597019897E-17,0.987833053268
    ));
#1990 = ADVANCED_FACE('',(#1991),#2002,.F.);
#1991 = FACE_BOUND('',#1992,.F.);
#1992 = EDGE_LOOP('',(#1993,#1999,#2000,#2001));
#1993 = ORIENTED_EDGE('',*,*,#1994,.T.);
#1994 = EDGE_CURVE('',#1494,#1586,#1995,.T.);
#1995 = LINE('',#1996,#1997);
#1996 = CARTESIAN_POINT('',(1.089673570659,0.2,0.15));
#1997 = VECTOR('',#1998,1.);
#1998 = DIRECTION('',(1.110223024625E-16,-1.,0.));
#1999 = ORIENTED_EDGE('',*,*,#1593,.T.);
#2000 = ORIENTED_EDGE('',*,*,#1977,.F.);
#2001 = ORIENTED_EDGE('',*,*,#1501,.F.);
#2002 = CYLINDRICAL_SURFACE('',#2003,0.1);
#2003 = AXIS2_PLACEMENT_3D('',#2004,#2005,#2006);
#2004 = CARTESIAN_POINT('',(1.089673570659,0.2,0.25));
#2005 = DIRECTION('',(-1.110223024625E-16,1.,0.));
#2006 = DIRECTION('',(2.22044604925E-15,2.465190328815E-31,-1.));
#2007 = ADVANCED_FACE('',(#2008),#2019,.F.);
#2008 = FACE_BOUND('',#2009,.F.);
#2009 = EDGE_LOOP('',(#2010,#2016,#2017,#2018));
#2010 = ORIENTED_EDGE('',*,*,#2011,.T.);
#2011 = EDGE_CURVE('',#1486,#1578,#2012,.T.);
#2012 = LINE('',#2013,#2014);
#2013 = CARTESIAN_POINT('',(1.25,0.2,0.15));
#2014 = VECTOR('',#2015,1.);
#2015 = DIRECTION('',(1.110223024625E-16,-1.,0.));
#2016 = ORIENTED_EDGE('',*,*,#1585,.T.);
#2017 = ORIENTED_EDGE('',*,*,#1994,.F.);
#2018 = ORIENTED_EDGE('',*,*,#1493,.F.);
#2019 = PLANE('',#2020);
#2020 = AXIS2_PLACEMENT_3D('',#2021,#2022,#2023);
#2021 = CARTESIAN_POINT('',(1.25,0.2,0.15));
#2022 = DIRECTION('',(0.,0.,-1.));
#2023 = DIRECTION('',(-1.,-1.110223024625E-16,-0.));
#2024 = ADVANCED_FACE('',(#2025),#2036,.F.);
#2025 = FACE_BOUND('',#2026,.F.);
#2026 = EDGE_LOOP('',(#2027,#2033,#2034,#2035));
#2027 = ORIENTED_EDGE('',*,*,#2028,.T.);
#2028 = EDGE_CURVE('',#1478,#1570,#2029,.T.);
#2029 = LINE('',#2030,#2031);
#2030 = CARTESIAN_POINT('',(1.25,0.2,5.551115123126E-17));
#2031 = VECTOR('',#2032,1.);
#2032 = DIRECTION('',(1.110223024625E-16,-1.,0.));
#2033 = ORIENTED_EDGE('',*,*,#1577,.T.);
#2034 = ORIENTED_EDGE('',*,*,#2011,.F.);
#2035 = ORIENTED_EDGE('',*,*,#1485,.F.);
#2036 = PLANE('',#2037);
#2037 = AXIS2_PLACEMENT_3D('',#2038,#2039,#2040);
#2038 = CARTESIAN_POINT('',(1.25,0.2,5.551115123126E-17));
#2039 = DIRECTION('',(-1.,-1.110223024625E-16,0.));
#2040 = DIRECTION('',(0.,0.,1.));
#2041 = ADVANCED_FACE('',(#2042),#2053,.F.);
#2042 = FACE_BOUND('',#2043,.F.);
#2043 = EDGE_LOOP('',(#2044,#2050,#2051,#2052));
#2044 = ORIENTED_EDGE('',*,*,#2045,.T.);
#2045 = EDGE_CURVE('',#1469,#1561,#2046,.T.);
#2046 = LINE('',#2047,#2048);
#2047 = CARTESIAN_POINT('',(1.089673570659,0.2,5.551115123126E-17));
#2048 = VECTOR('',#2049,1.);
#2049 = DIRECTION('',(1.110223024625E-16,-1.,0.));
#2050 = ORIENTED_EDGE('',*,*,#1569,.T.);
#2051 = ORIENTED_EDGE('',*,*,#2028,.F.);
#2052 = ORIENTED_EDGE('',*,*,#1477,.F.);
#2053 = PLANE('',#2054);
#2054 = AXIS2_PLACEMENT_3D('',#2055,#2056,#2057);
#2055 = CARTESIAN_POINT('',(1.089673570659,0.2,5.551115123126E-17));
#2056 = DIRECTION('',(0.,0.,1.));
#2057 = DIRECTION('',(1.,1.110223024625E-16,-0.));
#2058 = ADVANCED_FACE('',(#2059),#2065,.T.);
#2059 = FACE_BOUND('',#2060,.T.);
#2060 = EDGE_LOOP('',(#2061,#2062,#2063,#2064));
#2061 = ORIENTED_EDGE('',*,*,#1468,.T.);
#2062 = ORIENTED_EDGE('',*,*,#2045,.T.);
#2063 = ORIENTED_EDGE('',*,*,#1560,.F.);
#2064 = ORIENTED_EDGE('',*,*,#1542,.F.);
#2065 = CYLINDRICAL_SURFACE('',#2066,0.25);
#2066 = AXIS2_PLACEMENT_3D('',#2067,#2068,#2069);
#2067 = CARTESIAN_POINT('',(1.089673570659,0.2,0.25));
#2068 = DIRECTION('',(-1.110223024625E-16,1.,0.));
#2069 = DIRECTION('',(-0.984807753012,-1.093356242223E-16,
    -0.173648177667));
#2070 = ADVANCED_FACE('',(#2071),#2074,.F.);
#2071 = FACE_BOUND('',#2072,.T.);
#2072 = EDGE_LOOP('',(#2073));
#2073 = ORIENTED_EDGE('',*,*,#1688,.F.);
#2074 = PLANE('',#2075);
#2075 = AXIS2_PLACEMENT_3D('',#2076,#2077,#2078);
#2076 = CARTESIAN_POINT('',(-0.428243103516,1.228243103516,1.2));
#2077 = DIRECTION('',(0.,0.,-1.));
#2078 = DIRECTION('',(1.110223024625E-16,-1.,0.));
#2079 = ( GEOMETRIC_REPRESENTATION_CONTEXT(3) 
GLOBAL_UNCERTAINTY_ASSIGNED_CONTEXT((#2083)) 
GLOBAL_UNIT_ASSIGNED_CONTEXT((#2080,#2081,#2082)) REPRESENTATION_CONTEXT
('Context #1','3D Context with UNIT and UNCERTAINTY') );
#2080 = ( LENGTH_UNIT() NAMED_UNIT(*) SI_UNIT(.MILLI.,.METRE.) );
#2081 = ( NAMED_UNIT(*) PLANE_ANGLE_UNIT() SI_UNIT($,.RADIAN.) );
#2082 = ( NAMED_UNIT(*) SI_UNIT($,.STERADIAN.) SOLID_ANGLE_UNIT() );
#2083 = UNCERTAINTY_MEASURE_WITH_UNIT(LENGTH_MEASURE(1.E-07),#2080,
  'distance_accuracy_value','confusion accuracy');
#2084 = CONTEXT_DEPENDENT_SHAPE_REPRESENTATION(#2085,#2087);
#2085 = ( REPRESENTATION_RELATIONSHIP('','',#96,#10) 
REPRESENTATION_RELATIONSHIP_WITH_TRANSFORMATION(#2086) 
SHAPE_REPRESENTATION_RELATIONSHIP() );
#2086 = ITEM_DEFINED_TRANSFORMATION('','',#11,#15);
#2087 = PRODUCT_DEFINITION_SHAPE('Placement','Placement of an item',
  #2088);
#2088 = NEXT_ASSEMBLY_USAGE_OCCURRENCE('1','Q2','',#5,#91,$);
#2089 = PRODUCT_RELATED_PRODUCT_CATEGORY('part',$,(#93));
#2090 = SHAPE_DEFINITION_REPRESENTATION(#2091,#2097);
#2091 = PRODUCT_DEFINITION_SHAPE('','',#2092);
#2092 = PRODUCT_DEFINITION('design','',#2093,#2096);
#2093 = PRODUCT_DEFINITION_FORMATION('','',#2094);
#2094 = PRODUCT('LED_0603_1608Metric','LED_0603_1608Metric','',(#2095));
#2095 = PRODUCT_CONTEXT('',#2,'mechanical');
#2096 = PRODUCT_DEFINITION_CONTEXT('part definition',#2,'design');
#2097 = ADVANCED_BREP_SHAPE_REPRESENTATION('',(#11,#2098),#3621);
#2098 = MANIFOLD_SOLID_BREP('',#2099);
#2099 = CLOSED_SHELL('',(#2100,#2140,#2187,#2266,#2290,#2330,#2361,#2378
    ,#2411,#2435,#2502,#2623,#2690,#2714,#2745,#2778,#2834,#2858,#2882,
    #2906,#2939,#2951,#3014,#3039,#3056,#3080,#3098,#3116,#3134,#3151,
    #3168,#3199,#3224,#3249,#3273,#3290,#3321,#3345,#3362,#3390,#3415,
    #3439,#3464,#3511,#3528,#3540,#3562,#3574,#3592,#3610));
#2100 = ADVANCED_FACE('',(#2101),#2135,.F.);
#2101 = FACE_BOUND('',#2102,.F.);
#2102 = EDGE_LOOP('',(#2103,#2113,#2121,#2129));
#2103 = ORIENTED_EDGE('',*,*,#2104,.T.);
#2104 = EDGE_CURVE('',#2105,#2107,#2109,.T.);
#2105 = VERTEX_POINT('',#2106);
#2106 = CARTESIAN_POINT('',(-0.5,-0.4,0.47));
#2107 = VERTEX_POINT('',#2108);
#2108 = CARTESIAN_POINT('',(-0.45,-0.4,1.1));
#2109 = LINE('',#2110,#2111);
#2110 = CARTESIAN_POINT('',(-0.5,-0.4,0.47));
#2111 = VECTOR('',#2112,1.);
#2112 = DIRECTION('',(7.911630099815E-02,0.,0.996865392576));
#2113 = ORIENTED_EDGE('',*,*,#2114,.T.);
#2114 = EDGE_CURVE('',#2107,#2115,#2117,.T.);
#2115 = VERTEX_POINT('',#2116);
#2116 = CARTESIAN_POINT('',(0.45,-0.4,1.1));
#2117 = LINE('',#2118,#2119);
#2118 = CARTESIAN_POINT('',(-0.45,-0.4,1.1));
#2119 = VECTOR('',#2120,1.);
#2120 = DIRECTION('',(1.,0.,0.));
#2121 = ORIENTED_EDGE('',*,*,#2122,.T.);
#2122 = EDGE_CURVE('',#2115,#2123,#2125,.T.);
#2123 = VERTEX_POINT('',#2124);
#2124 = CARTESIAN_POINT('',(0.5,-0.4,0.47));
#2125 = LINE('',#2126,#2127);
#2126 = CARTESIAN_POINT('',(0.45,-0.4,1.1));
#2127 = VECTOR('',#2128,1.);
#2128 = DIRECTION('',(7.911630099815E-02,0.,-0.996865392576));
#2129 = ORIENTED_EDGE('',*,*,#2130,.T.);
#2130 = EDGE_CURVE('',#2123,#2105,#2131,.T.);
#2131 = LINE('',#2132,#2133);
#2132 = CARTESIAN_POINT('',(0.5,-0.4,0.47));
#2133 = VECTOR('',#2134,1.);
#2134 = DIRECTION('',(-1.,0.,0.));
#2135 = PLANE('',#2136);
#2136 = AXIS2_PLACEMENT_3D('',#2137,#2138,#2139);
#2137 = CARTESIAN_POINT('',(-8.772411109409E-18,-0.4,0.775044128294));
#2138 = DIRECTION('',(0.,1.,0.));
#2139 = DIRECTION('',(0.,-0.,1.));
#2140 = ADVANCED_FACE('',(#2141),#2182,.T.);
#2141 = FACE_BOUND('',#2142,.T.);
#2142 = EDGE_LOOP('',(#2143,#2153,#2161,#2167,#2168,#2176));
#2143 = ORIENTED_EDGE('',*,*,#2144,.T.);
#2144 = EDGE_CURVE('',#2145,#2147,#2149,.T.);
#2145 = VERTEX_POINT('',#2146);
#2146 = CARTESIAN_POINT('',(-0.5,0.4,0.47));
#2147 = VERTEX_POINT('',#2148);
#2148 = CARTESIAN_POINT('',(-0.5,0.3,0.47));
#2149 = LINE('',#2150,#2151);
#2150 = CARTESIAN_POINT('',(-0.5,0.4,0.47));
#2151 = VECTOR('',#2152,1.);
#2152 = DIRECTION('',(0.,-1.,0.));
#2153 = ORIENTED_EDGE('',*,*,#2154,.F.);
#2154 = EDGE_CURVE('',#2155,#2147,#2157,.T.);
#2155 = VERTEX_POINT('',#2156);
#2156 = CARTESIAN_POINT('',(-0.5,-0.3,0.47));
#2157 = LINE('',#2158,#2159);
#2158 = CARTESIAN_POINT('',(-0.5,-0.4,0.47));
#2159 = VECTOR('',#2160,1.);
#2160 = DIRECTION('',(0.,1.,0.));
#2161 = ORIENTED_EDGE('',*,*,#2162,.T.);
#2162 = EDGE_CURVE('',#2155,#2105,#2163,.T.);
#2163 = LINE('',#2164,#2165);
#2164 = CARTESIAN_POINT('',(-0.5,0.4,0.47));
#2165 = VECTOR('',#2166,1.);
#2166 = DIRECTION('',(0.,-1.,0.));
#2167 = ORIENTED_EDGE('',*,*,#2104,.T.);
#2168 = ORIENTED_EDGE('',*,*,#2169,.F.);
#2169 = EDGE_CURVE('',#2170,#2107,#2172,.T.);
#2170 = VERTEX_POINT('',#2171);
#2171 = CARTESIAN_POINT('',(-0.45,0.4,1.1));
#2172 = LINE('',#2173,#2174);
#2173 = CARTESIAN_POINT('',(-0.45,0.4,1.1));
#2174 = VECTOR('',#2175,1.);
#2175 = DIRECTION('',(0.,-1.,0.));
#2176 = ORIENTED_EDGE('',*,*,#2177,.F.);
#2177 = EDGE_CURVE('',#2145,#2170,#2178,.T.);
#2178 = LINE('',#2179,#2180);
#2179 = CARTESIAN_POINT('',(-0.5,0.4,0.47));
#2180 = VECTOR('',#2181,1.);
#2181 = DIRECTION('',(7.911630099815E-02,0.,0.996865392576));
#2182 = PLANE('',#2183);
#2183 = AXIS2_PLACEMENT_3D('',#2184,#2185,#2186);
#2184 = CARTESIAN_POINT('',(-0.5,0.4,0.47));
#2185 = DIRECTION('',(-0.996865392576,0.,7.911630099815E-02));
#2186 = DIRECTION('',(7.911630099815E-02,0.,0.996865392576));
#2187 = ADVANCED_FACE('',(#2188),#2261,.F.);
#2188 = FACE_BOUND('',#2189,.F.);
#2189 = EDGE_LOOP('',(#2190,#2200,#2208,#2216,#2222,#2223,#2231,#2239,
    #2247,#2255));
#2190 = ORIENTED_EDGE('',*,*,#2191,.F.);
#2191 = EDGE_CURVE('',#2192,#2194,#2196,.T.);
#2192 = VERTEX_POINT('',#2193);
#2193 = CARTESIAN_POINT('',(-0.77,-0.4,3.E-02));
#2194 = VERTEX_POINT('',#2195);
#2195 = CARTESIAN_POINT('',(-0.725,-0.4,3.E-02));
#2196 = LINE('',#2197,#2198);
#2197 = CARTESIAN_POINT('',(-0.77,-0.4,3.E-02));
#2198 = VECTOR('',#2199,1.);
#2199 = DIRECTION('',(1.,0.,0.));
#2200 = ORIENTED_EDGE('',*,*,#2201,.T.);
#2201 = EDGE_CURVE('',#2192,#2202,#2204,.T.);
#2202 = VERTEX_POINT('',#2203);
#2203 = CARTESIAN_POINT('',(-0.77,-0.4,0.47));
#2204 = LINE('',#2205,#2206);
#2205 = CARTESIAN_POINT('',(-0.77,-0.4,3.E-02));
#2206 = VECTOR('',#2207,1.);
#2207 = DIRECTION('',(0.,0.,1.));
#2208 = ORIENTED_EDGE('',*,*,#2209,.T.);
#2209 = EDGE_CURVE('',#2202,#2210,#2212,.T.);
#2210 = VERTEX_POINT('',#2211);
#2211 = CARTESIAN_POINT('',(-0.725,-0.4,0.47));
#2212 = LINE('',#2213,#2214);
#2213 = CARTESIAN_POINT('',(-0.77,-0.4,0.47));
#2214 = VECTOR('',#2215,1.);
#2215 = DIRECTION('',(1.,0.,0.));
#2216 = ORIENTED_EDGE('',*,*,#2217,.T.);
#2217 = EDGE_CURVE('',#2210,#2105,#2218,.T.);
#2218 = LINE('',#2219,#2220);
#2219 = CARTESIAN_POINT('',(-0.77,-0.4,0.47));
#2220 = VECTOR('',#2221,1.);
#2221 = DIRECTION('',(1.,0.,0.));
#2222 = ORIENTED_EDGE('',*,*,#2130,.F.);
#2223 = ORIENTED_EDGE('',*,*,#2224,.T.);
#2224 = EDGE_CURVE('',#2123,#2225,#2227,.T.);
#2225 = VERTEX_POINT('',#2226);
#2226 = CARTESIAN_POINT('',(0.725,-0.4,0.47));
#2227 = LINE('',#2228,#2229);
#2228 = CARTESIAN_POINT('',(-0.77,-0.4,0.47));
#2229 = VECTOR('',#2230,1.);
#2230 = DIRECTION('',(1.,0.,0.));
#2231 = ORIENTED_EDGE('',*,*,#2232,.T.);
#2232 = EDGE_CURVE('',#2225,#2233,#2235,.T.);
#2233 = VERTEX_POINT('',#2234);
#2234 = CARTESIAN_POINT('',(0.77,-0.4,0.47));
#2235 = LINE('',#2236,#2237);
#2236 = CARTESIAN_POINT('',(-0.77,-0.4,0.47));
#2237 = VECTOR('',#2238,1.);
#2238 = DIRECTION('',(1.,0.,0.));
#2239 = ORIENTED_EDGE('',*,*,#2240,.F.);
#2240 = EDGE_CURVE('',#2241,#2233,#2243,.T.);
#2241 = VERTEX_POINT('',#2242);
#2242 = CARTESIAN_POINT('',(0.77,-0.4,3.E-02));
#2243 = LINE('',#2244,#2245);
#2244 = CARTESIAN_POINT('',(0.77,-0.4,3.E-02));
#2245 = VECTOR('',#2246,1.);
#2246 = DIRECTION('',(0.,0.,1.));
#2247 = ORIENTED_EDGE('',*,*,#2248,.F.);
#2248 = EDGE_CURVE('',#2249,#2241,#2251,.T.);
#2249 = VERTEX_POINT('',#2250);
#2250 = CARTESIAN_POINT('',(0.725,-0.4,3.E-02));
#2251 = LINE('',#2252,#2253);
#2252 = CARTESIAN_POINT('',(-0.77,-0.4,3.E-02));
#2253 = VECTOR('',#2254,1.);
#2254 = DIRECTION('',(1.,0.,0.));
#2255 = ORIENTED_EDGE('',*,*,#2256,.F.);
#2256 = EDGE_CURVE('',#2194,#2249,#2257,.T.);
#2257 = LINE('',#2258,#2259);
#2258 = CARTESIAN_POINT('',(-0.77,-0.4,3.E-02));
#2259 = VECTOR('',#2260,1.);
#2260 = DIRECTION('',(1.,0.,0.));
#2261 = PLANE('',#2262);
#2262 = AXIS2_PLACEMENT_3D('',#2263,#2264,#2265);
#2263 = CARTESIAN_POINT('',(-0.77,-0.4,3.E-02));
#2264 = DIRECTION('',(0.,1.,0.));
#2265 = DIRECTION('',(0.,-0.,1.));
#2266 = ADVANCED_FACE('',(#2267),#2285,.T.);
#2267 = FACE_BOUND('',#2268,.T.);
#2268 = EDGE_LOOP('',(#2269,#2270,#2271,#2279));
#2269 = ORIENTED_EDGE('',*,*,#2169,.T.);
#2270 = ORIENTED_EDGE('',*,*,#2114,.T.);
#2271 = ORIENTED_EDGE('',*,*,#2272,.F.);
#2272 = EDGE_CURVE('',#2273,#2115,#2275,.T.);
#2273 = VERTEX_POINT('',#2274);
#2274 = CARTESIAN_POINT('',(0.45,0.4,1.1));
#2275 = LINE('',#2276,#2277);
#2276 = CARTESIAN_POINT('',(0.45,0.4,1.1));
#2277 = VECTOR('',#2278,1.);
#2278 = DIRECTION('',(0.,-1.,0.));
#2279 = ORIENTED_EDGE('',*,*,#2280,.F.);
#2280 = EDGE_CURVE('',#2170,#2273,#2281,.T.);
#2281 = LINE('',#2282,#2283);
#2282 = CARTESIAN_POINT('',(-0.45,0.4,1.1));
#2283 = VECTOR('',#2284,1.);
#2284 = DIRECTION('',(1.,0.,0.));
#2285 = PLANE('',#2286);
#2286 = AXIS2_PLACEMENT_3D('',#2287,#2288,#2289);
#2287 = CARTESIAN_POINT('',(-0.45,0.4,1.1));
#2288 = DIRECTION('',(0.,0.,1.));
#2289 = DIRECTION('',(1.,0.,-0.));
#2290 = ADVANCED_FACE('',(#2291),#2325,.T.);
#2291 = FACE_BOUND('',#2292,.T.);
#2292 = EDGE_LOOP('',(#2293,#2294,#2295,#2303,#2311,#2319));
#2293 = ORIENTED_EDGE('',*,*,#2272,.T.);
#2294 = ORIENTED_EDGE('',*,*,#2122,.T.);
#2295 = ORIENTED_EDGE('',*,*,#2296,.F.);
#2296 = EDGE_CURVE('',#2297,#2123,#2299,.T.);
#2297 = VERTEX_POINT('',#2298);
#2298 = CARTESIAN_POINT('',(0.5,-0.3,0.47));
#2299 = LINE('',#2300,#2301);
#2300 = CARTESIAN_POINT('',(0.5,0.4,0.47));
#2301 = VECTOR('',#2302,1.);
#2302 = DIRECTION('',(0.,-1.,0.));
#2303 = ORIENTED_EDGE('',*,*,#2304,.T.);
#2304 = EDGE_CURVE('',#2297,#2305,#2307,.T.);
#2305 = VERTEX_POINT('',#2306);
#2306 = CARTESIAN_POINT('',(0.5,0.3,0.47));
#2307 = LINE('',#2308,#2309);
#2308 = CARTESIAN_POINT('',(0.5,-0.4,0.47));
#2309 = VECTOR('',#2310,1.);
#2310 = DIRECTION('',(0.,1.,0.));
#2311 = ORIENTED_EDGE('',*,*,#2312,.F.);
#2312 = EDGE_CURVE('',#2313,#2305,#2315,.T.);
#2313 = VERTEX_POINT('',#2314);
#2314 = CARTESIAN_POINT('',(0.5,0.4,0.47));
#2315 = LINE('',#2316,#2317);
#2316 = CARTESIAN_POINT('',(0.5,0.4,0.47));
#2317 = VECTOR('',#2318,1.);
#2318 = DIRECTION('',(0.,-1.,0.));
#2319 = ORIENTED_EDGE('',*,*,#2320,.F.);
#2320 = EDGE_CURVE('',#2273,#2313,#2321,.T.);
#2321 = LINE('',#2322,#2323);
#2322 = CARTESIAN_POINT('',(0.45,0.4,1.1));
#2323 = VECTOR('',#2324,1.);
#2324 = DIRECTION('',(7.911630099815E-02,0.,-0.996865392576));
#2325 = PLANE('',#2326);
#2326 = AXIS2_PLACEMENT_3D('',#2327,#2328,#2329);
#2327 = CARTESIAN_POINT('',(0.45,0.4,1.1));
#2328 = DIRECTION('',(0.996865392576,0.,7.911630099815E-02));
#2329 = DIRECTION('',(7.911630099815E-02,0.,-0.996865392576));
#2330 = ADVANCED_FACE('',(#2331),#2356,.T.);
#2331 = FACE_BOUND('',#2332,.T.);
#2332 = EDGE_LOOP('',(#2333,#2341,#2349,#2355));
#2333 = ORIENTED_EDGE('',*,*,#2334,.F.);
#2334 = EDGE_CURVE('',#2335,#2145,#2337,.T.);
#2335 = VERTEX_POINT('',#2336);
#2336 = CARTESIAN_POINT('',(-0.725,0.4,0.47));
#2337 = LINE('',#2338,#2339);
#2338 = CARTESIAN_POINT('',(-0.77,0.4,0.47));
#2339 = VECTOR('',#2340,1.);
#2340 = DIRECTION('',(1.,0.,0.));
#2341 = ORIENTED_EDGE('',*,*,#2342,.F.);
#2342 = EDGE_CURVE('',#2343,#2335,#2345,.T.);
#2343 = VERTEX_POINT('',#2344);
#2344 = CARTESIAN_POINT('',(-0.725,0.3,0.47));
#2345 = LINE('',#2346,#2347);
#2346 = CARTESIAN_POINT('',(-0.725,5.E-02,0.47));
#2347 = VECTOR('',#2348,1.);
#2348 = DIRECTION('',(0.,1.,0.));
#2349 = ORIENTED_EDGE('',*,*,#2350,.F.);
#2350 = EDGE_CURVE('',#2147,#2343,#2351,.T.);
#2351 = LINE('',#2352,#2353);
#2352 = CARTESIAN_POINT('',(-0.7475,0.3,0.47));
#2353 = VECTOR('',#2354,1.);
#2354 = DIRECTION('',(-1.,0.,0.));
#2355 = ORIENTED_EDGE('',*,*,#2144,.F.);
#2356 = PLANE('',#2357);
#2357 = AXIS2_PLACEMENT_3D('',#2358,#2359,#2360);
#2358 = CARTESIAN_POINT('',(-0.77,-0.4,0.47));
#2359 = DIRECTION('',(0.,0.,1.));
#2360 = DIRECTION('',(1.,0.,-0.));
#2361 = ADVANCED_FACE('',(#2362),#2373,.T.);
#2362 = FACE_BOUND('',#2363,.T.);
#2363 = EDGE_LOOP('',(#2364,#2365,#2366,#2367));
#2364 = ORIENTED_EDGE('',*,*,#2177,.T.);
#2365 = ORIENTED_EDGE('',*,*,#2280,.T.);
#2366 = ORIENTED_EDGE('',*,*,#2320,.T.);
#2367 = ORIENTED_EDGE('',*,*,#2368,.T.);
#2368 = EDGE_CURVE('',#2313,#2145,#2369,.T.);
#2369 = LINE('',#2370,#2371);
#2370 = CARTESIAN_POINT('',(0.5,0.4,0.47));
#2371 = VECTOR('',#2372,1.);
#2372 = DIRECTION('',(-1.,0.,0.));
#2373 = PLANE('',#2374);
#2374 = AXIS2_PLACEMENT_3D('',#2375,#2376,#2377);
#2375 = CARTESIAN_POINT('',(-8.772411109409E-18,0.4,0.775044128294));
#2376 = DIRECTION('',(0.,1.,0.));
#2377 = DIRECTION('',(0.,-0.,1.));
#2378 = ADVANCED_FACE('',(#2379),#2406,.T.);
#2379 = FACE_BOUND('',#2380,.T.);
#2380 = EDGE_LOOP('',(#2381,#2390,#2398,#2405));
#2381 = ORIENTED_EDGE('',*,*,#2382,.F.);
#2382 = EDGE_CURVE('',#2383,#2147,#2385,.T.);
#2383 = VERTEX_POINT('',#2384);
#2384 = CARTESIAN_POINT('',(-0.53,0.3,0.5));
#2385 = CIRCLE('',#2386,3.E-02);
#2386 = AXIS2_PLACEMENT_3D('',#2387,#2388,#2389);
#2387 = CARTESIAN_POINT('',(-0.53,0.3,0.47));
#2388 = DIRECTION('',(-0.,1.,0.));
#2389 = DIRECTION('',(1.,0.,0.));
#2390 = ORIENTED_EDGE('',*,*,#2391,.F.);
#2391 = EDGE_CURVE('',#2392,#2383,#2394,.T.);
#2392 = VERTEX_POINT('',#2393);
#2393 = CARTESIAN_POINT('',(-0.53,-0.3,0.5));
#2394 = LINE('',#2395,#2396);
#2395 = CARTESIAN_POINT('',(-0.53,-0.4,0.5));
#2396 = VECTOR('',#2397,1.);
#2397 = DIRECTION('',(0.,1.,0.));
#2398 = ORIENTED_EDGE('',*,*,#2399,.T.);
#2399 = EDGE_CURVE('',#2392,#2155,#2400,.T.);
#2400 = CIRCLE('',#2401,3.E-02);
#2401 = AXIS2_PLACEMENT_3D('',#2402,#2403,#2404);
#2402 = CARTESIAN_POINT('',(-0.53,-0.3,0.47));
#2403 = DIRECTION('',(-0.,1.,0.));
#2404 = DIRECTION('',(1.,0.,0.));
#2405 = ORIENTED_EDGE('',*,*,#2154,.T.);
#2406 = CYLINDRICAL_SURFACE('',#2407,3.E-02);
#2407 = AXIS2_PLACEMENT_3D('',#2408,#2409,#2410);
#2408 = CARTESIAN_POINT('',(-0.53,-0.4,0.47));
#2409 = DIRECTION('',(0.,1.,0.));
#2410 = DIRECTION('',(1.,0.,0.));
#2411 = ADVANCED_FACE('',(#2412),#2430,.T.);
#2412 = FACE_BOUND('',#2413,.T.);
#2413 = EDGE_LOOP('',(#2414,#2422,#2423,#2424));
#2414 = ORIENTED_EDGE('',*,*,#2415,.F.);
#2415 = EDGE_CURVE('',#2210,#2416,#2418,.T.);
#2416 = VERTEX_POINT('',#2417);
#2417 = CARTESIAN_POINT('',(-0.725,-0.3,0.47));
#2418 = LINE('',#2419,#2420);
#2419 = CARTESIAN_POINT('',(-0.725,-0.35,0.47));
#2420 = VECTOR('',#2421,1.);
#2421 = DIRECTION('',(0.,1.,0.));
#2422 = ORIENTED_EDGE('',*,*,#2217,.T.);
#2423 = ORIENTED_EDGE('',*,*,#2162,.F.);
#2424 = ORIENTED_EDGE('',*,*,#2425,.F.);
#2425 = EDGE_CURVE('',#2416,#2155,#2426,.T.);
#2426 = LINE('',#2427,#2428);
#2427 = CARTESIAN_POINT('',(-2.25E-02,-0.3,0.47));
#2428 = VECTOR('',#2429,1.);
#2429 = DIRECTION('',(1.,0.,0.));
#2430 = PLANE('',#2431);
#2431 = AXIS2_PLACEMENT_3D('',#2432,#2433,#2434);
#2432 = CARTESIAN_POINT('',(-0.77,-0.4,0.47));
#2433 = DIRECTION('',(0.,0.,1.));
#2434 = DIRECTION('',(1.,0.,-0.));
#2435 = ADVANCED_FACE('',(#2436),#2497,.F.);
#2436 = FACE_BOUND('',#2437,.F.);
#2437 = EDGE_LOOP('',(#2438,#2448,#2457,#2465,#2474,#2482,#2488,#2489,
    #2490,#2491));
#2438 = ORIENTED_EDGE('',*,*,#2439,.F.);
#2439 = EDGE_CURVE('',#2440,#2442,#2444,.T.);
#2440 = VERTEX_POINT('',#2441);
#2441 = CARTESIAN_POINT('',(-0.77,-0.4,-3.469446951954E-18));
#2442 = VERTEX_POINT('',#2443);
#2443 = CARTESIAN_POINT('',(-0.725,-0.4,0.));
#2444 = LINE('',#2445,#2446);
#2445 = CARTESIAN_POINT('',(-0.8,-0.4,0.));
#2446 = VECTOR('',#2447,1.);
#2447 = DIRECTION('',(1.,0.,0.));
#2448 = ORIENTED_EDGE('',*,*,#2449,.F.);
#2449 = EDGE_CURVE('',#2450,#2440,#2452,.T.);
#2450 = VERTEX_POINT('',#2451);
#2451 = CARTESIAN_POINT('',(-0.8,-0.4,3.E-02));
#2452 = CIRCLE('',#2453,3.E-02);
#2453 = AXIS2_PLACEMENT_3D('',#2454,#2455,#2456);
#2454 = CARTESIAN_POINT('',(-0.77,-0.4,3.E-02));
#2455 = DIRECTION('',(0.,-1.,0.));
#2456 = DIRECTION('',(0.,0.,1.));
#2457 = ORIENTED_EDGE('',*,*,#2458,.T.);
#2458 = EDGE_CURVE('',#2450,#2459,#2461,.T.);
#2459 = VERTEX_POINT('',#2460);
#2460 = CARTESIAN_POINT('',(-0.8,-0.4,0.47));
#2461 = LINE('',#2462,#2463);
#2462 = CARTESIAN_POINT('',(-0.8,-0.4,0.));
#2463 = VECTOR('',#2464,1.);
#2464 = DIRECTION('',(0.,0.,1.));
#2465 = ORIENTED_EDGE('',*,*,#2466,.T.);
#2466 = EDGE_CURVE('',#2459,#2467,#2469,.T.);
#2467 = VERTEX_POINT('',#2468);
#2468 = CARTESIAN_POINT('',(-0.77,-0.4,0.5));
#2469 = CIRCLE('',#2470,3.E-02);
#2470 = AXIS2_PLACEMENT_3D('',#2471,#2472,#2473);
#2471 = CARTESIAN_POINT('',(-0.77,-0.4,0.47));
#2472 = DIRECTION('',(0.,1.,0.));
#2473 = DIRECTION('',(0.,-0.,1.));
#2474 = ORIENTED_EDGE('',*,*,#2475,.T.);
#2475 = EDGE_CURVE('',#2467,#2476,#2478,.T.);
#2476 = VERTEX_POINT('',#2477);
#2477 = CARTESIAN_POINT('',(-0.725,-0.4,0.5));
#2478 = LINE('',#2479,#2480);
#2479 = CARTESIAN_POINT('',(-0.8,-0.4,0.5));
#2480 = VECTOR('',#2481,1.);
#2481 = DIRECTION('',(1.,0.,0.));
#2482 = ORIENTED_EDGE('',*,*,#2483,.F.);
#2483 = EDGE_CURVE('',#2210,#2476,#2484,.T.);
#2484 = LINE('',#2485,#2486);
#2485 = CARTESIAN_POINT('',(-0.725,-0.4,0.375));
#2486 = VECTOR('',#2487,1.);
#2487 = DIRECTION('',(0.,0.,1.));
#2488 = ORIENTED_EDGE('',*,*,#2209,.F.);
#2489 = ORIENTED_EDGE('',*,*,#2201,.F.);
#2490 = ORIENTED_EDGE('',*,*,#2191,.T.);
#2491 = ORIENTED_EDGE('',*,*,#2492,.F.);
#2492 = EDGE_CURVE('',#2442,#2194,#2493,.T.);
#2493 = LINE('',#2494,#2495);
#2494 = CARTESIAN_POINT('',(-0.725,-0.4,0.375));
#2495 = VECTOR('',#2496,1.);
#2496 = DIRECTION('',(0.,0.,1.));
#2497 = PLANE('',#2498);
#2498 = AXIS2_PLACEMENT_3D('',#2499,#2500,#2501);
#2499 = CARTESIAN_POINT('',(-0.8,-0.4,0.));
#2500 = DIRECTION('',(0.,1.,0.));
#2501 = DIRECTION('',(0.,-0.,1.));
#2502 = ADVANCED_FACE('',(#2503,#2592),#2618,.F.);
#2503 = FACE_BOUND('',#2504,.F.);
#2504 = EDGE_LOOP('',(#2505,#2513,#2514,#2522,#2530,#2538,#2546,#2554,
    #2562,#2570,#2578,#2586));
#2505 = ORIENTED_EDGE('',*,*,#2506,.F.);
#2506 = EDGE_CURVE('',#2194,#2507,#2509,.T.);
#2507 = VERTEX_POINT('',#2508);
#2508 = CARTESIAN_POINT('',(-0.725,-0.3,3.E-02));
#2509 = LINE('',#2510,#2511);
#2510 = CARTESIAN_POINT('',(-0.725,-0.35,3.E-02));
#2511 = VECTOR('',#2512,1.);
#2512 = DIRECTION('',(0.,1.,0.));
#2513 = ORIENTED_EDGE('',*,*,#2256,.T.);
#2514 = ORIENTED_EDGE('',*,*,#2515,.F.);
#2515 = EDGE_CURVE('',#2516,#2249,#2518,.T.);
#2516 = VERTEX_POINT('',#2517);
#2517 = CARTESIAN_POINT('',(0.725,-0.3,3.E-02));
#2518 = LINE('',#2519,#2520);
#2519 = CARTESIAN_POINT('',(0.725,-0.45,3.E-02));
#2520 = VECTOR('',#2521,1.);
#2521 = DIRECTION('',(0.,-1.,0.));
#2522 = ORIENTED_EDGE('',*,*,#2523,.F.);
#2523 = EDGE_CURVE('',#2524,#2516,#2526,.T.);
#2524 = VERTEX_POINT('',#2525);
#2525 = CARTESIAN_POINT('',(0.5,-0.3,3.E-02));
#2526 = LINE('',#2527,#2528);
#2527 = CARTESIAN_POINT('',(-2.25E-02,-0.3,3.E-02));
#2528 = VECTOR('',#2529,1.);
#2529 = DIRECTION('',(1.,0.,0.));
#2530 = ORIENTED_EDGE('',*,*,#2531,.T.);
#2531 = EDGE_CURVE('',#2524,#2532,#2534,.T.);
#2532 = VERTEX_POINT('',#2533);
#2533 = CARTESIAN_POINT('',(0.5,0.3,3.E-02));
#2534 = LINE('',#2535,#2536);
#2535 = CARTESIAN_POINT('',(0.5,-0.4,3.E-02));
#2536 = VECTOR('',#2537,1.);
#2537 = DIRECTION('',(0.,1.,0.));
#2538 = ORIENTED_EDGE('',*,*,#2539,.F.);
#2539 = EDGE_CURVE('',#2540,#2532,#2542,.T.);
#2540 = VERTEX_POINT('',#2541);
#2541 = CARTESIAN_POINT('',(0.725,0.3,3.E-02));
#2542 = LINE('',#2543,#2544);
#2543 = CARTESIAN_POINT('',(-0.7475,0.3,3.E-02));
#2544 = VECTOR('',#2545,1.);
#2545 = DIRECTION('',(-1.,0.,0.));
#2546 = ORIENTED_EDGE('',*,*,#2547,.F.);
#2547 = EDGE_CURVE('',#2548,#2540,#2550,.T.);
#2548 = VERTEX_POINT('',#2549);
#2549 = CARTESIAN_POINT('',(0.725,0.4,3.E-02));
#2550 = LINE('',#2551,#2552);
#2551 = CARTESIAN_POINT('',(0.725,-5.E-02,3.E-02));
#2552 = VECTOR('',#2553,1.);
#2553 = DIRECTION('',(0.,-1.,0.));
#2554 = ORIENTED_EDGE('',*,*,#2555,.F.);
#2555 = EDGE_CURVE('',#2556,#2548,#2558,.T.);
#2556 = VERTEX_POINT('',#2557);
#2557 = CARTESIAN_POINT('',(-0.725,0.4,3.E-02));
#2558 = LINE('',#2559,#2560);
#2559 = CARTESIAN_POINT('',(-0.77,0.4,3.E-02));
#2560 = VECTOR('',#2561,1.);
#2561 = DIRECTION('',(1.,0.,0.));
#2562 = ORIENTED_EDGE('',*,*,#2563,.F.);
#2563 = EDGE_CURVE('',#2564,#2556,#2566,.T.);
#2564 = VERTEX_POINT('',#2565);
#2565 = CARTESIAN_POINT('',(-0.725,0.3,3.E-02));
#2566 = LINE('',#2567,#2568);
#2567 = CARTESIAN_POINT('',(-0.725,5.E-02,3.E-02));
#2568 = VECTOR('',#2569,1.);
#2569 = DIRECTION('',(0.,1.,0.));
#2570 = ORIENTED_EDGE('',*,*,#2571,.F.);
#2571 = EDGE_CURVE('',#2572,#2564,#2574,.T.);
#2572 = VERTEX_POINT('',#2573);
#2573 = CARTESIAN_POINT('',(-0.5,0.3,3.E-02));
#2574 = LINE('',#2575,#2576);
#2575 = CARTESIAN_POINT('',(-0.7475,0.3,3.E-02));
#2576 = VECTOR('',#2577,1.);
#2577 = DIRECTION('',(-1.,0.,0.));
#2578 = ORIENTED_EDGE('',*,*,#2579,.F.);
#2579 = EDGE_CURVE('',#2580,#2572,#2582,.T.);
#2580 = VERTEX_POINT('',#2581);
#2581 = CARTESIAN_POINT('',(-0.5,-0.3,3.E-02));
#2582 = LINE('',#2583,#2584);
#2583 = CARTESIAN_POINT('',(-0.5,-0.4,3.E-02));
#2584 = VECTOR('',#2585,1.);
#2585 = DIRECTION('',(0.,1.,0.));
#2586 = ORIENTED_EDGE('',*,*,#2587,.F.);
#2587 = EDGE_CURVE('',#2507,#2580,#2588,.T.);
#2588 = LINE('',#2589,#2590);
#2589 = CARTESIAN_POINT('',(-2.25E-02,-0.3,3.E-02));
#2590 = VECTOR('',#2591,1.);
#2591 = DIRECTION('',(1.,0.,0.));
#2592 = FACE_BOUND('',#2593,.F.);
#2593 = EDGE_LOOP('',(#2594,#2604,#2612));
#2594 = ORIENTED_EDGE('',*,*,#2595,.T.);
#2595 = EDGE_CURVE('',#2596,#2598,#2600,.T.);
#2596 = VERTEX_POINT('',#2597);
#2597 = CARTESIAN_POINT('',(0.277128129211,0.32,3.E-02));
#2598 = VERTEX_POINT('',#2599);
#2599 = CARTESIAN_POINT('',(0.277128129211,-0.32,3.E-02));
#2600 = LINE('',#2601,#2602);
#2601 = CARTESIAN_POINT('',(0.277128129211,0.32,3.E-02));
#2602 = VECTOR('',#2603,1.);
#2603 = DIRECTION('',(0.,-1.,0.));
#2604 = ORIENTED_EDGE('',*,*,#2605,.T.);
#2605 = EDGE_CURVE('',#2598,#2606,#2608,.T.);
#2606 = VERTEX_POINT('',#2607);
#2607 = CARTESIAN_POINT('',(-0.277128129211,0.,3.E-02));
#2608 = LINE('',#2609,#2610);
#2609 = CARTESIAN_POINT('',(0.277128129211,-0.32,3.E-02));
#2610 = VECTOR('',#2611,1.);
#2611 = DIRECTION('',(-0.866025403784,0.5,0.));
#2612 = ORIENTED_EDGE('',*,*,#2613,.T.);
#2613 = EDGE_CURVE('',#2606,#2596,#2614,.T.);
#2614 = LINE('',#2615,#2616);
#2615 = CARTESIAN_POINT('',(-0.277128129211,0.,3.E-02));
#2616 = VECTOR('',#2617,1.);
#2617 = DIRECTION('',(0.866025403784,0.5,0.));
#2618 = PLANE('',#2619);
#2619 = AXIS2_PLACEMENT_3D('',#2620,#2621,#2622);
#2620 = CARTESIAN_POINT('',(-0.77,-0.4,3.E-02));
#2621 = DIRECTION('',(0.,0.,1.));
#2622 = DIRECTION('',(1.,0.,-0.));
#2623 = ADVANCED_FACE('',(#2624),#2685,.F.);
#2624 = FACE_BOUND('',#2625,.F.);
#2625 = EDGE_LOOP('',(#2626,#2636,#2642,#2643,#2644,#2645,#2653,#2661,
    #2670,#2678));
#2626 = ORIENTED_EDGE('',*,*,#2627,.F.);
#2627 = EDGE_CURVE('',#2628,#2630,#2632,.T.);
#2628 = VERTEX_POINT('',#2629);
#2629 = CARTESIAN_POINT('',(0.725,-0.4,0.));
#2630 = VERTEX_POINT('',#2631);
#2631 = CARTESIAN_POINT('',(0.77,-0.4,-3.469446951954E-18));
#2632 = LINE('',#2633,#2634);
#2633 = CARTESIAN_POINT('',(0.5,-0.4,0.));
#2634 = VECTOR('',#2635,1.);
#2635 = DIRECTION('',(1.,0.,0.));
#2636 = ORIENTED_EDGE('',*,*,#2637,.F.);
#2637 = EDGE_CURVE('',#2249,#2628,#2638,.T.);
#2638 = LINE('',#2639,#2640);
#2639 = CARTESIAN_POINT('',(0.725,-0.4,0.375));
#2640 = VECTOR('',#2641,1.);
#2641 = DIRECTION('',(0.,0.,-1.));
#2642 = ORIENTED_EDGE('',*,*,#2248,.T.);
#2643 = ORIENTED_EDGE('',*,*,#2240,.T.);
#2644 = ORIENTED_EDGE('',*,*,#2232,.F.);
#2645 = ORIENTED_EDGE('',*,*,#2646,.F.);
#2646 = EDGE_CURVE('',#2647,#2225,#2649,.T.);
#2647 = VERTEX_POINT('',#2648);
#2648 = CARTESIAN_POINT('',(0.725,-0.4,0.5));
#2649 = LINE('',#2650,#2651);
#2650 = CARTESIAN_POINT('',(0.725,-0.4,0.375));
#2651 = VECTOR('',#2652,1.);
#2652 = DIRECTION('',(0.,0.,-1.));
#2653 = ORIENTED_EDGE('',*,*,#2654,.T.);
#2654 = EDGE_CURVE('',#2647,#2655,#2657,.T.);
#2655 = VERTEX_POINT('',#2656);
#2656 = CARTESIAN_POINT('',(0.77,-0.4,0.5));
#2657 = LINE('',#2658,#2659);
#2658 = CARTESIAN_POINT('',(0.5,-0.4,0.5));
#2659 = VECTOR('',#2660,1.);
#2660 = DIRECTION('',(1.,0.,0.));
#2661 = ORIENTED_EDGE('',*,*,#2662,.F.);
#2662 = EDGE_CURVE('',#2663,#2655,#2665,.T.);
#2663 = VERTEX_POINT('',#2664);
#2664 = CARTESIAN_POINT('',(0.8,-0.4,0.47));
#2665 = CIRCLE('',#2666,3.E-02);
#2666 = AXIS2_PLACEMENT_3D('',#2667,#2668,#2669);
#2667 = CARTESIAN_POINT('',(0.77,-0.4,0.47));
#2668 = DIRECTION('',(0.,-1.,0.));
#2669 = DIRECTION('',(0.,0.,1.));
#2670 = ORIENTED_EDGE('',*,*,#2671,.F.);
#2671 = EDGE_CURVE('',#2672,#2663,#2674,.T.);
#2672 = VERTEX_POINT('',#2673);
#2673 = CARTESIAN_POINT('',(0.8,-0.4,3.E-02));
#2674 = LINE('',#2675,#2676);
#2675 = CARTESIAN_POINT('',(0.8,-0.4,0.));
#2676 = VECTOR('',#2677,1.);
#2677 = DIRECTION('',(0.,0.,1.));
#2678 = ORIENTED_EDGE('',*,*,#2679,.T.);
#2679 = EDGE_CURVE('',#2672,#2630,#2680,.T.);
#2680 = CIRCLE('',#2681,3.E-02);
#2681 = AXIS2_PLACEMENT_3D('',#2682,#2683,#2684);
#2682 = CARTESIAN_POINT('',(0.77,-0.4,3.E-02));
#2683 = DIRECTION('',(0.,1.,0.));
#2684 = DIRECTION('',(0.,-0.,1.));
#2685 = PLANE('',#2686);
#2686 = AXIS2_PLACEMENT_3D('',#2687,#2688,#2689);
#2687 = CARTESIAN_POINT('',(0.5,-0.4,0.));
#2688 = DIRECTION('',(0.,1.,0.));
#2689 = DIRECTION('',(0.,-0.,1.));
#2690 = ADVANCED_FACE('',(#2691),#2709,.T.);
#2691 = FACE_BOUND('',#2692,.T.);
#2692 = EDGE_LOOP('',(#2693,#2701,#2702,#2703));
#2693 = ORIENTED_EDGE('',*,*,#2694,.F.);
#2694 = EDGE_CURVE('',#2297,#2695,#2697,.T.);
#2695 = VERTEX_POINT('',#2696);
#2696 = CARTESIAN_POINT('',(0.725,-0.3,0.47));
#2697 = LINE('',#2698,#2699);
#2698 = CARTESIAN_POINT('',(-2.25E-02,-0.3,0.47));
#2699 = VECTOR('',#2700,1.);
#2700 = DIRECTION('',(1.,0.,0.));
#2701 = ORIENTED_EDGE('',*,*,#2296,.T.);
#2702 = ORIENTED_EDGE('',*,*,#2224,.T.);
#2703 = ORIENTED_EDGE('',*,*,#2704,.F.);
#2704 = EDGE_CURVE('',#2695,#2225,#2705,.T.);
#2705 = LINE('',#2706,#2707);
#2706 = CARTESIAN_POINT('',(0.725,-0.45,0.47));
#2707 = VECTOR('',#2708,1.);
#2708 = DIRECTION('',(0.,-1.,0.));
#2709 = PLANE('',#2710);
#2710 = AXIS2_PLACEMENT_3D('',#2711,#2712,#2713);
#2711 = CARTESIAN_POINT('',(-0.77,-0.4,0.47));
#2712 = DIRECTION('',(0.,0.,1.));
#2713 = DIRECTION('',(1.,0.,-0.));
#2714 = ADVANCED_FACE('',(#2715),#2740,.T.);
#2715 = FACE_BOUND('',#2716,.T.);
#2716 = EDGE_LOOP('',(#2717,#2725,#2726,#2734));
#2717 = ORIENTED_EDGE('',*,*,#2718,.F.);
#2718 = EDGE_CURVE('',#2313,#2719,#2721,.T.);
#2719 = VERTEX_POINT('',#2720);
#2720 = CARTESIAN_POINT('',(0.725,0.4,0.47));
#2721 = LINE('',#2722,#2723);
#2722 = CARTESIAN_POINT('',(-0.77,0.4,0.47));
#2723 = VECTOR('',#2724,1.);
#2724 = DIRECTION('',(1.,0.,0.));
#2725 = ORIENTED_EDGE('',*,*,#2312,.T.);
#2726 = ORIENTED_EDGE('',*,*,#2727,.F.);
#2727 = EDGE_CURVE('',#2728,#2305,#2730,.T.);
#2728 = VERTEX_POINT('',#2729);
#2729 = CARTESIAN_POINT('',(0.725,0.3,0.47));
#2730 = LINE('',#2731,#2732);
#2731 = CARTESIAN_POINT('',(-0.7475,0.3,0.47));
#2732 = VECTOR('',#2733,1.);
#2733 = DIRECTION('',(-1.,0.,0.));
#2734 = ORIENTED_EDGE('',*,*,#2735,.F.);
#2735 = EDGE_CURVE('',#2719,#2728,#2736,.T.);
#2736 = LINE('',#2737,#2738);
#2737 = CARTESIAN_POINT('',(0.725,-5.E-02,0.47));
#2738 = VECTOR('',#2739,1.);
#2739 = DIRECTION('',(0.,-1.,0.));
#2740 = PLANE('',#2741);
#2741 = AXIS2_PLACEMENT_3D('',#2742,#2743,#2744);
#2742 = CARTESIAN_POINT('',(-0.77,-0.4,0.47));
#2743 = DIRECTION('',(0.,0.,1.));
#2744 = DIRECTION('',(1.,0.,-0.));
#2745 = ADVANCED_FACE('',(#2746),#2773,.T.);
#2746 = FACE_BOUND('',#2747,.T.);
#2747 = EDGE_LOOP('',(#2748,#2749,#2758,#2766));
#2748 = ORIENTED_EDGE('',*,*,#2304,.F.);
#2749 = ORIENTED_EDGE('',*,*,#2750,.T.);
#2750 = EDGE_CURVE('',#2297,#2751,#2753,.T.);
#2751 = VERTEX_POINT('',#2752);
#2752 = CARTESIAN_POINT('',(0.53,-0.3,0.5));
#2753 = CIRCLE('',#2754,3.E-02);
#2754 = AXIS2_PLACEMENT_3D('',#2755,#2756,#2757);
#2755 = CARTESIAN_POINT('',(0.53,-0.3,0.47));
#2756 = DIRECTION('',(0.,1.,-0.));
#2757 = DIRECTION('',(-1.,0.,0.));
#2758 = ORIENTED_EDGE('',*,*,#2759,.T.);
#2759 = EDGE_CURVE('',#2751,#2760,#2762,.T.);
#2760 = VERTEX_POINT('',#2761);
#2761 = CARTESIAN_POINT('',(0.53,0.3,0.5));
#2762 = LINE('',#2763,#2764);
#2763 = CARTESIAN_POINT('',(0.53,-0.4,0.5));
#2764 = VECTOR('',#2765,1.);
#2765 = DIRECTION('',(0.,1.,0.));
#2766 = ORIENTED_EDGE('',*,*,#2767,.F.);
#2767 = EDGE_CURVE('',#2305,#2760,#2768,.T.);
#2768 = CIRCLE('',#2769,3.E-02);
#2769 = AXIS2_PLACEMENT_3D('',#2770,#2771,#2772);
#2770 = CARTESIAN_POINT('',(0.53,0.3,0.47));
#2771 = DIRECTION('',(0.,1.,-0.));
#2772 = DIRECTION('',(-1.,0.,0.));
#2773 = CYLINDRICAL_SURFACE('',#2774,3.E-02);
#2774 = AXIS2_PLACEMENT_3D('',#2775,#2776,#2777);
#2775 = CARTESIAN_POINT('',(0.53,-0.4,0.47));
#2776 = DIRECTION('',(0.,1.,0.));
#2777 = DIRECTION('',(-1.,0.,0.));
#2778 = ADVANCED_FACE('',(#2779),#2829,.T.);
#2779 = FACE_BOUND('',#2780,.T.);
#2780 = EDGE_LOOP('',(#2781,#2789,#2797,#2803,#2804,#2805,#2806,#2814,
    #2822,#2828));
#2781 = ORIENTED_EDGE('',*,*,#2782,.F.);
#2782 = EDGE_CURVE('',#2783,#2556,#2785,.T.);
#2783 = VERTEX_POINT('',#2784);
#2784 = CARTESIAN_POINT('',(-0.77,0.4,3.E-02));
#2785 = LINE('',#2786,#2787);
#2786 = CARTESIAN_POINT('',(-0.77,0.4,3.E-02));
#2787 = VECTOR('',#2788,1.);
#2788 = DIRECTION('',(1.,0.,0.));
#2789 = ORIENTED_EDGE('',*,*,#2790,.T.);
#2790 = EDGE_CURVE('',#2783,#2791,#2793,.T.);
#2791 = VERTEX_POINT('',#2792);
#2792 = CARTESIAN_POINT('',(-0.77,0.4,0.47));
#2793 = LINE('',#2794,#2795);
#2794 = CARTESIAN_POINT('',(-0.77,0.4,3.E-02));
#2795 = VECTOR('',#2796,1.);
#2796 = DIRECTION('',(0.,0.,1.));
#2797 = ORIENTED_EDGE('',*,*,#2798,.T.);
#2798 = EDGE_CURVE('',#2791,#2335,#2799,.T.);
#2799 = LINE('',#2800,#2801);
#2800 = CARTESIAN_POINT('',(-0.77,0.4,0.47));
#2801 = VECTOR('',#2802,1.);
#2802 = DIRECTION('',(1.,0.,0.));
#2803 = ORIENTED_EDGE('',*,*,#2334,.T.);
#2804 = ORIENTED_EDGE('',*,*,#2368,.F.);
#2805 = ORIENTED_EDGE('',*,*,#2718,.T.);
#2806 = ORIENTED_EDGE('',*,*,#2807,.T.);
#2807 = EDGE_CURVE('',#2719,#2808,#2810,.T.);
#2808 = VERTEX_POINT('',#2809);
#2809 = CARTESIAN_POINT('',(0.77,0.4,0.47));
#2810 = LINE('',#2811,#2812);
#2811 = CARTESIAN_POINT('',(-0.77,0.4,0.47));
#2812 = VECTOR('',#2813,1.);
#2813 = DIRECTION('',(1.,0.,0.));
#2814 = ORIENTED_EDGE('',*,*,#2815,.F.);
#2815 = EDGE_CURVE('',#2816,#2808,#2818,.T.);
#2816 = VERTEX_POINT('',#2817);
#2817 = CARTESIAN_POINT('',(0.77,0.4,3.E-02));
#2818 = LINE('',#2819,#2820);
#2819 = CARTESIAN_POINT('',(0.77,0.4,3.E-02));
#2820 = VECTOR('',#2821,1.);
#2821 = DIRECTION('',(0.,0.,1.));
#2822 = ORIENTED_EDGE('',*,*,#2823,.F.);
#2823 = EDGE_CURVE('',#2548,#2816,#2824,.T.);
#2824 = LINE('',#2825,#2826);
#2825 = CARTESIAN_POINT('',(-0.77,0.4,3.E-02));
#2826 = VECTOR('',#2827,1.);
#2827 = DIRECTION('',(1.,0.,0.));
#2828 = ORIENTED_EDGE('',*,*,#2555,.F.);
#2829 = PLANE('',#2830);
#2830 = AXIS2_PLACEMENT_3D('',#2831,#2832,#2833);
#2831 = CARTESIAN_POINT('',(-0.77,0.4,3.E-02));
#2832 = DIRECTION('',(0.,1.,0.));
#2833 = DIRECTION('',(0.,-0.,1.));
#2834 = ADVANCED_FACE('',(#2835),#2853,.F.);
#2835 = FACE_BOUND('',#2836,.F.);
#2836 = EDGE_LOOP('',(#2837,#2845,#2851,#2852));
#2837 = ORIENTED_EDGE('',*,*,#2838,.F.);
#2838 = EDGE_CURVE('',#2839,#2383,#2841,.T.);
#2839 = VERTEX_POINT('',#2840);
#2840 = CARTESIAN_POINT('',(-0.725,0.3,0.5));
#2841 = LINE('',#2842,#2843);
#2842 = CARTESIAN_POINT('',(-0.7625,0.3,0.5));
#2843 = VECTOR('',#2844,1.);
#2844 = DIRECTION('',(1.,0.,0.));
#2845 = ORIENTED_EDGE('',*,*,#2846,.T.);
#2846 = EDGE_CURVE('',#2839,#2343,#2847,.T.);
#2847 = LINE('',#2848,#2849);
#2848 = CARTESIAN_POINT('',(-0.725,0.3,0.75));
#2849 = VECTOR('',#2850,1.);
#2850 = DIRECTION('',(-0.,-0.,-1.));
#2851 = ORIENTED_EDGE('',*,*,#2350,.F.);
#2852 = ORIENTED_EDGE('',*,*,#2382,.F.);
#2853 = PLANE('',#2854);
#2854 = AXIS2_PLACEMENT_3D('',#2855,#2856,#2857);
#2855 = CARTESIAN_POINT('',(-0.725,0.3,0.75));
#2856 = DIRECTION('',(0.,-1.,0.));
#2857 = DIRECTION('',(1.,0.,0.));
#2858 = ADVANCED_FACE('',(#2859),#2877,.F.);
#2859 = FACE_BOUND('',#2860,.F.);
#2860 = EDGE_LOOP('',(#2861,#2862,#2870,#2876));
#2861 = ORIENTED_EDGE('',*,*,#2846,.F.);
#2862 = ORIENTED_EDGE('',*,*,#2863,.F.);
#2863 = EDGE_CURVE('',#2864,#2839,#2866,.T.);
#2864 = VERTEX_POINT('',#2865);
#2865 = CARTESIAN_POINT('',(-0.725,0.4,0.5));
#2866 = LINE('',#2867,#2868);
#2867 = CARTESIAN_POINT('',(-0.725,5.E-02,0.5));
#2868 = VECTOR('',#2869,1.);
#2869 = DIRECTION('',(0.,-1.,0.));
#2870 = ORIENTED_EDGE('',*,*,#2871,.F.);
#2871 = EDGE_CURVE('',#2335,#2864,#2872,.T.);
#2872 = LINE('',#2873,#2874);
#2873 = CARTESIAN_POINT('',(-0.725,0.4,0.375));
#2874 = VECTOR('',#2875,1.);
#2875 = DIRECTION('',(0.,0.,1.));
#2876 = ORIENTED_EDGE('',*,*,#2342,.F.);
#2877 = PLANE('',#2878);
#2878 = AXIS2_PLACEMENT_3D('',#2879,#2880,#2881);
#2879 = CARTESIAN_POINT('',(-0.725,0.5,0.75));
#2880 = DIRECTION('',(-1.,0.,0.));
#2881 = DIRECTION('',(0.,-1.,0.));
#2882 = ADVANCED_FACE('',(#2883),#2901,.F.);
#2883 = FACE_BOUND('',#2884,.F.);
#2884 = EDGE_LOOP('',(#2885,#2893,#2899,#2900));
#2885 = ORIENTED_EDGE('',*,*,#2886,.F.);
#2886 = EDGE_CURVE('',#2887,#2416,#2889,.T.);
#2887 = VERTEX_POINT('',#2888);
#2888 = CARTESIAN_POINT('',(-0.725,-0.3,0.5));
#2889 = LINE('',#2890,#2891);
#2890 = CARTESIAN_POINT('',(-0.725,-0.3,0.75));
#2891 = VECTOR('',#2892,1.);
#2892 = DIRECTION('',(-0.,-0.,-1.));
#2893 = ORIENTED_EDGE('',*,*,#2894,.F.);
#2894 = EDGE_CURVE('',#2392,#2887,#2895,.T.);
#2895 = LINE('',#2896,#2897);
#2896 = CARTESIAN_POINT('',(-3.75E-02,-0.3,0.5));
#2897 = VECTOR('',#2898,1.);
#2898 = DIRECTION('',(-1.,0.,0.));
#2899 = ORIENTED_EDGE('',*,*,#2399,.T.);
#2900 = ORIENTED_EDGE('',*,*,#2425,.F.);
#2901 = PLANE('',#2902);
#2902 = AXIS2_PLACEMENT_3D('',#2903,#2904,#2905);
#2903 = CARTESIAN_POINT('',(0.725,-0.3,0.75));
#2904 = DIRECTION('',(0.,1.,0.));
#2905 = DIRECTION('',(-1.,0.,0.));
#2906 = ADVANCED_FACE('',(#2907),#2934,.T.);
#2907 = FACE_BOUND('',#2908,.T.);
#2908 = EDGE_LOOP('',(#2909,#2917,#2923,#2924,#2930,#2931,#2932,#2933));
#2909 = ORIENTED_EDGE('',*,*,#2910,.F.);
#2910 = EDGE_CURVE('',#2911,#2864,#2913,.T.);
#2911 = VERTEX_POINT('',#2912);
#2912 = CARTESIAN_POINT('',(-0.77,0.4,0.5));
#2913 = LINE('',#2914,#2915);
#2914 = CARTESIAN_POINT('',(-0.8,0.4,0.5));
#2915 = VECTOR('',#2916,1.);
#2916 = DIRECTION('',(1.,0.,0.));
#2917 = ORIENTED_EDGE('',*,*,#2918,.F.);
#2918 = EDGE_CURVE('',#2467,#2911,#2919,.T.);
#2919 = LINE('',#2920,#2921);
#2920 = CARTESIAN_POINT('',(-0.77,-0.4,0.5));
#2921 = VECTOR('',#2922,1.);
#2922 = DIRECTION('',(0.,1.,0.));
#2923 = ORIENTED_EDGE('',*,*,#2475,.T.);
#2924 = ORIENTED_EDGE('',*,*,#2925,.F.);
#2925 = EDGE_CURVE('',#2887,#2476,#2926,.T.);
#2926 = LINE('',#2927,#2928);
#2927 = CARTESIAN_POINT('',(-0.725,-0.35,0.5));
#2928 = VECTOR('',#2929,1.);
#2929 = DIRECTION('',(0.,-1.,0.));
#2930 = ORIENTED_EDGE('',*,*,#2894,.F.);
#2931 = ORIENTED_EDGE('',*,*,#2391,.T.);
#2932 = ORIENTED_EDGE('',*,*,#2838,.F.);
#2933 = ORIENTED_EDGE('',*,*,#2863,.F.);
#2934 = PLANE('',#2935);
#2935 = AXIS2_PLACEMENT_3D('',#2936,#2937,#2938);
#2936 = CARTESIAN_POINT('',(-0.8,-0.4,0.5));
#2937 = DIRECTION('',(0.,0.,1.));
#2938 = DIRECTION('',(1.,0.,-0.));
#2939 = ADVANCED_FACE('',(#2940),#2946,.F.);
#2940 = FACE_BOUND('',#2941,.F.);
#2941 = EDGE_LOOP('',(#2942,#2943,#2944,#2945));
#2942 = ORIENTED_EDGE('',*,*,#2925,.F.);
#2943 = ORIENTED_EDGE('',*,*,#2886,.T.);
#2944 = ORIENTED_EDGE('',*,*,#2415,.F.);
#2945 = ORIENTED_EDGE('',*,*,#2483,.T.);
#2946 = PLANE('',#2947);
#2947 = AXIS2_PLACEMENT_3D('',#2948,#2949,#2950);
#2948 = CARTESIAN_POINT('',(-0.725,-0.3,0.75));
#2949 = DIRECTION('',(-1.,0.,0.));
#2950 = DIRECTION('',(0.,-1.,0.));
#2951 = ADVANCED_FACE('',(#2952),#3009,.F.);
#2952 = FACE_BOUND('',#2953,.F.);
#2953 = EDGE_LOOP('',(#2954,#2964,#2970,#2971,#2979,#2987,#2995,#3003));
#2954 = ORIENTED_EDGE('',*,*,#2955,.F.);
#2955 = EDGE_CURVE('',#2956,#2958,#2960,.T.);
#2956 = VERTEX_POINT('',#2957);
#2957 = CARTESIAN_POINT('',(-0.77,0.4,-3.469446951954E-18));
#2958 = VERTEX_POINT('',#2959);
#2959 = CARTESIAN_POINT('',(-0.725,0.4,0.));
#2960 = LINE('',#2961,#2962);
#2961 = CARTESIAN_POINT('',(-0.8,0.4,0.));
#2962 = VECTOR('',#2963,1.);
#2963 = DIRECTION('',(1.,0.,0.));
#2964 = ORIENTED_EDGE('',*,*,#2965,.F.);
#2965 = EDGE_CURVE('',#2440,#2956,#2966,.T.);
#2966 = LINE('',#2967,#2968);
#2967 = CARTESIAN_POINT('',(-0.77,-0.4,-3.469446951954E-18));
#2968 = VECTOR('',#2969,1.);
#2969 = DIRECTION('',(0.,1.,0.));
#2970 = ORIENTED_EDGE('',*,*,#2439,.T.);
#2971 = ORIENTED_EDGE('',*,*,#2972,.F.);
#2972 = EDGE_CURVE('',#2973,#2442,#2975,.T.);
#2973 = VERTEX_POINT('',#2974);
#2974 = CARTESIAN_POINT('',(-0.725,-0.3,0.));
#2975 = LINE('',#2976,#2977);
#2976 = CARTESIAN_POINT('',(-0.725,-0.35,0.));
#2977 = VECTOR('',#2978,1.);
#2978 = DIRECTION('',(0.,-1.,0.));
#2979 = ORIENTED_EDGE('',*,*,#2980,.F.);
#2980 = EDGE_CURVE('',#2981,#2973,#2983,.T.);
#2981 = VERTEX_POINT('',#2982);
#2982 = CARTESIAN_POINT('',(-0.53,-0.3,-3.469446951954E-18));
#2983 = LINE('',#2984,#2985);
#2984 = CARTESIAN_POINT('',(-3.75E-02,-0.3,0.));
#2985 = VECTOR('',#2986,1.);
#2986 = DIRECTION('',(-1.,0.,0.));
#2987 = ORIENTED_EDGE('',*,*,#2988,.T.);
#2988 = EDGE_CURVE('',#2981,#2989,#2991,.T.);
#2989 = VERTEX_POINT('',#2990);
#2990 = CARTESIAN_POINT('',(-0.53,0.3,-3.469446951954E-18));
#2991 = LINE('',#2992,#2993);
#2992 = CARTESIAN_POINT('',(-0.53,-0.4,-3.469446951954E-18));
#2993 = VECTOR('',#2994,1.);
#2994 = DIRECTION('',(0.,1.,0.));
#2995 = ORIENTED_EDGE('',*,*,#2996,.F.);
#2996 = EDGE_CURVE('',#2997,#2989,#2999,.T.);
#2997 = VERTEX_POINT('',#2998);
#2998 = CARTESIAN_POINT('',(-0.725,0.3,0.));
#2999 = LINE('',#3000,#3001);
#3000 = CARTESIAN_POINT('',(-0.7625,0.3,0.));
#3001 = VECTOR('',#3002,1.);
#3002 = DIRECTION('',(1.,0.,0.));
#3003 = ORIENTED_EDGE('',*,*,#3004,.F.);
#3004 = EDGE_CURVE('',#2958,#2997,#3005,.T.);
#3005 = LINE('',#3006,#3007);
#3006 = CARTESIAN_POINT('',(-0.725,5.E-02,0.));
#3007 = VECTOR('',#3008,1.);
#3008 = DIRECTION('',(0.,-1.,0.));
#3009 = PLANE('',#3010);
#3010 = AXIS2_PLACEMENT_3D('',#3011,#3012,#3013);
#3011 = CARTESIAN_POINT('',(-0.8,-0.4,0.));
#3012 = DIRECTION('',(0.,0.,1.));
#3013 = DIRECTION('',(1.,0.,-0.));
#3014 = ADVANCED_FACE('',(#3015),#3034,.T.);
#3015 = FACE_BOUND('',#3016,.T.);
#3016 = EDGE_LOOP('',(#3017,#3025,#3032,#3033));
#3017 = ORIENTED_EDGE('',*,*,#3018,.T.);
#3018 = EDGE_CURVE('',#2450,#3019,#3021,.T.);
#3019 = VERTEX_POINT('',#3020);
#3020 = CARTESIAN_POINT('',(-0.8,0.4,3.E-02));
#3021 = LINE('',#3022,#3023);
#3022 = CARTESIAN_POINT('',(-0.8,-0.4,3.E-02));
#3023 = VECTOR('',#3024,1.);
#3024 = DIRECTION('',(0.,1.,0.));
#3025 = ORIENTED_EDGE('',*,*,#3026,.T.);
#3026 = EDGE_CURVE('',#3019,#2956,#3027,.T.);
#3027 = CIRCLE('',#3028,3.E-02);
#3028 = AXIS2_PLACEMENT_3D('',#3029,#3030,#3031);
#3029 = CARTESIAN_POINT('',(-0.77,0.4,3.E-02));
#3030 = DIRECTION('',(0.,-1.,0.));
#3031 = DIRECTION('',(0.,0.,1.));
#3032 = ORIENTED_EDGE('',*,*,#2965,.F.);
#3033 = ORIENTED_EDGE('',*,*,#2449,.F.);
#3034 = CYLINDRICAL_SURFACE('',#3035,3.E-02);
#3035 = AXIS2_PLACEMENT_3D('',#3036,#3037,#3038);
#3036 = CARTESIAN_POINT('',(-0.77,-0.4,3.E-02));
#3037 = DIRECTION('',(0.,1.,0.));
#3038 = DIRECTION('',(-1.,0.,0.));
#3039 = ADVANCED_FACE('',(#3040),#3051,.F.);
#3040 = FACE_BOUND('',#3041,.F.);
#3041 = EDGE_LOOP('',(#3042,#3043,#3049,#3050));
#3042 = ORIENTED_EDGE('',*,*,#2506,.T.);
#3043 = ORIENTED_EDGE('',*,*,#3044,.T.);
#3044 = EDGE_CURVE('',#2507,#2973,#3045,.T.);
#3045 = LINE('',#3046,#3047);
#3046 = CARTESIAN_POINT('',(-0.725,-0.3,0.75));
#3047 = VECTOR('',#3048,1.);
#3048 = DIRECTION('',(-0.,-0.,-1.));
#3049 = ORIENTED_EDGE('',*,*,#2972,.T.);
#3050 = ORIENTED_EDGE('',*,*,#2492,.T.);
#3051 = PLANE('',#3052);
#3052 = AXIS2_PLACEMENT_3D('',#3053,#3054,#3055);
#3053 = CARTESIAN_POINT('',(-0.725,-0.3,0.75));
#3054 = DIRECTION('',(-1.,0.,0.));
#3055 = DIRECTION('',(0.,-1.,0.));
#3056 = ADVANCED_FACE('',(#3057),#3075,.F.);
#3057 = FACE_BOUND('',#3058,.F.);
#3058 = EDGE_LOOP('',(#3059,#3060,#3061,#3069));
#3059 = ORIENTED_EDGE('',*,*,#2458,.F.);
#3060 = ORIENTED_EDGE('',*,*,#3018,.T.);
#3061 = ORIENTED_EDGE('',*,*,#3062,.T.);
#3062 = EDGE_CURVE('',#3019,#3063,#3065,.T.);
#3063 = VERTEX_POINT('',#3064);
#3064 = CARTESIAN_POINT('',(-0.8,0.4,0.47));
#3065 = LINE('',#3066,#3067);
#3066 = CARTESIAN_POINT('',(-0.8,0.4,0.));
#3067 = VECTOR('',#3068,1.);
#3068 = DIRECTION('',(0.,0.,1.));
#3069 = ORIENTED_EDGE('',*,*,#3070,.F.);
#3070 = EDGE_CURVE('',#2459,#3063,#3071,.T.);
#3071 = LINE('',#3072,#3073);
#3072 = CARTESIAN_POINT('',(-0.8,-0.4,0.47));
#3073 = VECTOR('',#3074,1.);
#3074 = DIRECTION('',(0.,1.,0.));
#3075 = PLANE('',#3076);
#3076 = AXIS2_PLACEMENT_3D('',#3077,#3078,#3079);
#3077 = CARTESIAN_POINT('',(-0.8,-0.4,0.));
#3078 = DIRECTION('',(1.,0.,0.));
#3079 = DIRECTION('',(0.,0.,1.));
#3080 = ADVANCED_FACE('',(#3081),#3093,.T.);
#3081 = FACE_BOUND('',#3082,.T.);
#3082 = EDGE_LOOP('',(#3083,#3084,#3085,#3092));
#3083 = ORIENTED_EDGE('',*,*,#2466,.T.);
#3084 = ORIENTED_EDGE('',*,*,#2918,.T.);
#3085 = ORIENTED_EDGE('',*,*,#3086,.F.);
#3086 = EDGE_CURVE('',#3063,#2911,#3087,.T.);
#3087 = CIRCLE('',#3088,3.E-02);
#3088 = AXIS2_PLACEMENT_3D('',#3089,#3090,#3091);
#3089 = CARTESIAN_POINT('',(-0.77,0.4,0.47));
#3090 = DIRECTION('',(0.,1.,0.));
#3091 = DIRECTION('',(0.,-0.,1.));
#3092 = ORIENTED_EDGE('',*,*,#3070,.F.);
#3093 = CYLINDRICAL_SURFACE('',#3094,3.E-02);
#3094 = AXIS2_PLACEMENT_3D('',#3095,#3096,#3097);
#3095 = CARTESIAN_POINT('',(-0.77,-0.4,0.47));
#3096 = DIRECTION('',(0.,1.,0.));
#3097 = DIRECTION('',(-1.,0.,0.));
#3098 = ADVANCED_FACE('',(#3099),#3111,.F.);
#3099 = FACE_BOUND('',#3100,.F.);
#3100 = EDGE_LOOP('',(#3101,#3102,#3103,#3110));
#3101 = ORIENTED_EDGE('',*,*,#3044,.F.);
#3102 = ORIENTED_EDGE('',*,*,#2587,.T.);
#3103 = ORIENTED_EDGE('',*,*,#3104,.T.);
#3104 = EDGE_CURVE('',#2580,#2981,#3105,.T.);
#3105 = CIRCLE('',#3106,3.E-02);
#3106 = AXIS2_PLACEMENT_3D('',#3107,#3108,#3109);
#3107 = CARTESIAN_POINT('',(-0.53,-0.3,3.E-02));
#3108 = DIRECTION('',(-0.,1.,0.));
#3109 = DIRECTION('',(1.,0.,0.));
#3110 = ORIENTED_EDGE('',*,*,#2980,.T.);
#3111 = PLANE('',#3112);
#3112 = AXIS2_PLACEMENT_3D('',#3113,#3114,#3115);
#3113 = CARTESIAN_POINT('',(0.725,-0.3,0.75));
#3114 = DIRECTION('',(0.,1.,0.));
#3115 = DIRECTION('',(-1.,0.,0.));
#3116 = ADVANCED_FACE('',(#3117),#3129,.T.);
#3117 = FACE_BOUND('',#3118,.T.);
#3118 = EDGE_LOOP('',(#3119,#3120,#3121,#3122));
#3119 = ORIENTED_EDGE('',*,*,#2579,.F.);
#3120 = ORIENTED_EDGE('',*,*,#3104,.T.);
#3121 = ORIENTED_EDGE('',*,*,#2988,.T.);
#3122 = ORIENTED_EDGE('',*,*,#3123,.F.);
#3123 = EDGE_CURVE('',#2572,#2989,#3124,.T.);
#3124 = CIRCLE('',#3125,3.E-02);
#3125 = AXIS2_PLACEMENT_3D('',#3126,#3127,#3128);
#3126 = CARTESIAN_POINT('',(-0.53,0.3,3.E-02));
#3127 = DIRECTION('',(-0.,1.,0.));
#3128 = DIRECTION('',(1.,0.,0.));
#3129 = CYLINDRICAL_SURFACE('',#3130,3.E-02);
#3130 = AXIS2_PLACEMENT_3D('',#3131,#3132,#3133);
#3131 = CARTESIAN_POINT('',(-0.53,-0.4,3.E-02));
#3132 = DIRECTION('',(0.,1.,0.));
#3133 = DIRECTION('',(1.,0.,0.));
#3134 = ADVANCED_FACE('',(#3135),#3146,.F.);
#3135 = FACE_BOUND('',#3136,.F.);
#3136 = EDGE_LOOP('',(#3137,#3138,#3144,#3145));
#3137 = ORIENTED_EDGE('',*,*,#2571,.T.);
#3138 = ORIENTED_EDGE('',*,*,#3139,.T.);
#3139 = EDGE_CURVE('',#2564,#2997,#3140,.T.);
#3140 = LINE('',#3141,#3142);
#3141 = CARTESIAN_POINT('',(-0.725,0.3,0.75));
#3142 = VECTOR('',#3143,1.);
#3143 = DIRECTION('',(-0.,-0.,-1.));
#3144 = ORIENTED_EDGE('',*,*,#2996,.T.);
#3145 = ORIENTED_EDGE('',*,*,#3123,.F.);
#3146 = PLANE('',#3147);
#3147 = AXIS2_PLACEMENT_3D('',#3148,#3149,#3150);
#3148 = CARTESIAN_POINT('',(-0.725,0.3,0.75));
#3149 = DIRECTION('',(0.,-1.,0.));
#3150 = DIRECTION('',(1.,0.,0.));
#3151 = ADVANCED_FACE('',(#3152),#3163,.F.);
#3152 = FACE_BOUND('',#3153,.F.);
#3153 = EDGE_LOOP('',(#3154,#3155,#3156,#3162));
#3154 = ORIENTED_EDGE('',*,*,#3139,.F.);
#3155 = ORIENTED_EDGE('',*,*,#2563,.T.);
#3156 = ORIENTED_EDGE('',*,*,#3157,.F.);
#3157 = EDGE_CURVE('',#2958,#2556,#3158,.T.);
#3158 = LINE('',#3159,#3160);
#3159 = CARTESIAN_POINT('',(-0.725,0.4,0.375));
#3160 = VECTOR('',#3161,1.);
#3161 = DIRECTION('',(0.,0.,1.));
#3162 = ORIENTED_EDGE('',*,*,#3004,.T.);
#3163 = PLANE('',#3164);
#3164 = AXIS2_PLACEMENT_3D('',#3165,#3166,#3167);
#3165 = CARTESIAN_POINT('',(-0.725,0.5,0.75));
#3166 = DIRECTION('',(-1.,0.,0.));
#3167 = DIRECTION('',(0.,-1.,0.));
#3168 = ADVANCED_FACE('',(#3169),#3194,.F.);
#3169 = FACE_BOUND('',#3170,.F.);
#3170 = EDGE_LOOP('',(#3171,#3172,#3180,#3188));
#3171 = ORIENTED_EDGE('',*,*,#2547,.T.);
#3172 = ORIENTED_EDGE('',*,*,#3173,.T.);
#3173 = EDGE_CURVE('',#2540,#3174,#3176,.T.);
#3174 = VERTEX_POINT('',#3175);
#3175 = CARTESIAN_POINT('',(0.725,0.3,0.));
#3176 = LINE('',#3177,#3178);
#3177 = CARTESIAN_POINT('',(0.725,0.3,0.75));
#3178 = VECTOR('',#3179,1.);
#3179 = DIRECTION('',(-0.,-0.,-1.));
#3180 = ORIENTED_EDGE('',*,*,#3181,.T.);
#3181 = EDGE_CURVE('',#3174,#3182,#3184,.T.);
#3182 = VERTEX_POINT('',#3183);
#3183 = CARTESIAN_POINT('',(0.725,0.4,0.));
#3184 = LINE('',#3185,#3186);
#3185 = CARTESIAN_POINT('',(0.725,-5.E-02,0.));
#3186 = VECTOR('',#3187,1.);
#3187 = DIRECTION('',(0.,1.,0.));
#3188 = ORIENTED_EDGE('',*,*,#3189,.F.);
#3189 = EDGE_CURVE('',#2548,#3182,#3190,.T.);
#3190 = LINE('',#3191,#3192);
#3191 = CARTESIAN_POINT('',(0.725,0.4,0.375));
#3192 = VECTOR('',#3193,1.);
#3193 = DIRECTION('',(0.,0.,-1.));
#3194 = PLANE('',#3195);
#3195 = AXIS2_PLACEMENT_3D('',#3196,#3197,#3198);
#3196 = CARTESIAN_POINT('',(0.725,0.3,0.75));
#3197 = DIRECTION('',(1.,0.,0.));
#3198 = DIRECTION('',(-0.,1.,0.));
#3199 = ADVANCED_FACE('',(#3200),#3219,.F.);
#3200 = FACE_BOUND('',#3201,.F.);
#3201 = EDGE_LOOP('',(#3202,#3203,#3204,#3213));
#3202 = ORIENTED_EDGE('',*,*,#3173,.F.);
#3203 = ORIENTED_EDGE('',*,*,#2539,.T.);
#3204 = ORIENTED_EDGE('',*,*,#3205,.F.);
#3205 = EDGE_CURVE('',#3206,#2532,#3208,.T.);
#3206 = VERTEX_POINT('',#3207);
#3207 = CARTESIAN_POINT('',(0.53,0.3,-3.469446951954E-18));
#3208 = CIRCLE('',#3209,3.E-02);
#3209 = AXIS2_PLACEMENT_3D('',#3210,#3211,#3212);
#3210 = CARTESIAN_POINT('',(0.53,0.3,3.E-02));
#3211 = DIRECTION('',(0.,1.,-0.));
#3212 = DIRECTION('',(-1.,0.,0.));
#3213 = ORIENTED_EDGE('',*,*,#3214,.T.);
#3214 = EDGE_CURVE('',#3206,#3174,#3215,.T.);
#3215 = LINE('',#3216,#3217);
#3216 = CARTESIAN_POINT('',(-0.1125,0.3,0.));
#3217 = VECTOR('',#3218,1.);
#3218 = DIRECTION('',(1.,0.,0.));
#3219 = PLANE('',#3220);
#3220 = AXIS2_PLACEMENT_3D('',#3221,#3222,#3223);
#3221 = CARTESIAN_POINT('',(-0.725,0.3,0.75));
#3222 = DIRECTION('',(0.,-1.,0.));
#3223 = DIRECTION('',(1.,0.,0.));
#3224 = ADVANCED_FACE('',(#3225),#3244,.T.);
#3225 = FACE_BOUND('',#3226,.T.);
#3226 = EDGE_LOOP('',(#3227,#3228,#3236,#3243));
#3227 = ORIENTED_EDGE('',*,*,#3205,.F.);
#3228 = ORIENTED_EDGE('',*,*,#3229,.F.);
#3229 = EDGE_CURVE('',#3230,#3206,#3232,.T.);
#3230 = VERTEX_POINT('',#3231);
#3231 = CARTESIAN_POINT('',(0.53,-0.3,-3.469446951954E-18));
#3232 = LINE('',#3233,#3234);
#3233 = CARTESIAN_POINT('',(0.53,-0.4,-3.469446951954E-18));
#3234 = VECTOR('',#3235,1.);
#3235 = DIRECTION('',(0.,1.,0.));
#3236 = ORIENTED_EDGE('',*,*,#3237,.T.);
#3237 = EDGE_CURVE('',#3230,#2524,#3238,.T.);
#3238 = CIRCLE('',#3239,3.E-02);
#3239 = AXIS2_PLACEMENT_3D('',#3240,#3241,#3242);
#3240 = CARTESIAN_POINT('',(0.53,-0.3,3.E-02));
#3241 = DIRECTION('',(0.,1.,-0.));
#3242 = DIRECTION('',(-1.,0.,0.));
#3243 = ORIENTED_EDGE('',*,*,#2531,.T.);
#3244 = CYLINDRICAL_SURFACE('',#3245,3.E-02);
#3245 = AXIS2_PLACEMENT_3D('',#3246,#3247,#3248);
#3246 = CARTESIAN_POINT('',(0.53,-0.4,3.E-02));
#3247 = DIRECTION('',(0.,1.,0.));
#3248 = DIRECTION('',(-1.,0.,0.));
#3249 = ADVANCED_FACE('',(#3250),#3268,.F.);
#3250 = FACE_BOUND('',#3251,.F.);
#3251 = EDGE_LOOP('',(#3252,#3253,#3261,#3267));
#3252 = ORIENTED_EDGE('',*,*,#2523,.T.);
#3253 = ORIENTED_EDGE('',*,*,#3254,.T.);
#3254 = EDGE_CURVE('',#2516,#3255,#3257,.T.);
#3255 = VERTEX_POINT('',#3256);
#3256 = CARTESIAN_POINT('',(0.725,-0.3,0.));
#3257 = LINE('',#3258,#3259);
#3258 = CARTESIAN_POINT('',(0.725,-0.3,0.75));
#3259 = VECTOR('',#3260,1.);
#3260 = DIRECTION('',(-0.,-0.,-1.));
#3261 = ORIENTED_EDGE('',*,*,#3262,.T.);
#3262 = EDGE_CURVE('',#3255,#3230,#3263,.T.);
#3263 = LINE('',#3264,#3265);
#3264 = CARTESIAN_POINT('',(0.6125,-0.3,0.));
#3265 = VECTOR('',#3266,1.);
#3266 = DIRECTION('',(-1.,0.,0.));
#3267 = ORIENTED_EDGE('',*,*,#3237,.T.);
#3268 = PLANE('',#3269);
#3269 = AXIS2_PLACEMENT_3D('',#3270,#3271,#3272);
#3270 = CARTESIAN_POINT('',(0.725,-0.3,0.75));
#3271 = DIRECTION('',(0.,1.,0.));
#3272 = DIRECTION('',(-1.,0.,0.));
#3273 = ADVANCED_FACE('',(#3274),#3285,.F.);
#3274 = FACE_BOUND('',#3275,.F.);
#3275 = EDGE_LOOP('',(#3276,#3277,#3278,#3279));
#3276 = ORIENTED_EDGE('',*,*,#3254,.F.);
#3277 = ORIENTED_EDGE('',*,*,#2515,.T.);
#3278 = ORIENTED_EDGE('',*,*,#2637,.T.);
#3279 = ORIENTED_EDGE('',*,*,#3280,.T.);
#3280 = EDGE_CURVE('',#2628,#3255,#3281,.T.);
#3281 = LINE('',#3282,#3283);
#3282 = CARTESIAN_POINT('',(0.725,-0.45,0.));
#3283 = VECTOR('',#3284,1.);
#3284 = DIRECTION('',(0.,1.,0.));
#3285 = PLANE('',#3286);
#3286 = AXIS2_PLACEMENT_3D('',#3287,#3288,#3289);
#3287 = CARTESIAN_POINT('',(0.725,-0.5,0.75));
#3288 = DIRECTION('',(1.,0.,0.));
#3289 = DIRECTION('',(-0.,1.,0.));
#3290 = ADVANCED_FACE('',(#3291),#3316,.T.);
#3291 = FACE_BOUND('',#3292,.T.);
#3292 = EDGE_LOOP('',(#3293,#3301,#3302,#3310));
#3293 = ORIENTED_EDGE('',*,*,#3294,.T.);
#3294 = EDGE_CURVE('',#3295,#2596,#3297,.T.);
#3295 = VERTEX_POINT('',#3296);
#3296 = CARTESIAN_POINT('',(0.277128129211,0.32,1.5E-02));
#3297 = LINE('',#3298,#3299);
#3298 = CARTESIAN_POINT('',(0.277128129211,0.32,1.5E-02));
#3299 = VECTOR('',#3300,1.);
#3300 = DIRECTION('',(0.,0.,1.));
#3301 = ORIENTED_EDGE('',*,*,#2595,.T.);
#3302 = ORIENTED_EDGE('',*,*,#3303,.F.);
#3303 = EDGE_CURVE('',#3304,#2598,#3306,.T.);
#3304 = VERTEX_POINT('',#3305);
#3305 = CARTESIAN_POINT('',(0.277128129211,-0.32,1.5E-02));
#3306 = LINE('',#3307,#3308);
#3307 = CARTESIAN_POINT('',(0.277128129211,-0.32,1.5E-02));
#3308 = VECTOR('',#3309,1.);
#3309 = DIRECTION('',(0.,0.,1.));
#3310 = ORIENTED_EDGE('',*,*,#3311,.F.);
#3311 = EDGE_CURVE('',#3295,#3304,#3312,.T.);
#3312 = LINE('',#3313,#3314);
#3313 = CARTESIAN_POINT('',(0.277128129211,0.32,1.5E-02));
#3314 = VECTOR('',#3315,1.);
#3315 = DIRECTION('',(0.,-1.,0.));
#3316 = PLANE('',#3317);
#3317 = AXIS2_PLACEMENT_3D('',#3318,#3319,#3320);
#3318 = CARTESIAN_POINT('',(0.277128129211,0.32,1.5E-02));
#3319 = DIRECTION('',(1.,0.,0.));
#3320 = DIRECTION('',(0.,-1.,0.));
#3321 = ADVANCED_FACE('',(#3322),#3340,.T.);
#3322 = FACE_BOUND('',#3323,.T.);
#3323 = EDGE_LOOP('',(#3324,#3332,#3333,#3334));
#3324 = ORIENTED_EDGE('',*,*,#3325,.T.);
#3325 = EDGE_CURVE('',#3326,#2606,#3328,.T.);
#3326 = VERTEX_POINT('',#3327);
#3327 = CARTESIAN_POINT('',(-0.277128129211,0.,1.5E-02));
#3328 = LINE('',#3329,#3330);
#3329 = CARTESIAN_POINT('',(-0.277128129211,0.,1.5E-02));
#3330 = VECTOR('',#3331,1.);
#3331 = DIRECTION('',(0.,0.,1.));
#3332 = ORIENTED_EDGE('',*,*,#2613,.T.);
#3333 = ORIENTED_EDGE('',*,*,#3294,.F.);
#3334 = ORIENTED_EDGE('',*,*,#3335,.F.);
#3335 = EDGE_CURVE('',#3326,#3295,#3336,.T.);
#3336 = LINE('',#3337,#3338);
#3337 = CARTESIAN_POINT('',(-0.277128129211,0.,1.5E-02));
#3338 = VECTOR('',#3339,1.);
#3339 = DIRECTION('',(0.866025403784,0.5,0.));
#3340 = PLANE('',#3341);
#3341 = AXIS2_PLACEMENT_3D('',#3342,#3343,#3344);
#3342 = CARTESIAN_POINT('',(-0.277128129211,0.,1.5E-02));
#3343 = DIRECTION('',(-0.5,0.866025403784,0.));
#3344 = DIRECTION('',(0.866025403784,0.5,0.));
#3345 = ADVANCED_FACE('',(#3346),#3357,.T.);
#3346 = FACE_BOUND('',#3347,.T.);
#3347 = EDGE_LOOP('',(#3348,#3349,#3350,#3351));
#3348 = ORIENTED_EDGE('',*,*,#3303,.T.);
#3349 = ORIENTED_EDGE('',*,*,#2605,.T.);
#3350 = ORIENTED_EDGE('',*,*,#3325,.F.);
#3351 = ORIENTED_EDGE('',*,*,#3352,.F.);
#3352 = EDGE_CURVE('',#3304,#3326,#3353,.T.);
#3353 = LINE('',#3354,#3355);
#3354 = CARTESIAN_POINT('',(0.277128129211,-0.32,1.5E-02));
#3355 = VECTOR('',#3356,1.);
#3356 = DIRECTION('',(-0.866025403784,0.5,0.));
#3357 = PLANE('',#3358);
#3358 = AXIS2_PLACEMENT_3D('',#3359,#3360,#3361);
#3359 = CARTESIAN_POINT('',(0.277128129211,-0.32,1.5E-02));
#3360 = DIRECTION('',(-0.5,-0.866025403784,0.));
#3361 = DIRECTION('',(-0.866025403784,0.5,0.));
#3362 = ADVANCED_FACE('',(#3363),#3385,.F.);
#3363 = FACE_BOUND('',#3364,.F.);
#3364 = EDGE_LOOP('',(#3365,#3373,#3374,#3375,#3376,#3377,#3378,#3379));
#3365 = ORIENTED_EDGE('',*,*,#3366,.F.);
#3366 = EDGE_CURVE('',#3182,#3367,#3369,.T.);
#3367 = VERTEX_POINT('',#3368);
#3368 = CARTESIAN_POINT('',(0.77,0.4,-3.469446951954E-18));
#3369 = LINE('',#3370,#3371);
#3370 = CARTESIAN_POINT('',(0.5,0.4,0.));
#3371 = VECTOR('',#3372,1.);
#3372 = DIRECTION('',(1.,0.,0.));
#3373 = ORIENTED_EDGE('',*,*,#3181,.F.);
#3374 = ORIENTED_EDGE('',*,*,#3214,.F.);
#3375 = ORIENTED_EDGE('',*,*,#3229,.F.);
#3376 = ORIENTED_EDGE('',*,*,#3262,.F.);
#3377 = ORIENTED_EDGE('',*,*,#3280,.F.);
#3378 = ORIENTED_EDGE('',*,*,#2627,.T.);
#3379 = ORIENTED_EDGE('',*,*,#3380,.T.);
#3380 = EDGE_CURVE('',#2630,#3367,#3381,.T.);
#3381 = LINE('',#3382,#3383);
#3382 = CARTESIAN_POINT('',(0.77,-0.4,-3.469446951954E-18));
#3383 = VECTOR('',#3384,1.);
#3384 = DIRECTION('',(0.,1.,0.));
#3385 = PLANE('',#3386);
#3386 = AXIS2_PLACEMENT_3D('',#3387,#3388,#3389);
#3387 = CARTESIAN_POINT('',(0.5,-0.4,0.));
#3388 = DIRECTION('',(0.,0.,1.));
#3389 = DIRECTION('',(1.,0.,-0.));
#3390 = ADVANCED_FACE('',(#3391),#3410,.T.);
#3391 = FACE_BOUND('',#3392,.T.);
#3392 = EDGE_LOOP('',(#3393,#3394,#3395,#3404));
#3393 = ORIENTED_EDGE('',*,*,#2679,.T.);
#3394 = ORIENTED_EDGE('',*,*,#3380,.T.);
#3395 = ORIENTED_EDGE('',*,*,#3396,.F.);
#3396 = EDGE_CURVE('',#3397,#3367,#3399,.T.);
#3397 = VERTEX_POINT('',#3398);
#3398 = CARTESIAN_POINT('',(0.8,0.4,3.E-02));
#3399 = CIRCLE('',#3400,3.E-02);
#3400 = AXIS2_PLACEMENT_3D('',#3401,#3402,#3403);
#3401 = CARTESIAN_POINT('',(0.77,0.4,3.E-02));
#3402 = DIRECTION('',(0.,1.,0.));
#3403 = DIRECTION('',(0.,-0.,1.));
#3404 = ORIENTED_EDGE('',*,*,#3405,.F.);
#3405 = EDGE_CURVE('',#2672,#3397,#3406,.T.);
#3406 = LINE('',#3407,#3408);
#3407 = CARTESIAN_POINT('',(0.8,-0.4,3.E-02));
#3408 = VECTOR('',#3409,1.);
#3409 = DIRECTION('',(0.,1.,0.));
#3410 = CYLINDRICAL_SURFACE('',#3411,3.E-02);
#3411 = AXIS2_PLACEMENT_3D('',#3412,#3413,#3414);
#3412 = CARTESIAN_POINT('',(0.77,-0.4,3.E-02));
#3413 = DIRECTION('',(0.,1.,0.));
#3414 = DIRECTION('',(1.,0.,0.));
#3415 = ADVANCED_FACE('',(#3416),#3434,.T.);
#3416 = FACE_BOUND('',#3417,.T.);
#3417 = EDGE_LOOP('',(#3418,#3419,#3420,#3428));
#3418 = ORIENTED_EDGE('',*,*,#2671,.F.);
#3419 = ORIENTED_EDGE('',*,*,#3405,.T.);
#3420 = ORIENTED_EDGE('',*,*,#3421,.T.);
#3421 = EDGE_CURVE('',#3397,#3422,#3424,.T.);
#3422 = VERTEX_POINT('',#3423);
#3423 = CARTESIAN_POINT('',(0.8,0.4,0.47));
#3424 = LINE('',#3425,#3426);
#3425 = CARTESIAN_POINT('',(0.8,0.4,0.));
#3426 = VECTOR('',#3427,1.);
#3427 = DIRECTION('',(0.,0.,1.));
#3428 = ORIENTED_EDGE('',*,*,#3429,.F.);
#3429 = EDGE_CURVE('',#2663,#3422,#3430,.T.);
#3430 = LINE('',#3431,#3432);
#3431 = CARTESIAN_POINT('',(0.8,-0.4,0.47));
#3432 = VECTOR('',#3433,1.);
#3433 = DIRECTION('',(0.,1.,0.));
#3434 = PLANE('',#3435);
#3435 = AXIS2_PLACEMENT_3D('',#3436,#3437,#3438);
#3436 = CARTESIAN_POINT('',(0.8,-0.4,0.));
#3437 = DIRECTION('',(1.,0.,0.));
#3438 = DIRECTION('',(0.,0.,1.));
#3439 = ADVANCED_FACE('',(#3440),#3459,.T.);
#3440 = FACE_BOUND('',#3441,.T.);
#3441 = EDGE_LOOP('',(#3442,#3443,#3452,#3458));
#3442 = ORIENTED_EDGE('',*,*,#3429,.T.);
#3443 = ORIENTED_EDGE('',*,*,#3444,.T.);
#3444 = EDGE_CURVE('',#3422,#3445,#3447,.T.);
#3445 = VERTEX_POINT('',#3446);
#3446 = CARTESIAN_POINT('',(0.77,0.4,0.5));
#3447 = CIRCLE('',#3448,3.E-02);
#3448 = AXIS2_PLACEMENT_3D('',#3449,#3450,#3451);
#3449 = CARTESIAN_POINT('',(0.77,0.4,0.47));
#3450 = DIRECTION('',(0.,-1.,0.));
#3451 = DIRECTION('',(0.,0.,1.));
#3452 = ORIENTED_EDGE('',*,*,#3453,.F.);
#3453 = EDGE_CURVE('',#2655,#3445,#3454,.T.);
#3454 = LINE('',#3455,#3456);
#3455 = CARTESIAN_POINT('',(0.77,-0.4,0.5));
#3456 = VECTOR('',#3457,1.);
#3457 = DIRECTION('',(0.,1.,0.));
#3458 = ORIENTED_EDGE('',*,*,#2662,.F.);
#3459 = CYLINDRICAL_SURFACE('',#3460,3.E-02);
#3460 = AXIS2_PLACEMENT_3D('',#3461,#3462,#3463);
#3461 = CARTESIAN_POINT('',(0.77,-0.4,0.47));
#3462 = DIRECTION('',(0.,1.,0.));
#3463 = DIRECTION('',(1.,0.,0.));
#3464 = ADVANCED_FACE('',(#3465),#3506,.T.);
#3465 = FACE_BOUND('',#3466,.T.);
#3466 = EDGE_LOOP('',(#3467,#3475,#3483,#3489,#3490,#3498,#3504,#3505));
#3467 = ORIENTED_EDGE('',*,*,#3468,.F.);
#3468 = EDGE_CURVE('',#3469,#3445,#3471,.T.);
#3469 = VERTEX_POINT('',#3470);
#3470 = CARTESIAN_POINT('',(0.725,0.4,0.5));
#3471 = LINE('',#3472,#3473);
#3472 = CARTESIAN_POINT('',(0.5,0.4,0.5));
#3473 = VECTOR('',#3474,1.);
#3474 = DIRECTION('',(1.,0.,0.));
#3475 = ORIENTED_EDGE('',*,*,#3476,.F.);
#3476 = EDGE_CURVE('',#3477,#3469,#3479,.T.);
#3477 = VERTEX_POINT('',#3478);
#3478 = CARTESIAN_POINT('',(0.725,0.3,0.5));
#3479 = LINE('',#3480,#3481);
#3480 = CARTESIAN_POINT('',(0.725,-5.E-02,0.5));
#3481 = VECTOR('',#3482,1.);
#3482 = DIRECTION('',(0.,1.,0.));
#3483 = ORIENTED_EDGE('',*,*,#3484,.F.);
#3484 = EDGE_CURVE('',#2760,#3477,#3485,.T.);
#3485 = LINE('',#3486,#3487);
#3486 = CARTESIAN_POINT('',(-0.1125,0.3,0.5));
#3487 = VECTOR('',#3488,1.);
#3488 = DIRECTION('',(1.,0.,0.));
#3489 = ORIENTED_EDGE('',*,*,#2759,.F.);
#3490 = ORIENTED_EDGE('',*,*,#3491,.F.);
#3491 = EDGE_CURVE('',#3492,#2751,#3494,.T.);
#3492 = VERTEX_POINT('',#3493);
#3493 = CARTESIAN_POINT('',(0.725,-0.3,0.5));
#3494 = LINE('',#3495,#3496);
#3495 = CARTESIAN_POINT('',(0.6125,-0.3,0.5));
#3496 = VECTOR('',#3497,1.);
#3497 = DIRECTION('',(-1.,0.,0.));
#3498 = ORIENTED_EDGE('',*,*,#3499,.F.);
#3499 = EDGE_CURVE('',#2647,#3492,#3500,.T.);
#3500 = LINE('',#3501,#3502);
#3501 = CARTESIAN_POINT('',(0.725,-0.45,0.5));
#3502 = VECTOR('',#3503,1.);
#3503 = DIRECTION('',(0.,1.,0.));
#3504 = ORIENTED_EDGE('',*,*,#2654,.T.);
#3505 = ORIENTED_EDGE('',*,*,#3453,.T.);
#3506 = PLANE('',#3507);
#3507 = AXIS2_PLACEMENT_3D('',#3508,#3509,#3510);
#3508 = CARTESIAN_POINT('',(0.5,-0.4,0.5));
#3509 = DIRECTION('',(0.,0.,1.));
#3510 = DIRECTION('',(1.,0.,-0.));
#3511 = ADVANCED_FACE('',(#3512),#3523,.F.);
#3512 = FACE_BOUND('',#3513,.F.);
#3513 = EDGE_LOOP('',(#3514,#3520,#3521,#3522));
#3514 = ORIENTED_EDGE('',*,*,#3515,.F.);
#3515 = EDGE_CURVE('',#3492,#2695,#3516,.T.);
#3516 = LINE('',#3517,#3518);
#3517 = CARTESIAN_POINT('',(0.725,-0.3,0.75));
#3518 = VECTOR('',#3519,1.);
#3519 = DIRECTION('',(-0.,-0.,-1.));
#3520 = ORIENTED_EDGE('',*,*,#3499,.F.);
#3521 = ORIENTED_EDGE('',*,*,#2646,.T.);
#3522 = ORIENTED_EDGE('',*,*,#2704,.F.);
#3523 = PLANE('',#3524);
#3524 = AXIS2_PLACEMENT_3D('',#3525,#3526,#3527);
#3525 = CARTESIAN_POINT('',(0.725,-0.5,0.75));
#3526 = DIRECTION('',(1.,0.,0.));
#3527 = DIRECTION('',(-0.,1.,0.));
#3528 = ADVANCED_FACE('',(#3529),#3535,.F.);
#3529 = FACE_BOUND('',#3530,.F.);
#3530 = EDGE_LOOP('',(#3531,#3532,#3533,#3534));
#3531 = ORIENTED_EDGE('',*,*,#3491,.F.);
#3532 = ORIENTED_EDGE('',*,*,#3515,.T.);
#3533 = ORIENTED_EDGE('',*,*,#2694,.F.);
#3534 = ORIENTED_EDGE('',*,*,#2750,.T.);
#3535 = PLANE('',#3536);
#3536 = AXIS2_PLACEMENT_3D('',#3537,#3538,#3539);
#3537 = CARTESIAN_POINT('',(0.725,-0.3,0.75));
#3538 = DIRECTION('',(0.,1.,0.));
#3539 = DIRECTION('',(-1.,0.,0.));
#3540 = ADVANCED_FACE('',(#3541),#3557,.F.);
#3541 = FACE_BOUND('',#3542,.F.);
#3542 = EDGE_LOOP('',(#3543,#3544,#3550,#3551));
#3543 = ORIENTED_EDGE('',*,*,#3476,.F.);
#3544 = ORIENTED_EDGE('',*,*,#3545,.T.);
#3545 = EDGE_CURVE('',#3477,#2728,#3546,.T.);
#3546 = LINE('',#3547,#3548);
#3547 = CARTESIAN_POINT('',(0.725,0.3,0.75));
#3548 = VECTOR('',#3549,1.);
#3549 = DIRECTION('',(-0.,-0.,-1.));
#3550 = ORIENTED_EDGE('',*,*,#2735,.F.);
#3551 = ORIENTED_EDGE('',*,*,#3552,.F.);
#3552 = EDGE_CURVE('',#3469,#2719,#3553,.T.);
#3553 = LINE('',#3554,#3555);
#3554 = CARTESIAN_POINT('',(0.725,0.4,0.375));
#3555 = VECTOR('',#3556,1.);
#3556 = DIRECTION('',(0.,0.,-1.));
#3557 = PLANE('',#3558);
#3558 = AXIS2_PLACEMENT_3D('',#3559,#3560,#3561);
#3559 = CARTESIAN_POINT('',(0.725,0.3,0.75));
#3560 = DIRECTION('',(1.,0.,0.));
#3561 = DIRECTION('',(-0.,1.,0.));
#3562 = ADVANCED_FACE('',(#3563),#3569,.F.);
#3563 = FACE_BOUND('',#3564,.F.);
#3564 = EDGE_LOOP('',(#3565,#3566,#3567,#3568));
#3565 = ORIENTED_EDGE('',*,*,#3545,.F.);
#3566 = ORIENTED_EDGE('',*,*,#3484,.F.);
#3567 = ORIENTED_EDGE('',*,*,#2767,.F.);
#3568 = ORIENTED_EDGE('',*,*,#2727,.F.);
#3569 = PLANE('',#3570);
#3570 = AXIS2_PLACEMENT_3D('',#3571,#3572,#3573);
#3571 = CARTESIAN_POINT('',(-0.725,0.3,0.75));
#3572 = DIRECTION('',(0.,-1.,0.));
#3573 = DIRECTION('',(1.,0.,0.));
#3574 = ADVANCED_FACE('',(#3575),#3587,.T.);
#3575 = FACE_BOUND('',#3576,.T.);
#3576 = EDGE_LOOP('',(#3577,#3578,#3579,#3580,#3581,#3582,#3583,#3584,
    #3585,#3586));
#3577 = ORIENTED_EDGE('',*,*,#2955,.F.);
#3578 = ORIENTED_EDGE('',*,*,#3026,.F.);
#3579 = ORIENTED_EDGE('',*,*,#3062,.T.);
#3580 = ORIENTED_EDGE('',*,*,#3086,.T.);
#3581 = ORIENTED_EDGE('',*,*,#2910,.T.);
#3582 = ORIENTED_EDGE('',*,*,#2871,.F.);
#3583 = ORIENTED_EDGE('',*,*,#2798,.F.);
#3584 = ORIENTED_EDGE('',*,*,#2790,.F.);
#3585 = ORIENTED_EDGE('',*,*,#2782,.T.);
#3586 = ORIENTED_EDGE('',*,*,#3157,.F.);
#3587 = PLANE('',#3588);
#3588 = AXIS2_PLACEMENT_3D('',#3589,#3590,#3591);
#3589 = CARTESIAN_POINT('',(-0.8,0.4,0.));
#3590 = DIRECTION('',(0.,1.,0.));
#3591 = DIRECTION('',(0.,-0.,1.));
#3592 = ADVANCED_FACE('',(#3593),#3605,.T.);
#3593 = FACE_BOUND('',#3594,.T.);
#3594 = EDGE_LOOP('',(#3595,#3596,#3597,#3598,#3599,#3600,#3601,#3602,
    #3603,#3604));
#3595 = ORIENTED_EDGE('',*,*,#3366,.F.);
#3596 = ORIENTED_EDGE('',*,*,#3189,.F.);
#3597 = ORIENTED_EDGE('',*,*,#2823,.T.);
#3598 = ORIENTED_EDGE('',*,*,#2815,.T.);
#3599 = ORIENTED_EDGE('',*,*,#2807,.F.);
#3600 = ORIENTED_EDGE('',*,*,#3552,.F.);
#3601 = ORIENTED_EDGE('',*,*,#3468,.T.);
#3602 = ORIENTED_EDGE('',*,*,#3444,.F.);
#3603 = ORIENTED_EDGE('',*,*,#3421,.F.);
#3604 = ORIENTED_EDGE('',*,*,#3396,.T.);
#3605 = PLANE('',#3606);
#3606 = AXIS2_PLACEMENT_3D('',#3607,#3608,#3609);
#3607 = CARTESIAN_POINT('',(0.5,0.4,0.));
#3608 = DIRECTION('',(0.,1.,0.));
#3609 = DIRECTION('',(0.,-0.,1.));
#3610 = ADVANCED_FACE('',(#3611),#3616,.T.);
#3611 = FACE_BOUND('',#3612,.T.);
#3612 = EDGE_LOOP('',(#3613,#3614,#3615));
#3613 = ORIENTED_EDGE('',*,*,#3335,.T.);
#3614 = ORIENTED_EDGE('',*,*,#3311,.T.);
#3615 = ORIENTED_EDGE('',*,*,#3352,.T.);
#3616 = PLANE('',#3617);
#3617 = AXIS2_PLACEMENT_3D('',#3618,#3619,#3620);
#3618 = CARTESIAN_POINT('',(9.237604307034E-02,0.,1.5E-02));
#3619 = DIRECTION('',(-0.,-0.,-1.));
#3620 = DIRECTION('',(-1.,0.,0.));
#3621 = ( GEOMETRIC_REPRESENTATION_CONTEXT(3) 
GLOBAL_UNCERTAINTY_ASSIGNED_CONTEXT((#3625)) 
GLOBAL_UNIT_ASSIGNED_CONTEXT((#3622,#3623,#3624)) REPRESENTATION_CONTEXT
('Context #1','3D Context with UNIT and UNCERTAINTY') );
#3622 = ( LENGTH_UNIT() NAMED_UNIT(*) SI_UNIT(.MILLI.,.METRE.) );
#3623 = ( NAMED_UNIT(*) PLANE_ANGLE_UNIT() SI_UNIT($,.RADIAN.) );
#3624 = ( NAMED_UNIT(*) SI_UNIT($,.STERADIAN.) SOLID_ANGLE_UNIT() );
#3625 = UNCERTAINTY_MEASURE_WITH_UNIT(LENGTH_MEASURE(1.E-07),#3622,
  'distance_accuracy_value','confusion accuracy');
#3626 = CONTEXT_DEPENDENT_SHAPE_REPRESENTATION(#3627,#3629);
#3627 = ( REPRESENTATION_RELATIONSHIP('','',#2097,#10) 
REPRESENTATION_RELATIONSHIP_WITH_TRANSFORMATION(#3628) 
SHAPE_REPRESENTATION_RELATIONSHIP() );
#3628 = ITEM_DEFINED_TRANSFORMATION('','',#11,#19);
#3629 = PRODUCT_DEFINITION_SHAPE('Placement','Placement of an item',
  #3630);
#3630 = NEXT_ASSEMBLY_USAGE_OCCURRENCE('2','D2','',#5,#2092,$);
#3631 = PRODUCT_RELATED_PRODUCT_CATEGORY('part',$,(#2094));
#3632 = SHAPE_DEFINITION_REPRESENTATION(#3633,#3639);
#3633 = PRODUCT_DEFINITION_SHAPE('','',#3634);
#3634 = PRODUCT_DEFINITION('design','',#3635,#3638);
#3635 = PRODUCT_DEFINITION_FORMATION('','',#3636);
#3636 = PRODUCT('kicad_embedded_3F63F6163099B905C17F5F73C1ED6503',
  'kicad_embedded_3F63F6163099B905C17F5F73C1ED6503','',(#3637));
#3637 = PRODUCT_CONTEXT('',#2,'mechanical');
#3638 = PRODUCT_DEFINITION_CONTEXT('part definition',#2,'design');
#3639 = SHAPE_REPRESENTATION('',(#11,#3640,#4062,#4484,#4906,#5328),
  #6600);
#3640 = MANIFOLD_SOLID_BREP('',#3641);
#3641 = CLOSED_SHELL('',(#3642,#3684,#3715,#3748,#3779,#3810,#3841,#3874
    ,#3905,#3938,#3969,#4000,#4022,#4042));
#3642 = ADVANCED_FACE('',(#3643),#3679,.F.);
#3643 = FACE_BOUND('',#3644,.F.);
#3644 = EDGE_LOOP('',(#3645,#3655,#3664,#3672));
#3645 = ORIENTED_EDGE('',*,*,#3646,.F.);
#3646 = EDGE_CURVE('',#3647,#3649,#3651,.T.);
#3647 = VERTEX_POINT('',#3648);
#3648 = CARTESIAN_POINT('',(1.02,-2.25,-0.1));
#3649 = VERTEX_POINT('',#3650);
#3650 = CARTESIAN_POINT('',(1.52,-2.25,-0.1));
#3651 = LINE('',#3652,#3653);
#3652 = CARTESIAN_POINT('',(1.02,-2.25,-0.1));
#3653 = VECTOR('',#3654,1.);
#3654 = DIRECTION('',(1.,0.,0.));
#3655 = ORIENTED_EDGE('',*,*,#3656,.F.);
#3656 = EDGE_CURVE('',#3657,#3647,#3659,.T.);
#3657 = VERTEX_POINT('',#3658);
#3658 = CARTESIAN_POINT('',(1.02,-2.33746925135,-0.151532174918));
#3659 = CIRCLE('',#3660,0.1);
#3660 = AXIS2_PLACEMENT_3D('',#3661,#3662,#3663);
#3661 = CARTESIAN_POINT('',(1.02,-2.25,-0.2));
#3662 = DIRECTION('',(-1.,-0.,-0.));
#3663 = DIRECTION('',(0.,0.,-1.));
#3664 = ORIENTED_EDGE('',*,*,#3665,.T.);
#3665 = EDGE_CURVE('',#3657,#3666,#3668,.T.);
#3666 = VERTEX_POINT('',#3667);
#3667 = CARTESIAN_POINT('',(1.52,-2.33746925135,-0.151532174918));
#3668 = LINE('',#3669,#3670);
#3669 = CARTESIAN_POINT('',(1.02,-2.33746925135,-0.151532174918));
#3670 = VECTOR('',#3671,1.);
#3671 = DIRECTION('',(1.,0.,0.));
#3672 = ORIENTED_EDGE('',*,*,#3673,.T.);
#3673 = EDGE_CURVE('',#3666,#3649,#3674,.T.);
#3674 = CIRCLE('',#3675,0.1);
#3675 = AXIS2_PLACEMENT_3D('',#3676,#3677,#3678);
#3676 = CARTESIAN_POINT('',(1.52,-2.25,-0.2));
#3677 = DIRECTION('',(-1.,-0.,-0.));
#3678 = DIRECTION('',(0.,0.,-1.));
#3679 = CYLINDRICAL_SURFACE('',#3680,0.1);
#3680 = AXIS2_PLACEMENT_3D('',#3681,#3682,#3683);
#3681 = CARTESIAN_POINT('',(1.02,-2.25,-0.2));
#3682 = DIRECTION('',(1.,0.,0.));
#3683 = DIRECTION('',(0.,0.,-1.));
#3684 = ADVANCED_FACE('',(#3685),#3710,.T.);
#3685 = FACE_BOUND('',#3686,.T.);
#3686 = EDGE_LOOP('',(#3687,#3695,#3703,#3709));
#3687 = ORIENTED_EDGE('',*,*,#3688,.F.);
#3688 = EDGE_CURVE('',#3689,#3666,#3691,.T.);
#3689 = VERTEX_POINT('',#3690);
#3690 = CARTESIAN_POINT('',(1.52,-2.9,-1.166724075162));
#3691 = LINE('',#3692,#3693);
#3692 = CARTESIAN_POINT('',(1.52,-2.9,-1.166724075162));
#3693 = VECTOR('',#3694,1.);
#3694 = DIRECTION('',(0.,0.484678250822,0.874692513504));
#3695 = ORIENTED_EDGE('',*,*,#3696,.F.);
#3696 = EDGE_CURVE('',#3697,#3689,#3699,.T.);
#3697 = VERTEX_POINT('',#3698);
#3698 = CARTESIAN_POINT('',(1.02,-2.9,-1.166724075162));
#3699 = LINE('',#3700,#3701);
#3700 = CARTESIAN_POINT('',(1.02,-2.9,-1.166724075162));
#3701 = VECTOR('',#3702,1.);
#3702 = DIRECTION('',(1.,0.,0.));
#3703 = ORIENTED_EDGE('',*,*,#3704,.T.);
#3704 = EDGE_CURVE('',#3697,#3657,#3705,.T.);
#3705 = LINE('',#3706,#3707);
#3706 = CARTESIAN_POINT('',(1.02,-2.9,-1.166724075162));
#3707 = VECTOR('',#3708,1.);
#3708 = DIRECTION('',(0.,0.484678250822,0.874692513504));
#3709 = ORIENTED_EDGE('',*,*,#3665,.T.);
#3710 = PLANE('',#3711);
#3711 = AXIS2_PLACEMENT_3D('',#3712,#3713,#3714);
#3712 = CARTESIAN_POINT('',(1.02,-2.9,-1.166724075162));
#3713 = DIRECTION('',(0.,0.874692513504,-0.484678250822));
#3714 = DIRECTION('',(0.,0.484678250822,0.874692513504));
#3715 = ADVANCED_FACE('',(#3716),#3743,.T.);
#3716 = FACE_BOUND('',#3717,.T.);
#3717 = EDGE_LOOP('',(#3718,#3727,#3735,#3742));
#3718 = ORIENTED_EDGE('',*,*,#3719,.F.);
#3719 = EDGE_CURVE('',#3720,#3689,#3722,.T.);
#3720 = VERTEX_POINT('',#3721);
#3721 = CARTESIAN_POINT('',(1.52,-3.060987207952,-1.26930123505));
#3722 = CIRCLE('',#3723,0.2);
#3723 = AXIS2_PLACEMENT_3D('',#3724,#3725,#3726);
#3724 = CARTESIAN_POINT('',(1.52,-3.074938502701,-1.069788424998));
#3725 = DIRECTION('',(1.,0.,0.));
#3726 = DIRECTION('',(0.,0.,-1.));
#3727 = ORIENTED_EDGE('',*,*,#3728,.F.);
#3728 = EDGE_CURVE('',#3729,#3720,#3731,.T.);
#3729 = VERTEX_POINT('',#3730);
#3730 = CARTESIAN_POINT('',(1.02,-3.060987207952,-1.26930123505));
#3731 = LINE('',#3732,#3733);
#3732 = CARTESIAN_POINT('',(1.02,-3.060987207952,-1.26930123505));
#3733 = VECTOR('',#3734,1.);
#3734 = DIRECTION('',(1.,0.,0.));
#3735 = ORIENTED_EDGE('',*,*,#3736,.T.);
#3736 = EDGE_CURVE('',#3729,#3697,#3737,.T.);
#3737 = CIRCLE('',#3738,0.2);
#3738 = AXIS2_PLACEMENT_3D('',#3739,#3740,#3741);
#3739 = CARTESIAN_POINT('',(1.02,-3.074938502701,-1.069788424998));
#3740 = DIRECTION('',(1.,0.,0.));
#3741 = DIRECTION('',(0.,0.,-1.));
#3742 = ORIENTED_EDGE('',*,*,#3696,.T.);
#3743 = CYLINDRICAL_SURFACE('',#3744,0.2);
#3744 = AXIS2_PLACEMENT_3D('',#3745,#3746,#3747);
#3745 = CARTESIAN_POINT('',(1.02,-3.074938502701,-1.069788424998));
#3746 = DIRECTION('',(1.,0.,0.));
#3747 = DIRECTION('',(0.,0.,-1.));
#3748 = ADVANCED_FACE('',(#3749),#3774,.T.);
#3749 = FACE_BOUND('',#3750,.T.);
#3750 = EDGE_LOOP('',(#3751,#3759,#3767,#3773));
#3751 = ORIENTED_EDGE('',*,*,#3752,.F.);
#3752 = EDGE_CURVE('',#3753,#3720,#3755,.T.);
#3753 = VERTEX_POINT('',#3754);
#3754 = CARTESIAN_POINT('',(1.52,-3.5,-1.3));
#3755 = LINE('',#3756,#3757);
#3756 = CARTESIAN_POINT('',(1.52,-3.5,-1.3));
#3757 = VECTOR('',#3758,1.);
#3758 = DIRECTION('',(0.,0.99756405026,6.975647374412E-02));
#3759 = ORIENTED_EDGE('',*,*,#3760,.F.);
#3760 = EDGE_CURVE('',#3761,#3753,#3763,.T.);
#3761 = VERTEX_POINT('',#3762);
#3762 = CARTESIAN_POINT('',(1.02,-3.5,-1.3));
#3763 = LINE('',#3764,#3765);
#3764 = CARTESIAN_POINT('',(1.02,-3.5,-1.3));
#3765 = VECTOR('',#3766,1.);
#3766 = DIRECTION('',(1.,0.,0.));
#3767 = ORIENTED_EDGE('',*,*,#3768,.T.);
#3768 = EDGE_CURVE('',#3761,#3729,#3769,.T.);
#3769 = LINE('',#3770,#3771);
#3770 = CARTESIAN_POINT('',(1.02,-3.5,-1.3));
#3771 = VECTOR('',#3772,1.);
#3772 = DIRECTION('',(0.,0.99756405026,6.975647374412E-02));
#3773 = ORIENTED_EDGE('',*,*,#3728,.T.);
#3774 = PLANE('',#3775);
#3775 = AXIS2_PLACEMENT_3D('',#3776,#3777,#3778);
#3776 = CARTESIAN_POINT('',(1.02,-3.5,-1.3));
#3777 = DIRECTION('',(0.,6.975647374412E-02,-0.99756405026));
#3778 = DIRECTION('',(0.,0.99756405026,6.975647374412E-02));
#3779 = ADVANCED_FACE('',(#3780),#3805,.T.);
#3780 = FACE_BOUND('',#3781,.T.);
#3781 = EDGE_LOOP('',(#3782,#3790,#3798,#3804));
#3782 = ORIENTED_EDGE('',*,*,#3783,.F.);
#3783 = EDGE_CURVE('',#3784,#3753,#3786,.T.);
#3784 = VERTEX_POINT('',#3785);
#3785 = CARTESIAN_POINT('',(1.52,-3.5,-1.099511620384));
#3786 = LINE('',#3787,#3788);
#3787 = CARTESIAN_POINT('',(1.52,-3.5,-1.099511620384));
#3788 = VECTOR('',#3789,1.);
#3789 = DIRECTION('',(0.,0.,-1.));
#3790 = ORIENTED_EDGE('',*,*,#3791,.F.);
#3791 = EDGE_CURVE('',#3792,#3784,#3794,.T.);
#3792 = VERTEX_POINT('',#3793);
#3793 = CARTESIAN_POINT('',(1.02,-3.5,-1.099511620384));
#3794 = LINE('',#3795,#3796);
#3795 = CARTESIAN_POINT('',(1.02,-3.5,-1.099511620384));
#3796 = VECTOR('',#3797,1.);
#3797 = DIRECTION('',(1.,0.,0.));
#3798 = ORIENTED_EDGE('',*,*,#3799,.T.);
#3799 = EDGE_CURVE('',#3792,#3761,#3800,.T.);
#3800 = LINE('',#3801,#3802);
#3801 = CARTESIAN_POINT('',(1.02,-3.5,-1.099511620384));
#3802 = VECTOR('',#3803,1.);
#3803 = DIRECTION('',(0.,0.,-1.));
#3804 = ORIENTED_EDGE('',*,*,#3760,.T.);
#3805 = PLANE('',#3806);
#3806 = AXIS2_PLACEMENT_3D('',#3807,#3808,#3809);
#3807 = CARTESIAN_POINT('',(1.02,-3.5,-1.099511620384));
#3808 = DIRECTION('',(0.,-1.,0.));
#3809 = DIRECTION('',(0.,-0.,-1.));
#3810 = ADVANCED_FACE('',(#3811),#3836,.T.);
#3811 = FACE_BOUND('',#3812,.T.);
#3812 = EDGE_LOOP('',(#3813,#3821,#3829,#3835));
#3813 = ORIENTED_EDGE('',*,*,#3814,.F.);
#3814 = EDGE_CURVE('',#3815,#3784,#3817,.T.);
#3815 = VERTEX_POINT('',#3816);
#3816 = CARTESIAN_POINT('',(1.52,-3.129111511759,-1.073576570814));
#3817 = LINE('',#3818,#3819);
#3818 = CARTESIAN_POINT('',(1.52,-3.129111511759,-1.073576570814));
#3819 = VECTOR('',#3820,1.);
#3820 = DIRECTION('',(0.,-0.99756405026,-6.975647374413E-02));
#3821 = ORIENTED_EDGE('',*,*,#3822,.F.);
#3822 = EDGE_CURVE('',#3823,#3815,#3825,.T.);
#3823 = VERTEX_POINT('',#3824);
#3824 = CARTESIAN_POINT('',(1.02,-3.129111511759,-1.073576570814));
#3825 = LINE('',#3826,#3827);
#3826 = CARTESIAN_POINT('',(1.02,-3.129111511759,-1.073576570814));
#3827 = VECTOR('',#3828,1.);
#3828 = DIRECTION('',(1.,0.,0.));
#3829 = ORIENTED_EDGE('',*,*,#3830,.T.);
#3830 = EDGE_CURVE('',#3823,#3792,#3831,.T.);
#3831 = LINE('',#3832,#3833);
#3832 = CARTESIAN_POINT('',(1.02,-3.129111511759,-1.073576570814));
#3833 = VECTOR('',#3834,1.);
#3834 = DIRECTION('',(0.,-0.99756405026,-6.975647374413E-02));
#3835 = ORIENTED_EDGE('',*,*,#3791,.T.);
#3836 = PLANE('',#3837);
#3837 = AXIS2_PLACEMENT_3D('',#3838,#3839,#3840);
#3838 = CARTESIAN_POINT('',(1.02,-3.129111511759,-1.073576570814));
#3839 = DIRECTION('',(0.,-6.975647374413E-02,0.99756405026));
#3840 = DIRECTION('',(0.,-0.99756405026,-6.975647374413E-02));
#3841 = ADVANCED_FACE('',(#3842),#3869,.F.);
#3842 = FACE_BOUND('',#3843,.F.);
#3843 = EDGE_LOOP('',(#3844,#3845,#3854,#3862));
#3844 = ORIENTED_EDGE('',*,*,#3822,.F.);
#3845 = ORIENTED_EDGE('',*,*,#3846,.F.);
#3846 = EDGE_CURVE('',#3847,#3823,#3849,.T.);
#3847 = VERTEX_POINT('',#3848);
#3848 = CARTESIAN_POINT('',(1.02,-3.048617907783,-1.022287990871));
#3849 = CIRCLE('',#3850,0.1);
#3850 = AXIS2_PLACEMENT_3D('',#3851,#3852,#3853);
#3851 = CARTESIAN_POINT('',(1.02,-3.136087159133,-0.973820165789));
#3852 = DIRECTION('',(-1.,-0.,-0.));
#3853 = DIRECTION('',(0.,0.,-1.));
#3854 = ORIENTED_EDGE('',*,*,#3855,.T.);
#3855 = EDGE_CURVE('',#3847,#3856,#3858,.T.);
#3856 = VERTEX_POINT('',#3857);
#3857 = CARTESIAN_POINT('',(1.52,-3.048617907783,-1.022287990871));
#3858 = LINE('',#3859,#3860);
#3859 = CARTESIAN_POINT('',(1.02,-3.048617907783,-1.022287990871));
#3860 = VECTOR('',#3861,1.);
#3861 = DIRECTION('',(1.,0.,0.));
#3862 = ORIENTED_EDGE('',*,*,#3863,.T.);
#3863 = EDGE_CURVE('',#3856,#3815,#3864,.T.);
#3864 = CIRCLE('',#3865,0.1);
#3865 = AXIS2_PLACEMENT_3D('',#3866,#3867,#3868);
#3866 = CARTESIAN_POINT('',(1.52,-3.136087159133,-0.973820165789));
#3867 = DIRECTION('',(-1.,-0.,-0.));
#3868 = DIRECTION('',(0.,0.,-1.));
#3869 = CYLINDRICAL_SURFACE('',#3870,0.1);
#3870 = AXIS2_PLACEMENT_3D('',#3871,#3872,#3873);
#3871 = CARTESIAN_POINT('',(1.02,-3.136087159133,-0.973820165789));
#3872 = DIRECTION('',(1.,0.,0.));
#3873 = DIRECTION('',(0.,0.,-1.));
#3874 = ADVANCED_FACE('',(#3875),#3900,.T.);
#3875 = FACE_BOUND('',#3876,.T.);
#3876 = EDGE_LOOP('',(#3877,#3885,#3893,#3899));
#3877 = ORIENTED_EDGE('',*,*,#3878,.F.);
#3878 = EDGE_CURVE('',#3879,#3856,#3881,.T.);
#3879 = VERTEX_POINT('',#3880);
#3880 = CARTESIAN_POINT('',(1.52,-2.483853120263,-3.064349835518E-03));
#3881 = LINE('',#3882,#3883);
#3882 = CARTESIAN_POINT('',(1.52,-2.483853120263,-3.064349835518E-03));
#3883 = VECTOR('',#3884,1.);
#3884 = DIRECTION('',(0.,-0.484678250822,-0.874692513504));
#3885 = ORIENTED_EDGE('',*,*,#3886,.F.);
#3886 = EDGE_CURVE('',#3887,#3879,#3889,.T.);
#3887 = VERTEX_POINT('',#3888);
#3888 = CARTESIAN_POINT('',(1.02,-2.483853120263,-3.064349835518E-03));
#3889 = LINE('',#3890,#3891);
#3890 = CARTESIAN_POINT('',(1.02,-2.483853120263,-3.064349835518E-03));
#3891 = VECTOR('',#3892,1.);
#3892 = DIRECTION('',(1.,0.,0.));
#3893 = ORIENTED_EDGE('',*,*,#3894,.T.);
#3894 = EDGE_CURVE('',#3887,#3847,#3895,.T.);
#3895 = LINE('',#3896,#3897);
#3896 = CARTESIAN_POINT('',(1.02,-2.483853120263,-3.064349835518E-03));
#3897 = VECTOR('',#3898,1.);
#3898 = DIRECTION('',(0.,-0.484678250822,-0.874692513504));
#3899 = ORIENTED_EDGE('',*,*,#3855,.T.);
#3900 = PLANE('',#3901);
#3901 = AXIS2_PLACEMENT_3D('',#3902,#3903,#3904);
#3902 = CARTESIAN_POINT('',(1.02,-2.483853120263,-3.064349835518E-03));
#3903 = DIRECTION('',(0.,-0.874692513504,0.484678250822));
#3904 = DIRECTION('',(0.,-0.484678250822,-0.874692513504));
#3905 = ADVANCED_FACE('',(#3906),#3933,.T.);
#3906 = FACE_BOUND('',#3907,.T.);
#3907 = EDGE_LOOP('',(#3908,#3917,#3925,#3932));
#3908 = ORIENTED_EDGE('',*,*,#3909,.F.);
#3909 = EDGE_CURVE('',#3910,#3879,#3912,.T.);
#3910 = VERTEX_POINT('',#3911);
#3911 = CARTESIAN_POINT('',(1.52,-2.308914617562,1.E-01));
#3912 = CIRCLE('',#3913,0.2);
#3913 = AXIS2_PLACEMENT_3D('',#3914,#3915,#3916);
#3914 = CARTESIAN_POINT('',(1.52,-2.308914617562,-0.1));
#3915 = DIRECTION('',(1.,0.,0.));
#3916 = DIRECTION('',(0.,0.,-1.));
#3917 = ORIENTED_EDGE('',*,*,#3918,.F.);
#3918 = EDGE_CURVE('',#3919,#3910,#3921,.T.);
#3919 = VERTEX_POINT('',#3920);
#3920 = CARTESIAN_POINT('',(1.02,-2.308914617562,1.E-01));
#3921 = LINE('',#3922,#3923);
#3922 = CARTESIAN_POINT('',(1.02,-2.308914617562,1.E-01));
#3923 = VECTOR('',#3924,1.);
#3924 = DIRECTION('',(1.,0.,0.));
#3925 = ORIENTED_EDGE('',*,*,#3926,.T.);
#3926 = EDGE_CURVE('',#3919,#3887,#3927,.T.);
#3927 = CIRCLE('',#3928,0.2);
#3928 = AXIS2_PLACEMENT_3D('',#3929,#3930,#3931);
#3929 = CARTESIAN_POINT('',(1.02,-2.308914617562,-0.1));
#3930 = DIRECTION('',(1.,0.,0.));
#3931 = DIRECTION('',(0.,0.,-1.));
#3932 = ORIENTED_EDGE('',*,*,#3886,.T.);
#3933 = CYLINDRICAL_SURFACE('',#3934,0.2);
#3934 = AXIS2_PLACEMENT_3D('',#3935,#3936,#3937);
#3935 = CARTESIAN_POINT('',(1.02,-2.308914617562,-0.1));
#3936 = DIRECTION('',(1.,0.,0.));
#3937 = DIRECTION('',(0.,0.,-1.));
#3938 = ADVANCED_FACE('',(#3939),#3964,.T.);
#3939 = FACE_BOUND('',#3940,.T.);
#3940 = EDGE_LOOP('',(#3941,#3949,#3957,#3963));
#3941 = ORIENTED_EDGE('',*,*,#3942,.F.);
#3942 = EDGE_CURVE('',#3943,#3910,#3945,.T.);
#3943 = VERTEX_POINT('',#3944);
#3944 = CARTESIAN_POINT('',(1.52,-2.,0.1));
#3945 = LINE('',#3946,#3947);
#3946 = CARTESIAN_POINT('',(1.52,-2.,0.1));
#3947 = VECTOR('',#3948,1.);
#3948 = DIRECTION('',(0.,-1.,-4.387143367643E-17));
#3949 = ORIENTED_EDGE('',*,*,#3950,.F.);
#3950 = EDGE_CURVE('',#3951,#3943,#3953,.T.);
#3951 = VERTEX_POINT('',#3952);
#3952 = CARTESIAN_POINT('',(1.02,-2.,0.1));
#3953 = LINE('',#3954,#3955);
#3954 = CARTESIAN_POINT('',(1.02,-2.,0.1));
#3955 = VECTOR('',#3956,1.);
#3956 = DIRECTION('',(1.,0.,0.));
#3957 = ORIENTED_EDGE('',*,*,#3958,.T.);
#3958 = EDGE_CURVE('',#3951,#3919,#3959,.T.);
#3959 = LINE('',#3960,#3961);
#3960 = CARTESIAN_POINT('',(1.02,-2.,0.1));
#3961 = VECTOR('',#3962,1.);
#3962 = DIRECTION('',(0.,-1.,-4.387143367643E-17));
#3963 = ORIENTED_EDGE('',*,*,#3918,.T.);
#3964 = PLANE('',#3965);
#3965 = AXIS2_PLACEMENT_3D('',#3966,#3967,#3968);
#3966 = CARTESIAN_POINT('',(1.02,-2.,0.1));
#3967 = DIRECTION('',(0.,-4.387143367643E-17,1.));
#3968 = DIRECTION('',(0.,-1.,-4.387143367643E-17));
#3969 = ADVANCED_FACE('',(#3970),#3995,.T.);
#3970 = FACE_BOUND('',#3971,.T.);
#3971 = EDGE_LOOP('',(#3972,#3980,#3988,#3994));
#3972 = ORIENTED_EDGE('',*,*,#3973,.F.);
#3973 = EDGE_CURVE('',#3974,#3943,#3976,.T.);
#3974 = VERTEX_POINT('',#3975);
#3975 = CARTESIAN_POINT('',(1.52,-2.,-0.1));
#3976 = LINE('',#3977,#3978);
#3977 = CARTESIAN_POINT('',(1.52,-2.,-0.1));
#3978 = VECTOR('',#3979,1.);
#3979 = DIRECTION('',(0.,0.,1.));
#3980 = ORIENTED_EDGE('',*,*,#3981,.F.);
#3981 = EDGE_CURVE('',#3982,#3974,#3984,.T.);
#3982 = VERTEX_POINT('',#3983);
#3983 = CARTESIAN_POINT('',(1.02,-2.,-0.1));
#3984 = LINE('',#3985,#3986);
#3985 = CARTESIAN_POINT('',(1.02,-2.,-0.1));
#3986 = VECTOR('',#3987,1.);
#3987 = DIRECTION('',(1.,0.,0.));
#3988 = ORIENTED_EDGE('',*,*,#3989,.T.);
#3989 = EDGE_CURVE('',#3982,#3951,#3990,.T.);
#3990 = LINE('',#3991,#3992);
#3991 = CARTESIAN_POINT('',(1.02,-2.,-0.1));
#3992 = VECTOR('',#3993,1.);
#3993 = DIRECTION('',(0.,0.,1.));
#3994 = ORIENTED_EDGE('',*,*,#3950,.T.);
#3995 = PLANE('',#3996);
#3996 = AXIS2_PLACEMENT_3D('',#3997,#3998,#3999);
#3997 = CARTESIAN_POINT('',(1.02,-2.,-0.1));
#3998 = DIRECTION('',(0.,1.,0.));
#3999 = DIRECTION('',(0.,-0.,1.));
#4000 = ADVANCED_FACE('',(#4001),#4017,.T.);
#4001 = FACE_BOUND('',#4002,.T.);
#4002 = EDGE_LOOP('',(#4003,#4009,#4010,#4016));
#4003 = ORIENTED_EDGE('',*,*,#4004,.F.);
#4004 = EDGE_CURVE('',#3649,#3974,#4005,.T.);
#4005 = LINE('',#4006,#4007);
#4006 = CARTESIAN_POINT('',(1.52,-2.25,-0.1));
#4007 = VECTOR('',#4008,1.);
#4008 = DIRECTION('',(0.,1.,0.));
#4009 = ORIENTED_EDGE('',*,*,#3646,.F.);
#4010 = ORIENTED_EDGE('',*,*,#4011,.T.);
#4011 = EDGE_CURVE('',#3647,#3982,#4012,.T.);
#4012 = LINE('',#4013,#4014);
#4013 = CARTESIAN_POINT('',(1.02,-2.25,-0.1));
#4014 = VECTOR('',#4015,1.);
#4015 = DIRECTION('',(0.,1.,0.));
#4016 = ORIENTED_EDGE('',*,*,#3981,.T.);
#4017 = PLANE('',#4018);
#4018 = AXIS2_PLACEMENT_3D('',#4019,#4020,#4021);
#4019 = CARTESIAN_POINT('',(1.02,-2.25,-0.1));
#4020 = DIRECTION('',(0.,0.,-1.));
#4021 = DIRECTION('',(-1.,0.,-0.));
#4022 = ADVANCED_FACE('',(#4023),#4037,.F.);
#4023 = FACE_BOUND('',#4024,.T.);
#4024 = EDGE_LOOP('',(#4025,#4026,#4027,#4028,#4029,#4030,#4031,#4032,
    #4033,#4034,#4035,#4036));
#4025 = ORIENTED_EDGE('',*,*,#3656,.F.);
#4026 = ORIENTED_EDGE('',*,*,#3704,.F.);
#4027 = ORIENTED_EDGE('',*,*,#3736,.F.);
#4028 = ORIENTED_EDGE('',*,*,#3768,.F.);
#4029 = ORIENTED_EDGE('',*,*,#3799,.F.);
#4030 = ORIENTED_EDGE('',*,*,#3830,.F.);
#4031 = ORIENTED_EDGE('',*,*,#3846,.F.);
#4032 = ORIENTED_EDGE('',*,*,#3894,.F.);
#4033 = ORIENTED_EDGE('',*,*,#3926,.F.);
#4034 = ORIENTED_EDGE('',*,*,#3958,.F.);
#4035 = ORIENTED_EDGE('',*,*,#3989,.F.);
#4036 = ORIENTED_EDGE('',*,*,#4011,.F.);
#4037 = PLANE('',#4038);
#4038 = AXIS2_PLACEMENT_3D('',#4039,#4040,#4041);
#4039 = CARTESIAN_POINT('',(1.02,-2.25,-0.2));
#4040 = DIRECTION('',(1.,0.,0.));
#4041 = DIRECTION('',(0.,0.,-1.));
#4042 = ADVANCED_FACE('',(#4043),#4057,.T.);
#4043 = FACE_BOUND('',#4044,.T.);
#4044 = EDGE_LOOP('',(#4045,#4046,#4047,#4048,#4049,#4050,#4051,#4052,
    #4053,#4054,#4055,#4056));
#4045 = ORIENTED_EDGE('',*,*,#3673,.T.);
#4046 = ORIENTED_EDGE('',*,*,#4004,.T.);
#4047 = ORIENTED_EDGE('',*,*,#3973,.T.);
#4048 = ORIENTED_EDGE('',*,*,#3942,.T.);
#4049 = ORIENTED_EDGE('',*,*,#3909,.T.);
#4050 = ORIENTED_EDGE('',*,*,#3878,.T.);
#4051 = ORIENTED_EDGE('',*,*,#3863,.T.);
#4052 = ORIENTED_EDGE('',*,*,#3814,.T.);
#4053 = ORIENTED_EDGE('',*,*,#3783,.T.);
#4054 = ORIENTED_EDGE('',*,*,#3752,.T.);
#4055 = ORIENTED_EDGE('',*,*,#3719,.T.);
#4056 = ORIENTED_EDGE('',*,*,#3688,.T.);
#4057 = PLANE('',#4058);
#4058 = AXIS2_PLACEMENT_3D('',#4059,#4060,#4061);
#4059 = CARTESIAN_POINT('',(1.52,-2.25,-0.2));
#4060 = DIRECTION('',(1.,0.,0.));
#4061 = DIRECTION('',(0.,0.,-1.));
#4062 = MANIFOLD_SOLID_BREP('',#4063);
#4063 = CLOSED_SHELL('',(#4064,#4106,#4137,#4170,#4201,#4232,#4263,#4296
    ,#4327,#4360,#4391,#4422,#4444,#4464));
#4064 = ADVANCED_FACE('',(#4065),#4101,.F.);
#4065 = FACE_BOUND('',#4066,.F.);
#4066 = EDGE_LOOP('',(#4067,#4077,#4086,#4094));
#4067 = ORIENTED_EDGE('',*,*,#4068,.F.);
#4068 = EDGE_CURVE('',#4069,#4071,#4073,.T.);
#4069 = VERTEX_POINT('',#4070);
#4070 = CARTESIAN_POINT('',(-1.52,-2.25,-0.1));
#4071 = VERTEX_POINT('',#4072);
#4072 = CARTESIAN_POINT('',(-1.02,-2.25,-0.1));
#4073 = LINE('',#4074,#4075);
#4074 = CARTESIAN_POINT('',(-1.52,-2.25,-0.1));
#4075 = VECTOR('',#4076,1.);
#4076 = DIRECTION('',(1.,0.,0.));
#4077 = ORIENTED_EDGE('',*,*,#4078,.F.);
#4078 = EDGE_CURVE('',#4079,#4069,#4081,.T.);
#4079 = VERTEX_POINT('',#4080);
#4080 = CARTESIAN_POINT('',(-1.52,-2.33746925135,-0.151532174918));
#4081 = CIRCLE('',#4082,0.1);
#4082 = AXIS2_PLACEMENT_3D('',#4083,#4084,#4085);
#4083 = CARTESIAN_POINT('',(-1.52,-2.25,-0.2));
#4084 = DIRECTION('',(-1.,-0.,-0.));
#4085 = DIRECTION('',(0.,0.,-1.));
#4086 = ORIENTED_EDGE('',*,*,#4087,.T.);
#4087 = EDGE_CURVE('',#4079,#4088,#4090,.T.);
#4088 = VERTEX_POINT('',#4089);
#4089 = CARTESIAN_POINT('',(-1.02,-2.33746925135,-0.151532174918));
#4090 = LINE('',#4091,#4092);
#4091 = CARTESIAN_POINT('',(-1.52,-2.33746925135,-0.151532174918));
#4092 = VECTOR('',#4093,1.);
#4093 = DIRECTION('',(1.,0.,0.));
#4094 = ORIENTED_EDGE('',*,*,#4095,.T.);
#4095 = EDGE_CURVE('',#4088,#4071,#4096,.T.);
#4096 = CIRCLE('',#4097,0.1);
#4097 = AXIS2_PLACEMENT_3D('',#4098,#4099,#4100);
#4098 = CARTESIAN_POINT('',(-1.02,-2.25,-0.2));
#4099 = DIRECTION('',(-1.,-0.,-0.));
#4100 = DIRECTION('',(0.,0.,-1.));
#4101 = CYLINDRICAL_SURFACE('',#4102,0.1);
#4102 = AXIS2_PLACEMENT_3D('',#4103,#4104,#4105);
#4103 = CARTESIAN_POINT('',(-1.52,-2.25,-0.2));
#4104 = DIRECTION('',(1.,0.,0.));
#4105 = DIRECTION('',(0.,0.,-1.));
#4106 = ADVANCED_FACE('',(#4107),#4132,.T.);
#4107 = FACE_BOUND('',#4108,.T.);
#4108 = EDGE_LOOP('',(#4109,#4117,#4125,#4131));
#4109 = ORIENTED_EDGE('',*,*,#4110,.F.);
#4110 = EDGE_CURVE('',#4111,#4088,#4113,.T.);
#4111 = VERTEX_POINT('',#4112);
#4112 = CARTESIAN_POINT('',(-1.02,-2.9,-1.166724075162));
#4113 = LINE('',#4114,#4115);
#4114 = CARTESIAN_POINT('',(-1.02,-2.9,-1.166724075162));
#4115 = VECTOR('',#4116,1.);
#4116 = DIRECTION('',(0.,0.484678250822,0.874692513504));
#4117 = ORIENTED_EDGE('',*,*,#4118,.F.);
#4118 = EDGE_CURVE('',#4119,#4111,#4121,.T.);
#4119 = VERTEX_POINT('',#4120);
#4120 = CARTESIAN_POINT('',(-1.52,-2.9,-1.166724075162));
#4121 = LINE('',#4122,#4123);
#4122 = CARTESIAN_POINT('',(-1.52,-2.9,-1.166724075162));
#4123 = VECTOR('',#4124,1.);
#4124 = DIRECTION('',(1.,0.,0.));
#4125 = ORIENTED_EDGE('',*,*,#4126,.T.);
#4126 = EDGE_CURVE('',#4119,#4079,#4127,.T.);
#4127 = LINE('',#4128,#4129);
#4128 = CARTESIAN_POINT('',(-1.52,-2.9,-1.166724075162));
#4129 = VECTOR('',#4130,1.);
#4130 = DIRECTION('',(0.,0.484678250822,0.874692513504));
#4131 = ORIENTED_EDGE('',*,*,#4087,.T.);
#4132 = PLANE('',#4133);
#4133 = AXIS2_PLACEMENT_3D('',#4134,#4135,#4136);
#4134 = CARTESIAN_POINT('',(-1.52,-2.9,-1.166724075162));
#4135 = DIRECTION('',(0.,0.874692513504,-0.484678250822));
#4136 = DIRECTION('',(0.,0.484678250822,0.874692513504));
#4137 = ADVANCED_FACE('',(#4138),#4165,.T.);
#4138 = FACE_BOUND('',#4139,.T.);
#4139 = EDGE_LOOP('',(#4140,#4149,#4157,#4164));
#4140 = ORIENTED_EDGE('',*,*,#4141,.F.);
#4141 = EDGE_CURVE('',#4142,#4111,#4144,.T.);
#4142 = VERTEX_POINT('',#4143);
#4143 = CARTESIAN_POINT('',(-1.02,-3.060987207952,-1.26930123505));
#4144 = CIRCLE('',#4145,0.2);
#4145 = AXIS2_PLACEMENT_3D('',#4146,#4147,#4148);
#4146 = CARTESIAN_POINT('',(-1.02,-3.074938502701,-1.069788424998));
#4147 = DIRECTION('',(1.,0.,0.));
#4148 = DIRECTION('',(0.,0.,-1.));
#4149 = ORIENTED_EDGE('',*,*,#4150,.F.);
#4150 = EDGE_CURVE('',#4151,#4142,#4153,.T.);
#4151 = VERTEX_POINT('',#4152);
#4152 = CARTESIAN_POINT('',(-1.52,-3.060987207952,-1.26930123505));
#4153 = LINE('',#4154,#4155);
#4154 = CARTESIAN_POINT('',(-1.52,-3.060987207952,-1.26930123505));
#4155 = VECTOR('',#4156,1.);
#4156 = DIRECTION('',(1.,0.,0.));
#4157 = ORIENTED_EDGE('',*,*,#4158,.T.);
#4158 = EDGE_CURVE('',#4151,#4119,#4159,.T.);
#4159 = CIRCLE('',#4160,0.2);
#4160 = AXIS2_PLACEMENT_3D('',#4161,#4162,#4163);
#4161 = CARTESIAN_POINT('',(-1.52,-3.074938502701,-1.069788424998));
#4162 = DIRECTION('',(1.,0.,0.));
#4163 = DIRECTION('',(0.,0.,-1.));
#4164 = ORIENTED_EDGE('',*,*,#4118,.T.);
#4165 = CYLINDRICAL_SURFACE('',#4166,0.2);
#4166 = AXIS2_PLACEMENT_3D('',#4167,#4168,#4169);
#4167 = CARTESIAN_POINT('',(-1.52,-3.074938502701,-1.069788424998));
#4168 = DIRECTION('',(1.,0.,0.));
#4169 = DIRECTION('',(0.,0.,-1.));
#4170 = ADVANCED_FACE('',(#4171),#4196,.T.);
#4171 = FACE_BOUND('',#4172,.T.);
#4172 = EDGE_LOOP('',(#4173,#4181,#4189,#4195));
#4173 = ORIENTED_EDGE('',*,*,#4174,.F.);
#4174 = EDGE_CURVE('',#4175,#4142,#4177,.T.);
#4175 = VERTEX_POINT('',#4176);
#4176 = CARTESIAN_POINT('',(-1.02,-3.5,-1.3));
#4177 = LINE('',#4178,#4179);
#4178 = CARTESIAN_POINT('',(-1.02,-3.5,-1.3));
#4179 = VECTOR('',#4180,1.);
#4180 = DIRECTION('',(0.,0.99756405026,6.975647374412E-02));
#4181 = ORIENTED_EDGE('',*,*,#4182,.F.);
#4182 = EDGE_CURVE('',#4183,#4175,#4185,.T.);
#4183 = VERTEX_POINT('',#4184);
#4184 = CARTESIAN_POINT('',(-1.52,-3.5,-1.3));
#4185 = LINE('',#4186,#4187);
#4186 = CARTESIAN_POINT('',(-1.52,-3.5,-1.3));
#4187 = VECTOR('',#4188,1.);
#4188 = DIRECTION('',(1.,0.,0.));
#4189 = ORIENTED_EDGE('',*,*,#4190,.T.);
#4190 = EDGE_CURVE('',#4183,#4151,#4191,.T.);
#4191 = LINE('',#4192,#4193);
#4192 = CARTESIAN_POINT('',(-1.52,-3.5,-1.3));
#4193 = VECTOR('',#4194,1.);
#4194 = DIRECTION('',(0.,0.99756405026,6.975647374412E-02));
#4195 = ORIENTED_EDGE('',*,*,#4150,.T.);
#4196 = PLANE('',#4197);
#4197 = AXIS2_PLACEMENT_3D('',#4198,#4199,#4200);
#4198 = CARTESIAN_POINT('',(-1.52,-3.5,-1.3));
#4199 = DIRECTION('',(0.,6.975647374412E-02,-0.99756405026));
#4200 = DIRECTION('',(0.,0.99756405026,6.975647374412E-02));
#4201 = ADVANCED_FACE('',(#4202),#4227,.T.);
#4202 = FACE_BOUND('',#4203,.T.);
#4203 = EDGE_LOOP('',(#4204,#4212,#4220,#4226));
#4204 = ORIENTED_EDGE('',*,*,#4205,.F.);
#4205 = EDGE_CURVE('',#4206,#4175,#4208,.T.);
#4206 = VERTEX_POINT('',#4207);
#4207 = CARTESIAN_POINT('',(-1.02,-3.5,-1.099511620384));
#4208 = LINE('',#4209,#4210);
#4209 = CARTESIAN_POINT('',(-1.02,-3.5,-1.099511620384));
#4210 = VECTOR('',#4211,1.);
#4211 = DIRECTION('',(0.,0.,-1.));
#4212 = ORIENTED_EDGE('',*,*,#4213,.F.);
#4213 = EDGE_CURVE('',#4214,#4206,#4216,.T.);
#4214 = VERTEX_POINT('',#4215);
#4215 = CARTESIAN_POINT('',(-1.52,-3.5,-1.099511620384));
#4216 = LINE('',#4217,#4218);
#4217 = CARTESIAN_POINT('',(-1.52,-3.5,-1.099511620384));
#4218 = VECTOR('',#4219,1.);
#4219 = DIRECTION('',(1.,0.,0.));
#4220 = ORIENTED_EDGE('',*,*,#4221,.T.);
#4221 = EDGE_CURVE('',#4214,#4183,#4222,.T.);
#4222 = LINE('',#4223,#4224);
#4223 = CARTESIAN_POINT('',(-1.52,-3.5,-1.099511620384));
#4224 = VECTOR('',#4225,1.);
#4225 = DIRECTION('',(0.,0.,-1.));
#4226 = ORIENTED_EDGE('',*,*,#4182,.T.);
#4227 = PLANE('',#4228);
#4228 = AXIS2_PLACEMENT_3D('',#4229,#4230,#4231);
#4229 = CARTESIAN_POINT('',(-1.52,-3.5,-1.099511620384));
#4230 = DIRECTION('',(0.,-1.,0.));
#4231 = DIRECTION('',(0.,-0.,-1.));
#4232 = ADVANCED_FACE('',(#4233),#4258,.T.);
#4233 = FACE_BOUND('',#4234,.T.);
#4234 = EDGE_LOOP('',(#4235,#4243,#4251,#4257));
#4235 = ORIENTED_EDGE('',*,*,#4236,.F.);
#4236 = EDGE_CURVE('',#4237,#4206,#4239,.T.);
#4237 = VERTEX_POINT('',#4238);
#4238 = CARTESIAN_POINT('',(-1.02,-3.129111511759,-1.073576570814));
#4239 = LINE('',#4240,#4241);
#4240 = CARTESIAN_POINT('',(-1.02,-3.129111511759,-1.073576570814));
#4241 = VECTOR('',#4242,1.);
#4242 = DIRECTION('',(0.,-0.99756405026,-6.975647374413E-02));
#4243 = ORIENTED_EDGE('',*,*,#4244,.F.);
#4244 = EDGE_CURVE('',#4245,#4237,#4247,.T.);
#4245 = VERTEX_POINT('',#4246);
#4246 = CARTESIAN_POINT('',(-1.52,-3.129111511759,-1.073576570814));
#4247 = LINE('',#4248,#4249);
#4248 = CARTESIAN_POINT('',(-1.52,-3.129111511759,-1.073576570814));
#4249 = VECTOR('',#4250,1.);
#4250 = DIRECTION('',(1.,0.,0.));
#4251 = ORIENTED_EDGE('',*,*,#4252,.T.);
#4252 = EDGE_CURVE('',#4245,#4214,#4253,.T.);
#4253 = LINE('',#4254,#4255);
#4254 = CARTESIAN_POINT('',(-1.52,-3.129111511759,-1.073576570814));
#4255 = VECTOR('',#4256,1.);
#4256 = DIRECTION('',(0.,-0.99756405026,-6.975647374413E-02));
#4257 = ORIENTED_EDGE('',*,*,#4213,.T.);
#4258 = PLANE('',#4259);
#4259 = AXIS2_PLACEMENT_3D('',#4260,#4261,#4262);
#4260 = CARTESIAN_POINT('',(-1.52,-3.129111511759,-1.073576570814));
#4261 = DIRECTION('',(0.,-6.975647374413E-02,0.99756405026));
#4262 = DIRECTION('',(0.,-0.99756405026,-6.975647374413E-02));
#4263 = ADVANCED_FACE('',(#4264),#4291,.F.);
#4264 = FACE_BOUND('',#4265,.F.);
#4265 = EDGE_LOOP('',(#4266,#4267,#4276,#4284));
#4266 = ORIENTED_EDGE('',*,*,#4244,.F.);
#4267 = ORIENTED_EDGE('',*,*,#4268,.F.);
#4268 = EDGE_CURVE('',#4269,#4245,#4271,.T.);
#4269 = VERTEX_POINT('',#4270);
#4270 = CARTESIAN_POINT('',(-1.52,-3.048617907783,-1.022287990871));
#4271 = CIRCLE('',#4272,0.1);
#4272 = AXIS2_PLACEMENT_3D('',#4273,#4274,#4275);
#4273 = CARTESIAN_POINT('',(-1.52,-3.136087159133,-0.973820165789));
#4274 = DIRECTION('',(-1.,-0.,-0.));
#4275 = DIRECTION('',(0.,0.,-1.));
#4276 = ORIENTED_EDGE('',*,*,#4277,.T.);
#4277 = EDGE_CURVE('',#4269,#4278,#4280,.T.);
#4278 = VERTEX_POINT('',#4279);
#4279 = CARTESIAN_POINT('',(-1.02,-3.048617907783,-1.022287990871));
#4280 = LINE('',#4281,#4282);
#4281 = CARTESIAN_POINT('',(-1.52,-3.048617907783,-1.022287990871));
#4282 = VECTOR('',#4283,1.);
#4283 = DIRECTION('',(1.,0.,0.));
#4284 = ORIENTED_EDGE('',*,*,#4285,.T.);
#4285 = EDGE_CURVE('',#4278,#4237,#4286,.T.);
#4286 = CIRCLE('',#4287,0.1);
#4287 = AXIS2_PLACEMENT_3D('',#4288,#4289,#4290);
#4288 = CARTESIAN_POINT('',(-1.02,-3.136087159133,-0.973820165789));
#4289 = DIRECTION('',(-1.,-0.,-0.));
#4290 = DIRECTION('',(0.,0.,-1.));
#4291 = CYLINDRICAL_SURFACE('',#4292,0.1);
#4292 = AXIS2_PLACEMENT_3D('',#4293,#4294,#4295);
#4293 = CARTESIAN_POINT('',(-1.52,-3.136087159133,-0.973820165789));
#4294 = DIRECTION('',(1.,0.,0.));
#4295 = DIRECTION('',(0.,0.,-1.));
#4296 = ADVANCED_FACE('',(#4297),#4322,.T.);
#4297 = FACE_BOUND('',#4298,.T.);
#4298 = EDGE_LOOP('',(#4299,#4307,#4315,#4321));
#4299 = ORIENTED_EDGE('',*,*,#4300,.F.);
#4300 = EDGE_CURVE('',#4301,#4278,#4303,.T.);
#4301 = VERTEX_POINT('',#4302);
#4302 = CARTESIAN_POINT('',(-1.02,-2.483853120263,-3.064349835518E-03));
#4303 = LINE('',#4304,#4305);
#4304 = CARTESIAN_POINT('',(-1.02,-2.483853120263,-3.064349835518E-03));
#4305 = VECTOR('',#4306,1.);
#4306 = DIRECTION('',(0.,-0.484678250822,-0.874692513504));
#4307 = ORIENTED_EDGE('',*,*,#4308,.F.);
#4308 = EDGE_CURVE('',#4309,#4301,#4311,.T.);
#4309 = VERTEX_POINT('',#4310);
#4310 = CARTESIAN_POINT('',(-1.52,-2.483853120263,-3.064349835518E-03));
#4311 = LINE('',#4312,#4313);
#4312 = CARTESIAN_POINT('',(-1.52,-2.483853120263,-3.064349835518E-03));
#4313 = VECTOR('',#4314,1.);
#4314 = DIRECTION('',(1.,0.,0.));
#4315 = ORIENTED_EDGE('',*,*,#4316,.T.);
#4316 = EDGE_CURVE('',#4309,#4269,#4317,.T.);
#4317 = LINE('',#4318,#4319);
#4318 = CARTESIAN_POINT('',(-1.52,-2.483853120263,-3.064349835518E-03));
#4319 = VECTOR('',#4320,1.);
#4320 = DIRECTION('',(0.,-0.484678250822,-0.874692513504));
#4321 = ORIENTED_EDGE('',*,*,#4277,.T.);
#4322 = PLANE('',#4323);
#4323 = AXIS2_PLACEMENT_3D('',#4324,#4325,#4326);
#4324 = CARTESIAN_POINT('',(-1.52,-2.483853120263,-3.064349835518E-03));
#4325 = DIRECTION('',(0.,-0.874692513504,0.484678250822));
#4326 = DIRECTION('',(0.,-0.484678250822,-0.874692513504));
#4327 = ADVANCED_FACE('',(#4328),#4355,.T.);
#4328 = FACE_BOUND('',#4329,.T.);
#4329 = EDGE_LOOP('',(#4330,#4339,#4347,#4354));
#4330 = ORIENTED_EDGE('',*,*,#4331,.F.);
#4331 = EDGE_CURVE('',#4332,#4301,#4334,.T.);
#4332 = VERTEX_POINT('',#4333);
#4333 = CARTESIAN_POINT('',(-1.02,-2.308914617562,1.E-01));
#4334 = CIRCLE('',#4335,0.2);
#4335 = AXIS2_PLACEMENT_3D('',#4336,#4337,#4338);
#4336 = CARTESIAN_POINT('',(-1.02,-2.308914617562,-0.1));
#4337 = DIRECTION('',(1.,0.,0.));
#4338 = DIRECTION('',(0.,0.,-1.));
#4339 = ORIENTED_EDGE('',*,*,#4340,.F.);
#4340 = EDGE_CURVE('',#4341,#4332,#4343,.T.);
#4341 = VERTEX_POINT('',#4342);
#4342 = CARTESIAN_POINT('',(-1.52,-2.308914617562,1.E-01));
#4343 = LINE('',#4344,#4345);
#4344 = CARTESIAN_POINT('',(-1.52,-2.308914617562,1.E-01));
#4345 = VECTOR('',#4346,1.);
#4346 = DIRECTION('',(1.,0.,0.));
#4347 = ORIENTED_EDGE('',*,*,#4348,.T.);
#4348 = EDGE_CURVE('',#4341,#4309,#4349,.T.);
#4349 = CIRCLE('',#4350,0.2);
#4350 = AXIS2_PLACEMENT_3D('',#4351,#4352,#4353);
#4351 = CARTESIAN_POINT('',(-1.52,-2.308914617562,-0.1));
#4352 = DIRECTION('',(1.,0.,0.));
#4353 = DIRECTION('',(0.,0.,-1.));
#4354 = ORIENTED_EDGE('',*,*,#4308,.T.);
#4355 = CYLINDRICAL_SURFACE('',#4356,0.2);
#4356 = AXIS2_PLACEMENT_3D('',#4357,#4358,#4359);
#4357 = CARTESIAN_POINT('',(-1.52,-2.308914617562,-0.1));
#4358 = DIRECTION('',(1.,0.,0.));
#4359 = DIRECTION('',(0.,0.,-1.));
#4360 = ADVANCED_FACE('',(#4361),#4386,.T.);
#4361 = FACE_BOUND('',#4362,.T.);
#4362 = EDGE_LOOP('',(#4363,#4371,#4379,#4385));
#4363 = ORIENTED_EDGE('',*,*,#4364,.F.);
#4364 = EDGE_CURVE('',#4365,#4332,#4367,.T.);
#4365 = VERTEX_POINT('',#4366);
#4366 = CARTESIAN_POINT('',(-1.02,-2.,0.1));
#4367 = LINE('',#4368,#4369);
#4368 = CARTESIAN_POINT('',(-1.02,-2.,0.1));
#4369 = VECTOR('',#4370,1.);
#4370 = DIRECTION('',(0.,-1.,-4.387143367643E-17));
#4371 = ORIENTED_EDGE('',*,*,#4372,.F.);
#4372 = EDGE_CURVE('',#4373,#4365,#4375,.T.);
#4373 = VERTEX_POINT('',#4374);
#4374 = CARTESIAN_POINT('',(-1.52,-2.,0.1));
#4375 = LINE('',#4376,#4377);
#4376 = CARTESIAN_POINT('',(-1.52,-2.,0.1));
#4377 = VECTOR('',#4378,1.);
#4378 = DIRECTION('',(1.,0.,0.));
#4379 = ORIENTED_EDGE('',*,*,#4380,.T.);
#4380 = EDGE_CURVE('',#4373,#4341,#4381,.T.);
#4381 = LINE('',#4382,#4383);
#4382 = CARTESIAN_POINT('',(-1.52,-2.,0.1));
#4383 = VECTOR('',#4384,1.);
#4384 = DIRECTION('',(0.,-1.,-4.387143367643E-17));
#4385 = ORIENTED_EDGE('',*,*,#4340,.T.);
#4386 = PLANE('',#4387);
#4387 = AXIS2_PLACEMENT_3D('',#4388,#4389,#4390);
#4388 = CARTESIAN_POINT('',(-1.52,-2.,0.1));
#4389 = DIRECTION('',(0.,-4.387143367643E-17,1.));
#4390 = DIRECTION('',(0.,-1.,-4.387143367643E-17));
#4391 = ADVANCED_FACE('',(#4392),#4417,.T.);
#4392 = FACE_BOUND('',#4393,.T.);
#4393 = EDGE_LOOP('',(#4394,#4402,#4410,#4416));
#4394 = ORIENTED_EDGE('',*,*,#4395,.F.);
#4395 = EDGE_CURVE('',#4396,#4365,#4398,.T.);
#4396 = VERTEX_POINT('',#4397);
#4397 = CARTESIAN_POINT('',(-1.02,-2.,-0.1));
#4398 = LINE('',#4399,#4400);
#4399 = CARTESIAN_POINT('',(-1.02,-2.,-0.1));
#4400 = VECTOR('',#4401,1.);
#4401 = DIRECTION('',(0.,0.,1.));
#4402 = ORIENTED_EDGE('',*,*,#4403,.F.);
#4403 = EDGE_CURVE('',#4404,#4396,#4406,.T.);
#4404 = VERTEX_POINT('',#4405);
#4405 = CARTESIAN_POINT('',(-1.52,-2.,-0.1));
#4406 = LINE('',#4407,#4408);
#4407 = CARTESIAN_POINT('',(-1.52,-2.,-0.1));
#4408 = VECTOR('',#4409,1.);
#4409 = DIRECTION('',(1.,0.,0.));
#4410 = ORIENTED_EDGE('',*,*,#4411,.T.);
#4411 = EDGE_CURVE('',#4404,#4373,#4412,.T.);
#4412 = LINE('',#4413,#4414);
#4413 = CARTESIAN_POINT('',(-1.52,-2.,-0.1));
#4414 = VECTOR('',#4415,1.);
#4415 = DIRECTION('',(0.,0.,1.));
#4416 = ORIENTED_EDGE('',*,*,#4372,.T.);
#4417 = PLANE('',#4418);
#4418 = AXIS2_PLACEMENT_3D('',#4419,#4420,#4421);
#4419 = CARTESIAN_POINT('',(-1.52,-2.,-0.1));
#4420 = DIRECTION('',(0.,1.,0.));
#4421 = DIRECTION('',(0.,-0.,1.));
#4422 = ADVANCED_FACE('',(#4423),#4439,.T.);
#4423 = FACE_BOUND('',#4424,.T.);
#4424 = EDGE_LOOP('',(#4425,#4431,#4432,#4438));
#4425 = ORIENTED_EDGE('',*,*,#4426,.F.);
#4426 = EDGE_CURVE('',#4071,#4396,#4427,.T.);
#4427 = LINE('',#4428,#4429);
#4428 = CARTESIAN_POINT('',(-1.02,-2.25,-0.1));
#4429 = VECTOR('',#4430,1.);
#4430 = DIRECTION('',(0.,1.,0.));
#4431 = ORIENTED_EDGE('',*,*,#4068,.F.);
#4432 = ORIENTED_EDGE('',*,*,#4433,.T.);
#4433 = EDGE_CURVE('',#4069,#4404,#4434,.T.);
#4434 = LINE('',#4435,#4436);
#4435 = CARTESIAN_POINT('',(-1.52,-2.25,-0.1));
#4436 = VECTOR('',#4437,1.);
#4437 = DIRECTION('',(0.,1.,0.));
#4438 = ORIENTED_EDGE('',*,*,#4403,.T.);
#4439 = PLANE('',#4440);
#4440 = AXIS2_PLACEMENT_3D('',#4441,#4442,#4443);
#4441 = CARTESIAN_POINT('',(-1.52,-2.25,-0.1));
#4442 = DIRECTION('',(0.,0.,-1.));
#4443 = DIRECTION('',(-1.,0.,-0.));
#4444 = ADVANCED_FACE('',(#4445),#4459,.F.);
#4445 = FACE_BOUND('',#4446,.T.);
#4446 = EDGE_LOOP('',(#4447,#4448,#4449,#4450,#4451,#4452,#4453,#4454,
    #4455,#4456,#4457,#4458));
#4447 = ORIENTED_EDGE('',*,*,#4078,.F.);
#4448 = ORIENTED_EDGE('',*,*,#4126,.F.);
#4449 = ORIENTED_EDGE('',*,*,#4158,.F.);
#4450 = ORIENTED_EDGE('',*,*,#4190,.F.);
#4451 = ORIENTED_EDGE('',*,*,#4221,.F.);
#4452 = ORIENTED_EDGE('',*,*,#4252,.F.);
#4453 = ORIENTED_EDGE('',*,*,#4268,.F.);
#4454 = ORIENTED_EDGE('',*,*,#4316,.F.);
#4455 = ORIENTED_EDGE('',*,*,#4348,.F.);
#4456 = ORIENTED_EDGE('',*,*,#4380,.F.);
#4457 = ORIENTED_EDGE('',*,*,#4411,.F.);
#4458 = ORIENTED_EDGE('',*,*,#4433,.F.);
#4459 = PLANE('',#4460);
#4460 = AXIS2_PLACEMENT_3D('',#4461,#4462,#4463);
#4461 = CARTESIAN_POINT('',(-1.52,-2.25,-0.2));
#4462 = DIRECTION('',(1.,0.,0.));
#4463 = DIRECTION('',(0.,0.,-1.));
#4464 = ADVANCED_FACE('',(#4465),#4479,.T.);
#4465 = FACE_BOUND('',#4466,.T.);
#4466 = EDGE_LOOP('',(#4467,#4468,#4469,#4470,#4471,#4472,#4473,#4474,
    #4475,#4476,#4477,#4478));
#4467 = ORIENTED_EDGE('',*,*,#4095,.T.);
#4468 = ORIENTED_EDGE('',*,*,#4426,.T.);
#4469 = ORIENTED_EDGE('',*,*,#4395,.T.);
#4470 = ORIENTED_EDGE('',*,*,#4364,.T.);
#4471 = ORIENTED_EDGE('',*,*,#4331,.T.);
#4472 = ORIENTED_EDGE('',*,*,#4300,.T.);
#4473 = ORIENTED_EDGE('',*,*,#4285,.T.);
#4474 = ORIENTED_EDGE('',*,*,#4236,.T.);
#4475 = ORIENTED_EDGE('',*,*,#4205,.T.);
#4476 = ORIENTED_EDGE('',*,*,#4174,.T.);
#4477 = ORIENTED_EDGE('',*,*,#4141,.T.);
#4478 = ORIENTED_EDGE('',*,*,#4110,.T.);
#4479 = PLANE('',#4480);
#4480 = AXIS2_PLACEMENT_3D('',#4481,#4482,#4483);
#4481 = CARTESIAN_POINT('',(-1.02,-2.25,-0.2));
#4482 = DIRECTION('',(1.,0.,0.));
#4483 = DIRECTION('',(0.,0.,-1.));
#4484 = MANIFOLD_SOLID_BREP('',#4485);
#4485 = CLOSED_SHELL('',(#4486,#4528,#4559,#4592,#4623,#4654,#4685,#4718
    ,#4749,#4782,#4813,#4844,#4866,#4886));
#4486 = ADVANCED_FACE('',(#4487),#4523,.F.);
#4487 = FACE_BOUND('',#4488,.F.);
#4488 = EDGE_LOOP('',(#4489,#4499,#4508,#4516));
#4489 = ORIENTED_EDGE('',*,*,#4490,.F.);
#4490 = EDGE_CURVE('',#4491,#4493,#4495,.T.);
#4491 = VERTEX_POINT('',#4492);
#4492 = CARTESIAN_POINT('',(1.02,2.33746925135,-0.151532174918));
#4493 = VERTEX_POINT('',#4494);
#4494 = CARTESIAN_POINT('',(1.52,2.33746925135,-0.151532174918));
#4495 = LINE('',#4496,#4497);
#4496 = CARTESIAN_POINT('',(1.02,2.33746925135,-0.151532174918));
#4497 = VECTOR('',#4498,1.);
#4498 = DIRECTION('',(1.,0.,0.));
#4499 = ORIENTED_EDGE('',*,*,#4500,.T.);
#4500 = EDGE_CURVE('',#4491,#4501,#4503,.T.);
#4501 = VERTEX_POINT('',#4502);
#4502 = CARTESIAN_POINT('',(1.02,2.25,-0.1));
#4503 = CIRCLE('',#4504,0.1);
#4504 = AXIS2_PLACEMENT_3D('',#4505,#4506,#4507);
#4505 = CARTESIAN_POINT('',(1.02,2.25,-0.2));
#4506 = DIRECTION('',(1.,-0.,0.));
#4507 = DIRECTION('',(0.,0.,-1.));
#4508 = ORIENTED_EDGE('',*,*,#4509,.T.);
#4509 = EDGE_CURVE('',#4501,#4510,#4512,.T.);
#4510 = VERTEX_POINT('',#4511);
#4511 = CARTESIAN_POINT('',(1.52,2.25,-0.1));
#4512 = LINE('',#4513,#4514);
#4513 = CARTESIAN_POINT('',(1.02,2.25,-0.1));
#4514 = VECTOR('',#4515,1.);
#4515 = DIRECTION('',(1.,0.,0.));
#4516 = ORIENTED_EDGE('',*,*,#4517,.F.);
#4517 = EDGE_CURVE('',#4493,#4510,#4518,.T.);
#4518 = CIRCLE('',#4519,0.1);
#4519 = AXIS2_PLACEMENT_3D('',#4520,#4521,#4522);
#4520 = CARTESIAN_POINT('',(1.52,2.25,-0.2));
#4521 = DIRECTION('',(1.,-0.,0.));
#4522 = DIRECTION('',(0.,0.,-1.));
#4523 = CYLINDRICAL_SURFACE('',#4524,0.1);
#4524 = AXIS2_PLACEMENT_3D('',#4525,#4526,#4527);
#4525 = CARTESIAN_POINT('',(1.02,2.25,-0.2));
#4526 = DIRECTION('',(1.,0.,0.));
#4527 = DIRECTION('',(0.,0.,-1.));
#4528 = ADVANCED_FACE('',(#4529),#4554,.T.);
#4529 = FACE_BOUND('',#4530,.T.);
#4530 = EDGE_LOOP('',(#4531,#4539,#4540,#4548));
#4531 = ORIENTED_EDGE('',*,*,#4532,.T.);
#4532 = EDGE_CURVE('',#4533,#4493,#4535,.T.);
#4533 = VERTEX_POINT('',#4534);
#4534 = CARTESIAN_POINT('',(1.52,2.9,-1.166724075162));
#4535 = LINE('',#4536,#4537);
#4536 = CARTESIAN_POINT('',(1.52,2.9,-1.166724075162));
#4537 = VECTOR('',#4538,1.);
#4538 = DIRECTION('',(0.,-0.484678250822,0.874692513504));
#4539 = ORIENTED_EDGE('',*,*,#4490,.F.);
#4540 = ORIENTED_EDGE('',*,*,#4541,.F.);
#4541 = EDGE_CURVE('',#4542,#4491,#4544,.T.);
#4542 = VERTEX_POINT('',#4543);
#4543 = CARTESIAN_POINT('',(1.02,2.9,-1.166724075162));
#4544 = LINE('',#4545,#4546);
#4545 = CARTESIAN_POINT('',(1.02,2.9,-1.166724075162));
#4546 = VECTOR('',#4547,1.);
#4547 = DIRECTION('',(0.,-0.484678250822,0.874692513504));
#4548 = ORIENTED_EDGE('',*,*,#4549,.T.);
#4549 = EDGE_CURVE('',#4542,#4533,#4550,.T.);
#4550 = LINE('',#4551,#4552);
#4551 = CARTESIAN_POINT('',(1.02,2.9,-1.166724075162));
#4552 = VECTOR('',#4553,1.);
#4553 = DIRECTION('',(1.,0.,0.));
#4554 = PLANE('',#4555);
#4555 = AXIS2_PLACEMENT_3D('',#4556,#4557,#4558);
#4556 = CARTESIAN_POINT('',(1.02,2.9,-1.166724075162));
#4557 = DIRECTION('',(0.,-0.874692513504,-0.484678250822));
#4558 = DIRECTION('',(0.,-0.484678250822,0.874692513504));
#4559 = ADVANCED_FACE('',(#4560),#4587,.T.);
#4560 = FACE_BOUND('',#4561,.T.);
#4561 = EDGE_LOOP('',(#4562,#4571,#4572,#4581));
#4562 = ORIENTED_EDGE('',*,*,#4563,.T.);
#4563 = EDGE_CURVE('',#4564,#4533,#4566,.T.);
#4564 = VERTEX_POINT('',#4565);
#4565 = CARTESIAN_POINT('',(1.52,3.060987207952,-1.26930123505));
#4566 = CIRCLE('',#4567,0.2);
#4567 = AXIS2_PLACEMENT_3D('',#4568,#4569,#4570);
#4568 = CARTESIAN_POINT('',(1.52,3.074938502701,-1.069788424998));
#4569 = DIRECTION('',(-1.,-0.,-0.));
#4570 = DIRECTION('',(0.,0.,-1.));
#4571 = ORIENTED_EDGE('',*,*,#4549,.F.);
#4572 = ORIENTED_EDGE('',*,*,#4573,.F.);
#4573 = EDGE_CURVE('',#4574,#4542,#4576,.T.);
#4574 = VERTEX_POINT('',#4575);
#4575 = CARTESIAN_POINT('',(1.02,3.060987207952,-1.26930123505));
#4576 = CIRCLE('',#4577,0.2);
#4577 = AXIS2_PLACEMENT_3D('',#4578,#4579,#4580);
#4578 = CARTESIAN_POINT('',(1.02,3.074938502701,-1.069788424998));
#4579 = DIRECTION('',(-1.,-0.,-0.));
#4580 = DIRECTION('',(0.,0.,-1.));
#4581 = ORIENTED_EDGE('',*,*,#4582,.T.);
#4582 = EDGE_CURVE('',#4574,#4564,#4583,.T.);
#4583 = LINE('',#4584,#4585);
#4584 = CARTESIAN_POINT('',(1.02,3.060987207952,-1.26930123505));
#4585 = VECTOR('',#4586,1.);
#4586 = DIRECTION('',(1.,0.,0.));
#4587 = CYLINDRICAL_SURFACE('',#4588,0.2);
#4588 = AXIS2_PLACEMENT_3D('',#4589,#4590,#4591);
#4589 = CARTESIAN_POINT('',(1.02,3.074938502701,-1.069788424998));
#4590 = DIRECTION('',(1.,0.,0.));
#4591 = DIRECTION('',(0.,0.,-1.));
#4592 = ADVANCED_FACE('',(#4593),#4618,.T.);
#4593 = FACE_BOUND('',#4594,.T.);
#4594 = EDGE_LOOP('',(#4595,#4603,#4604,#4612));
#4595 = ORIENTED_EDGE('',*,*,#4596,.T.);
#4596 = EDGE_CURVE('',#4597,#4564,#4599,.T.);
#4597 = VERTEX_POINT('',#4598);
#4598 = CARTESIAN_POINT('',(1.52,3.5,-1.3));
#4599 = LINE('',#4600,#4601);
#4600 = CARTESIAN_POINT('',(1.52,3.5,-1.3));
#4601 = VECTOR('',#4602,1.);
#4602 = DIRECTION('',(0.,-0.99756405026,6.975647374412E-02));
#4603 = ORIENTED_EDGE('',*,*,#4582,.F.);
#4604 = ORIENTED_EDGE('',*,*,#4605,.F.);
#4605 = EDGE_CURVE('',#4606,#4574,#4608,.T.);
#4606 = VERTEX_POINT('',#4607);
#4607 = CARTESIAN_POINT('',(1.02,3.5,-1.3));
#4608 = LINE('',#4609,#4610);
#4609 = CARTESIAN_POINT('',(1.02,3.5,-1.3));
#4610 = VECTOR('',#4611,1.);
#4611 = DIRECTION('',(0.,-0.99756405026,6.975647374412E-02));
#4612 = ORIENTED_EDGE('',*,*,#4613,.T.);
#4613 = EDGE_CURVE('',#4606,#4597,#4614,.T.);
#4614 = LINE('',#4615,#4616);
#4615 = CARTESIAN_POINT('',(1.02,3.5,-1.3));
#4616 = VECTOR('',#4617,1.);
#4617 = DIRECTION('',(1.,0.,0.));
#4618 = PLANE('',#4619);
#4619 = AXIS2_PLACEMENT_3D('',#4620,#4621,#4622);
#4620 = CARTESIAN_POINT('',(1.02,3.5,-1.3));
#4621 = DIRECTION('',(0.,-6.975647374412E-02,-0.99756405026));
#4622 = DIRECTION('',(0.,-0.99756405026,6.975647374412E-02));
#4623 = ADVANCED_FACE('',(#4624),#4649,.T.);
#4624 = FACE_BOUND('',#4625,.T.);
#4625 = EDGE_LOOP('',(#4626,#4634,#4635,#4643));
#4626 = ORIENTED_EDGE('',*,*,#4627,.T.);
#4627 = EDGE_CURVE('',#4628,#4597,#4630,.T.);
#4628 = VERTEX_POINT('',#4629);
#4629 = CARTESIAN_POINT('',(1.52,3.5,-1.099511620384));
#4630 = LINE('',#4631,#4632);
#4631 = CARTESIAN_POINT('',(1.52,3.5,-1.099511620384));
#4632 = VECTOR('',#4633,1.);
#4633 = DIRECTION('',(0.,0.,-1.));
#4634 = ORIENTED_EDGE('',*,*,#4613,.F.);
#4635 = ORIENTED_EDGE('',*,*,#4636,.F.);
#4636 = EDGE_CURVE('',#4637,#4606,#4639,.T.);
#4637 = VERTEX_POINT('',#4638);
#4638 = CARTESIAN_POINT('',(1.02,3.5,-1.099511620384));
#4639 = LINE('',#4640,#4641);
#4640 = CARTESIAN_POINT('',(1.02,3.5,-1.099511620384));
#4641 = VECTOR('',#4642,1.);
#4642 = DIRECTION('',(0.,0.,-1.));
#4643 = ORIENTED_EDGE('',*,*,#4644,.T.);
#4644 = EDGE_CURVE('',#4637,#4628,#4645,.T.);
#4645 = LINE('',#4646,#4647);
#4646 = CARTESIAN_POINT('',(1.02,3.5,-1.099511620384));
#4647 = VECTOR('',#4648,1.);
#4648 = DIRECTION('',(1.,0.,0.));
#4649 = PLANE('',#4650);
#4650 = AXIS2_PLACEMENT_3D('',#4651,#4652,#4653);
#4651 = CARTESIAN_POINT('',(1.02,3.5,-1.099511620384));
#4652 = DIRECTION('',(0.,1.,0.));
#4653 = DIRECTION('',(0.,0.,-1.));
#4654 = ADVANCED_FACE('',(#4655),#4680,.T.);
#4655 = FACE_BOUND('',#4656,.T.);
#4656 = EDGE_LOOP('',(#4657,#4665,#4666,#4674));
#4657 = ORIENTED_EDGE('',*,*,#4658,.T.);
#4658 = EDGE_CURVE('',#4659,#4628,#4661,.T.);
#4659 = VERTEX_POINT('',#4660);
#4660 = CARTESIAN_POINT('',(1.52,3.129111511759,-1.073576570814));
#4661 = LINE('',#4662,#4663);
#4662 = CARTESIAN_POINT('',(1.52,3.129111511759,-1.073576570814));
#4663 = VECTOR('',#4664,1.);
#4664 = DIRECTION('',(0.,0.99756405026,-6.975647374413E-02));
#4665 = ORIENTED_EDGE('',*,*,#4644,.F.);
#4666 = ORIENTED_EDGE('',*,*,#4667,.F.);
#4667 = EDGE_CURVE('',#4668,#4637,#4670,.T.);
#4668 = VERTEX_POINT('',#4669);
#4669 = CARTESIAN_POINT('',(1.02,3.129111511759,-1.073576570814));
#4670 = LINE('',#4671,#4672);
#4671 = CARTESIAN_POINT('',(1.02,3.129111511759,-1.073576570814));
#4672 = VECTOR('',#4673,1.);
#4673 = DIRECTION('',(0.,0.99756405026,-6.975647374413E-02));
#4674 = ORIENTED_EDGE('',*,*,#4675,.T.);
#4675 = EDGE_CURVE('',#4668,#4659,#4676,.T.);
#4676 = LINE('',#4677,#4678);
#4677 = CARTESIAN_POINT('',(1.02,3.129111511759,-1.073576570814));
#4678 = VECTOR('',#4679,1.);
#4679 = DIRECTION('',(1.,0.,0.));
#4680 = PLANE('',#4681);
#4681 = AXIS2_PLACEMENT_3D('',#4682,#4683,#4684);
#4682 = CARTESIAN_POINT('',(1.02,3.129111511759,-1.073576570814));
#4683 = DIRECTION('',(0.,6.975647374413E-02,0.99756405026));
#4684 = DIRECTION('',(0.,0.99756405026,-6.975647374413E-02));
#4685 = ADVANCED_FACE('',(#4686),#4713,.F.);
#4686 = FACE_BOUND('',#4687,.F.);
#4687 = EDGE_LOOP('',(#4688,#4698,#4705,#4706));
#4688 = ORIENTED_EDGE('',*,*,#4689,.F.);
#4689 = EDGE_CURVE('',#4690,#4692,#4694,.T.);
#4690 = VERTEX_POINT('',#4691);
#4691 = CARTESIAN_POINT('',(1.02,3.048617907783,-1.022287990871));
#4692 = VERTEX_POINT('',#4693);
#4693 = CARTESIAN_POINT('',(1.52,3.048617907783,-1.022287990871));
#4694 = LINE('',#4695,#4696);
#4695 = CARTESIAN_POINT('',(1.02,3.048617907783,-1.022287990871));
#4696 = VECTOR('',#4697,1.);
#4697 = DIRECTION('',(1.,0.,0.));
#4698 = ORIENTED_EDGE('',*,*,#4699,.T.);
#4699 = EDGE_CURVE('',#4690,#4668,#4700,.T.);
#4700 = CIRCLE('',#4701,0.1);
#4701 = AXIS2_PLACEMENT_3D('',#4702,#4703,#4704);
#4702 = CARTESIAN_POINT('',(1.02,3.136087159133,-0.973820165789));
#4703 = DIRECTION('',(1.,-0.,0.));
#4704 = DIRECTION('',(0.,0.,-1.));
#4705 = ORIENTED_EDGE('',*,*,#4675,.T.);
#4706 = ORIENTED_EDGE('',*,*,#4707,.F.);
#4707 = EDGE_CURVE('',#4692,#4659,#4708,.T.);
#4708 = CIRCLE('',#4709,0.1);
#4709 = AXIS2_PLACEMENT_3D('',#4710,#4711,#4712);
#4710 = CARTESIAN_POINT('',(1.52,3.136087159133,-0.973820165789));
#4711 = DIRECTION('',(1.,-0.,0.));
#4712 = DIRECTION('',(0.,0.,-1.));
#4713 = CYLINDRICAL_SURFACE('',#4714,0.1);
#4714 = AXIS2_PLACEMENT_3D('',#4715,#4716,#4717);
#4715 = CARTESIAN_POINT('',(1.02,3.136087159133,-0.973820165789));
#4716 = DIRECTION('',(1.,0.,0.));
#4717 = DIRECTION('',(0.,0.,-1.));
#4718 = ADVANCED_FACE('',(#4719),#4744,.T.);
#4719 = FACE_BOUND('',#4720,.T.);
#4720 = EDGE_LOOP('',(#4721,#4729,#4730,#4738));
#4721 = ORIENTED_EDGE('',*,*,#4722,.T.);
#4722 = EDGE_CURVE('',#4723,#4692,#4725,.T.);
#4723 = VERTEX_POINT('',#4724);
#4724 = CARTESIAN_POINT('',(1.52,2.483853120263,-3.064349835518E-03));
#4725 = LINE('',#4726,#4727);
#4726 = CARTESIAN_POINT('',(1.52,2.483853120263,-3.064349835518E-03));
#4727 = VECTOR('',#4728,1.);
#4728 = DIRECTION('',(0.,0.484678250822,-0.874692513504));
#4729 = ORIENTED_EDGE('',*,*,#4689,.F.);
#4730 = ORIENTED_EDGE('',*,*,#4731,.F.);
#4731 = EDGE_CURVE('',#4732,#4690,#4734,.T.);
#4732 = VERTEX_POINT('',#4733);
#4733 = CARTESIAN_POINT('',(1.02,2.483853120263,-3.064349835518E-03));
#4734 = LINE('',#4735,#4736);
#4735 = CARTESIAN_POINT('',(1.02,2.483853120263,-3.064349835518E-03));
#4736 = VECTOR('',#4737,1.);
#4737 = DIRECTION('',(0.,0.484678250822,-0.874692513504));
#4738 = ORIENTED_EDGE('',*,*,#4739,.T.);
#4739 = EDGE_CURVE('',#4732,#4723,#4740,.T.);
#4740 = LINE('',#4741,#4742);
#4741 = CARTESIAN_POINT('',(1.02,2.483853120263,-3.064349835518E-03));
#4742 = VECTOR('',#4743,1.);
#4743 = DIRECTION('',(1.,0.,0.));
#4744 = PLANE('',#4745);
#4745 = AXIS2_PLACEMENT_3D('',#4746,#4747,#4748);
#4746 = CARTESIAN_POINT('',(1.02,2.483853120263,-3.064349835518E-03));
#4747 = DIRECTION('',(0.,0.874692513504,0.484678250822));
#4748 = DIRECTION('',(0.,0.484678250822,-0.874692513504));
#4749 = ADVANCED_FACE('',(#4750),#4777,.T.);
#4750 = FACE_BOUND('',#4751,.T.);
#4751 = EDGE_LOOP('',(#4752,#4761,#4762,#4771));
#4752 = ORIENTED_EDGE('',*,*,#4753,.T.);
#4753 = EDGE_CURVE('',#4754,#4723,#4756,.T.);
#4754 = VERTEX_POINT('',#4755);
#4755 = CARTESIAN_POINT('',(1.52,2.308914617562,1.E-01));
#4756 = CIRCLE('',#4757,0.2);
#4757 = AXIS2_PLACEMENT_3D('',#4758,#4759,#4760);
#4758 = CARTESIAN_POINT('',(1.52,2.308914617562,-0.1));
#4759 = DIRECTION('',(-1.,-0.,-0.));
#4760 = DIRECTION('',(0.,0.,-1.));
#4761 = ORIENTED_EDGE('',*,*,#4739,.F.);
#4762 = ORIENTED_EDGE('',*,*,#4763,.F.);
#4763 = EDGE_CURVE('',#4764,#4732,#4766,.T.);
#4764 = VERTEX_POINT('',#4765);
#4765 = CARTESIAN_POINT('',(1.02,2.308914617562,1.E-01));
#4766 = CIRCLE('',#4767,0.2);
#4767 = AXIS2_PLACEMENT_3D('',#4768,#4769,#4770);
#4768 = CARTESIAN_POINT('',(1.02,2.308914617562,-0.1));
#4769 = DIRECTION('',(-1.,-0.,-0.));
#4770 = DIRECTION('',(0.,0.,-1.));
#4771 = ORIENTED_EDGE('',*,*,#4772,.T.);
#4772 = EDGE_CURVE('',#4764,#4754,#4773,.T.);
#4773 = LINE('',#4774,#4775);
#4774 = CARTESIAN_POINT('',(1.02,2.308914617562,1.E-01));
#4775 = VECTOR('',#4776,1.);
#4776 = DIRECTION('',(1.,0.,0.));
#4777 = CYLINDRICAL_SURFACE('',#4778,0.2);
#4778 = AXIS2_PLACEMENT_3D('',#4779,#4780,#4781);
#4779 = CARTESIAN_POINT('',(1.02,2.308914617562,-0.1));
#4780 = DIRECTION('',(1.,0.,0.));
#4781 = DIRECTION('',(0.,0.,-1.));
#4782 = ADVANCED_FACE('',(#4783),#4808,.T.);
#4783 = FACE_BOUND('',#4784,.T.);
#4784 = EDGE_LOOP('',(#4785,#4793,#4794,#4802));
#4785 = ORIENTED_EDGE('',*,*,#4786,.T.);
#4786 = EDGE_CURVE('',#4787,#4754,#4789,.T.);
#4787 = VERTEX_POINT('',#4788);
#4788 = CARTESIAN_POINT('',(1.52,2.,0.1));
#4789 = LINE('',#4790,#4791);
#4790 = CARTESIAN_POINT('',(1.52,2.,0.1));
#4791 = VECTOR('',#4792,1.);
#4792 = DIRECTION('',(0.,1.,-4.387143367643E-17));
#4793 = ORIENTED_EDGE('',*,*,#4772,.F.);
#4794 = ORIENTED_EDGE('',*,*,#4795,.F.);
#4795 = EDGE_CURVE('',#4796,#4764,#4798,.T.);
#4796 = VERTEX_POINT('',#4797);
#4797 = CARTESIAN_POINT('',(1.02,2.,0.1));
#4798 = LINE('',#4799,#4800);
#4799 = CARTESIAN_POINT('',(1.02,2.,0.1));
#4800 = VECTOR('',#4801,1.);
#4801 = DIRECTION('',(0.,1.,-4.387143367643E-17));
#4802 = ORIENTED_EDGE('',*,*,#4803,.T.);
#4803 = EDGE_CURVE('',#4796,#4787,#4804,.T.);
#4804 = LINE('',#4805,#4806);
#4805 = CARTESIAN_POINT('',(1.02,2.,0.1));
#4806 = VECTOR('',#4807,1.);
#4807 = DIRECTION('',(1.,0.,0.));
#4808 = PLANE('',#4809);
#4809 = AXIS2_PLACEMENT_3D('',#4810,#4811,#4812);
#4810 = CARTESIAN_POINT('',(1.02,2.,0.1));
#4811 = DIRECTION('',(0.,4.387143367643E-17,1.));
#4812 = DIRECTION('',(0.,1.,-4.387143367643E-17));
#4813 = ADVANCED_FACE('',(#4814),#4839,.T.);
#4814 = FACE_BOUND('',#4815,.T.);
#4815 = EDGE_LOOP('',(#4816,#4824,#4825,#4833));
#4816 = ORIENTED_EDGE('',*,*,#4817,.T.);
#4817 = EDGE_CURVE('',#4818,#4787,#4820,.T.);
#4818 = VERTEX_POINT('',#4819);
#4819 = CARTESIAN_POINT('',(1.52,2.,-0.1));
#4820 = LINE('',#4821,#4822);
#4821 = CARTESIAN_POINT('',(1.52,2.,-0.1));
#4822 = VECTOR('',#4823,1.);
#4823 = DIRECTION('',(0.,0.,1.));
#4824 = ORIENTED_EDGE('',*,*,#4803,.F.);
#4825 = ORIENTED_EDGE('',*,*,#4826,.F.);
#4826 = EDGE_CURVE('',#4827,#4796,#4829,.T.);
#4827 = VERTEX_POINT('',#4828);
#4828 = CARTESIAN_POINT('',(1.02,2.,-0.1));
#4829 = LINE('',#4830,#4831);
#4830 = CARTESIAN_POINT('',(1.02,2.,-0.1));
#4831 = VECTOR('',#4832,1.);
#4832 = DIRECTION('',(0.,0.,1.));
#4833 = ORIENTED_EDGE('',*,*,#4834,.T.);
#4834 = EDGE_CURVE('',#4827,#4818,#4835,.T.);
#4835 = LINE('',#4836,#4837);
#4836 = CARTESIAN_POINT('',(1.02,2.,-0.1));
#4837 = VECTOR('',#4838,1.);
#4838 = DIRECTION('',(1.,0.,0.));
#4839 = PLANE('',#4840);
#4840 = AXIS2_PLACEMENT_3D('',#4841,#4842,#4843);
#4841 = CARTESIAN_POINT('',(1.02,2.,-0.1));
#4842 = DIRECTION('',(0.,-1.,0.));
#4843 = DIRECTION('',(0.,0.,1.));
#4844 = ADVANCED_FACE('',(#4845),#4861,.T.);
#4845 = FACE_BOUND('',#4846,.T.);
#4846 = EDGE_LOOP('',(#4847,#4853,#4854,#4860));
#4847 = ORIENTED_EDGE('',*,*,#4848,.T.);
#4848 = EDGE_CURVE('',#4510,#4818,#4849,.T.);
#4849 = LINE('',#4850,#4851);
#4850 = CARTESIAN_POINT('',(1.52,2.25,-0.1));
#4851 = VECTOR('',#4852,1.);
#4852 = DIRECTION('',(0.,-1.,0.));
#4853 = ORIENTED_EDGE('',*,*,#4834,.F.);
#4854 = ORIENTED_EDGE('',*,*,#4855,.F.);
#4855 = EDGE_CURVE('',#4501,#4827,#4856,.T.);
#4856 = LINE('',#4857,#4858);
#4857 = CARTESIAN_POINT('',(1.02,2.25,-0.1));
#4858 = VECTOR('',#4859,1.);
#4859 = DIRECTION('',(0.,-1.,0.));
#4860 = ORIENTED_EDGE('',*,*,#4509,.T.);
#4861 = PLANE('',#4862);
#4862 = AXIS2_PLACEMENT_3D('',#4863,#4864,#4865);
#4863 = CARTESIAN_POINT('',(1.02,2.25,-0.1));
#4864 = DIRECTION('',(-0.,0.,-1.));
#4865 = DIRECTION('',(-1.,-0.,0.));
#4866 = ADVANCED_FACE('',(#4867),#4881,.F.);
#4867 = FACE_BOUND('',#4868,.T.);
#4868 = EDGE_LOOP('',(#4869,#4870,#4871,#4872,#4873,#4874,#4875,#4876,
    #4877,#4878,#4879,#4880));
#4869 = ORIENTED_EDGE('',*,*,#4500,.T.);
#4870 = ORIENTED_EDGE('',*,*,#4855,.T.);
#4871 = ORIENTED_EDGE('',*,*,#4826,.T.);
#4872 = ORIENTED_EDGE('',*,*,#4795,.T.);
#4873 = ORIENTED_EDGE('',*,*,#4763,.T.);
#4874 = ORIENTED_EDGE('',*,*,#4731,.T.);
#4875 = ORIENTED_EDGE('',*,*,#4699,.T.);
#4876 = ORIENTED_EDGE('',*,*,#4667,.T.);
#4877 = ORIENTED_EDGE('',*,*,#4636,.T.);
#4878 = ORIENTED_EDGE('',*,*,#4605,.T.);
#4879 = ORIENTED_EDGE('',*,*,#4573,.T.);
#4880 = ORIENTED_EDGE('',*,*,#4541,.T.);
#4881 = PLANE('',#4882);
#4882 = AXIS2_PLACEMENT_3D('',#4883,#4884,#4885);
#4883 = CARTESIAN_POINT('',(1.02,2.25,-0.2));
#4884 = DIRECTION('',(1.,0.,0.));
#4885 = DIRECTION('',(0.,0.,-1.));
#4886 = ADVANCED_FACE('',(#4887),#4901,.T.);
#4887 = FACE_BOUND('',#4888,.T.);
#4888 = EDGE_LOOP('',(#4889,#4890,#4891,#4892,#4893,#4894,#4895,#4896,
    #4897,#4898,#4899,#4900));
#4889 = ORIENTED_EDGE('',*,*,#4517,.F.);
#4890 = ORIENTED_EDGE('',*,*,#4532,.F.);
#4891 = ORIENTED_EDGE('',*,*,#4563,.F.);
#4892 = ORIENTED_EDGE('',*,*,#4596,.F.);
#4893 = ORIENTED_EDGE('',*,*,#4627,.F.);
#4894 = ORIENTED_EDGE('',*,*,#4658,.F.);
#4895 = ORIENTED_EDGE('',*,*,#4707,.F.);
#4896 = ORIENTED_EDGE('',*,*,#4722,.F.);
#4897 = ORIENTED_EDGE('',*,*,#4753,.F.);
#4898 = ORIENTED_EDGE('',*,*,#4786,.F.);
#4899 = ORIENTED_EDGE('',*,*,#4817,.F.);
#4900 = ORIENTED_EDGE('',*,*,#4848,.F.);
#4901 = PLANE('',#4902);
#4902 = AXIS2_PLACEMENT_3D('',#4903,#4904,#4905);
#4903 = CARTESIAN_POINT('',(1.52,2.25,-0.2));
#4904 = DIRECTION('',(1.,0.,0.));
#4905 = DIRECTION('',(0.,0.,-1.));
#4906 = MANIFOLD_SOLID_BREP('',#4907);
#4907 = CLOSED_SHELL('',(#4908,#4950,#4981,#5014,#5045,#5076,#5107,#5140
    ,#5171,#5204,#5235,#5266,#5288,#5308));
#4908 = ADVANCED_FACE('',(#4909),#4945,.F.);
#4909 = FACE_BOUND('',#4910,.F.);
#4910 = EDGE_LOOP('',(#4911,#4921,#4930,#4938));
#4911 = ORIENTED_EDGE('',*,*,#4912,.F.);
#4912 = EDGE_CURVE('',#4913,#4915,#4917,.T.);
#4913 = VERTEX_POINT('',#4914);
#4914 = CARTESIAN_POINT('',(-1.52,2.33746925135,-0.151532174918));
#4915 = VERTEX_POINT('',#4916);
#4916 = CARTESIAN_POINT('',(-1.02,2.33746925135,-0.151532174918));
#4917 = LINE('',#4918,#4919);
#4918 = CARTESIAN_POINT('',(-1.52,2.33746925135,-0.151532174918));
#4919 = VECTOR('',#4920,1.);
#4920 = DIRECTION('',(1.,0.,0.));
#4921 = ORIENTED_EDGE('',*,*,#4922,.T.);
#4922 = EDGE_CURVE('',#4913,#4923,#4925,.T.);
#4923 = VERTEX_POINT('',#4924);
#4924 = CARTESIAN_POINT('',(-1.52,2.25,-0.1));
#4925 = CIRCLE('',#4926,0.1);
#4926 = AXIS2_PLACEMENT_3D('',#4927,#4928,#4929);
#4927 = CARTESIAN_POINT('',(-1.52,2.25,-0.2));
#4928 = DIRECTION('',(1.,-0.,0.));
#4929 = DIRECTION('',(0.,0.,-1.));
#4930 = ORIENTED_EDGE('',*,*,#4931,.T.);
#4931 = EDGE_CURVE('',#4923,#4932,#4934,.T.);
#4932 = VERTEX_POINT('',#4933);
#4933 = CARTESIAN_POINT('',(-1.02,2.25,-0.1));
#4934 = LINE('',#4935,#4936);
#4935 = CARTESIAN_POINT('',(-1.52,2.25,-0.1));
#4936 = VECTOR('',#4937,1.);
#4937 = DIRECTION('',(1.,0.,0.));
#4938 = ORIENTED_EDGE('',*,*,#4939,.F.);
#4939 = EDGE_CURVE('',#4915,#4932,#4940,.T.);
#4940 = CIRCLE('',#4941,0.1);
#4941 = AXIS2_PLACEMENT_3D('',#4942,#4943,#4944);
#4942 = CARTESIAN_POINT('',(-1.02,2.25,-0.2));
#4943 = DIRECTION('',(1.,-0.,0.));
#4944 = DIRECTION('',(0.,0.,-1.));
#4945 = CYLINDRICAL_SURFACE('',#4946,0.1);
#4946 = AXIS2_PLACEMENT_3D('',#4947,#4948,#4949);
#4947 = CARTESIAN_POINT('',(-1.52,2.25,-0.2));
#4948 = DIRECTION('',(1.,0.,0.));
#4949 = DIRECTION('',(0.,0.,-1.));
#4950 = ADVANCED_FACE('',(#4951),#4976,.T.);
#4951 = FACE_BOUND('',#4952,.T.);
#4952 = EDGE_LOOP('',(#4953,#4961,#4962,#4970));
#4953 = ORIENTED_EDGE('',*,*,#4954,.T.);
#4954 = EDGE_CURVE('',#4955,#4915,#4957,.T.);
#4955 = VERTEX_POINT('',#4956);
#4956 = CARTESIAN_POINT('',(-1.02,2.9,-1.166724075162));
#4957 = LINE('',#4958,#4959);
#4958 = CARTESIAN_POINT('',(-1.02,2.9,-1.166724075162));
#4959 = VECTOR('',#4960,1.);
#4960 = DIRECTION('',(0.,-0.484678250822,0.874692513504));
#4961 = ORIENTED_EDGE('',*,*,#4912,.F.);
#4962 = ORIENTED_EDGE('',*,*,#4963,.F.);
#4963 = EDGE_CURVE('',#4964,#4913,#4966,.T.);
#4964 = VERTEX_POINT('',#4965);
#4965 = CARTESIAN_POINT('',(-1.52,2.9,-1.166724075162));
#4966 = LINE('',#4967,#4968);
#4967 = CARTESIAN_POINT('',(-1.52,2.9,-1.166724075162));
#4968 = VECTOR('',#4969,1.);
#4969 = DIRECTION('',(0.,-0.484678250822,0.874692513504));
#4970 = ORIENTED_EDGE('',*,*,#4971,.T.);
#4971 = EDGE_CURVE('',#4964,#4955,#4972,.T.);
#4972 = LINE('',#4973,#4974);
#4973 = CARTESIAN_POINT('',(-1.52,2.9,-1.166724075162));
#4974 = VECTOR('',#4975,1.);
#4975 = DIRECTION('',(1.,0.,0.));
#4976 = PLANE('',#4977);
#4977 = AXIS2_PLACEMENT_3D('',#4978,#4979,#4980);
#4978 = CARTESIAN_POINT('',(-1.52,2.9,-1.166724075162));
#4979 = DIRECTION('',(0.,-0.874692513504,-0.484678250822));
#4980 = DIRECTION('',(0.,-0.484678250822,0.874692513504));
#4981 = ADVANCED_FACE('',(#4982),#5009,.T.);
#4982 = FACE_BOUND('',#4983,.T.);
#4983 = EDGE_LOOP('',(#4984,#4993,#4994,#5003));
#4984 = ORIENTED_EDGE('',*,*,#4985,.T.);
#4985 = EDGE_CURVE('',#4986,#4955,#4988,.T.);
#4986 = VERTEX_POINT('',#4987);
#4987 = CARTESIAN_POINT('',(-1.02,3.060987207952,-1.26930123505));
#4988 = CIRCLE('',#4989,0.2);
#4989 = AXIS2_PLACEMENT_3D('',#4990,#4991,#4992);
#4990 = CARTESIAN_POINT('',(-1.02,3.074938502701,-1.069788424998));
#4991 = DIRECTION('',(-1.,-0.,-0.));
#4992 = DIRECTION('',(0.,0.,-1.));
#4993 = ORIENTED_EDGE('',*,*,#4971,.F.);
#4994 = ORIENTED_EDGE('',*,*,#4995,.F.);
#4995 = EDGE_CURVE('',#4996,#4964,#4998,.T.);
#4996 = VERTEX_POINT('',#4997);
#4997 = CARTESIAN_POINT('',(-1.52,3.060987207952,-1.26930123505));
#4998 = CIRCLE('',#4999,0.2);
#4999 = AXIS2_PLACEMENT_3D('',#5000,#5001,#5002);
#5000 = CARTESIAN_POINT('',(-1.52,3.074938502701,-1.069788424998));
#5001 = DIRECTION('',(-1.,-0.,-0.));
#5002 = DIRECTION('',(0.,0.,-1.));
#5003 = ORIENTED_EDGE('',*,*,#5004,.T.);
#5004 = EDGE_CURVE('',#4996,#4986,#5005,.T.);
#5005 = LINE('',#5006,#5007);
#5006 = CARTESIAN_POINT('',(-1.52,3.060987207952,-1.26930123505));
#5007 = VECTOR('',#5008,1.);
#5008 = DIRECTION('',(1.,0.,0.));
#5009 = CYLINDRICAL_SURFACE('',#5010,0.2);
#5010 = AXIS2_PLACEMENT_3D('',#5011,#5012,#5013);
#5011 = CARTESIAN_POINT('',(-1.52,3.074938502701,-1.069788424998));
#5012 = DIRECTION('',(1.,0.,0.));
#5013 = DIRECTION('',(0.,0.,-1.));
#5014 = ADVANCED_FACE('',(#5015),#5040,.T.);
#5015 = FACE_BOUND('',#5016,.T.);
#5016 = EDGE_LOOP('',(#5017,#5025,#5026,#5034));
#5017 = ORIENTED_EDGE('',*,*,#5018,.T.);
#5018 = EDGE_CURVE('',#5019,#4986,#5021,.T.);
#5019 = VERTEX_POINT('',#5020);
#5020 = CARTESIAN_POINT('',(-1.02,3.5,-1.3));
#5021 = LINE('',#5022,#5023);
#5022 = CARTESIAN_POINT('',(-1.02,3.5,-1.3));
#5023 = VECTOR('',#5024,1.);
#5024 = DIRECTION('',(0.,-0.99756405026,6.975647374412E-02));
#5025 = ORIENTED_EDGE('',*,*,#5004,.F.);
#5026 = ORIENTED_EDGE('',*,*,#5027,.F.);
#5027 = EDGE_CURVE('',#5028,#4996,#5030,.T.);
#5028 = VERTEX_POINT('',#5029);
#5029 = CARTESIAN_POINT('',(-1.52,3.5,-1.3));
#5030 = LINE('',#5031,#5032);
#5031 = CARTESIAN_POINT('',(-1.52,3.5,-1.3));
#5032 = VECTOR('',#5033,1.);
#5033 = DIRECTION('',(0.,-0.99756405026,6.975647374412E-02));
#5034 = ORIENTED_EDGE('',*,*,#5035,.T.);
#5035 = EDGE_CURVE('',#5028,#5019,#5036,.T.);
#5036 = LINE('',#5037,#5038);
#5037 = CARTESIAN_POINT('',(-1.52,3.5,-1.3));
#5038 = VECTOR('',#5039,1.);
#5039 = DIRECTION('',(1.,0.,0.));
#5040 = PLANE('',#5041);
#5041 = AXIS2_PLACEMENT_3D('',#5042,#5043,#5044);
#5042 = CARTESIAN_POINT('',(-1.52,3.5,-1.3));
#5043 = DIRECTION('',(0.,-6.975647374412E-02,-0.99756405026));
#5044 = DIRECTION('',(0.,-0.99756405026,6.975647374412E-02));
#5045 = ADVANCED_FACE('',(#5046),#5071,.T.);
#5046 = FACE_BOUND('',#5047,.T.);
#5047 = EDGE_LOOP('',(#5048,#5056,#5057,#5065));
#5048 = ORIENTED_EDGE('',*,*,#5049,.T.);
#5049 = EDGE_CURVE('',#5050,#5019,#5052,.T.);
#5050 = VERTEX_POINT('',#5051);
#5051 = CARTESIAN_POINT('',(-1.02,3.5,-1.099511620384));
#5052 = LINE('',#5053,#5054);
#5053 = CARTESIAN_POINT('',(-1.02,3.5,-1.099511620384));
#5054 = VECTOR('',#5055,1.);
#5055 = DIRECTION('',(0.,0.,-1.));
#5056 = ORIENTED_EDGE('',*,*,#5035,.F.);
#5057 = ORIENTED_EDGE('',*,*,#5058,.F.);
#5058 = EDGE_CURVE('',#5059,#5028,#5061,.T.);
#5059 = VERTEX_POINT('',#5060);
#5060 = CARTESIAN_POINT('',(-1.52,3.5,-1.099511620384));
#5061 = LINE('',#5062,#5063);
#5062 = CARTESIAN_POINT('',(-1.52,3.5,-1.099511620384));
#5063 = VECTOR('',#5064,1.);
#5064 = DIRECTION('',(0.,0.,-1.));
#5065 = ORIENTED_EDGE('',*,*,#5066,.T.);
#5066 = EDGE_CURVE('',#5059,#5050,#5067,.T.);
#5067 = LINE('',#5068,#5069);
#5068 = CARTESIAN_POINT('',(-1.52,3.5,-1.099511620384));
#5069 = VECTOR('',#5070,1.);
#5070 = DIRECTION('',(1.,0.,0.));
#5071 = PLANE('',#5072);
#5072 = AXIS2_PLACEMENT_3D('',#5073,#5074,#5075);
#5073 = CARTESIAN_POINT('',(-1.52,3.5,-1.099511620384));
#5074 = DIRECTION('',(0.,1.,0.));
#5075 = DIRECTION('',(0.,0.,-1.));
#5076 = ADVANCED_FACE('',(#5077),#5102,.T.);
#5077 = FACE_BOUND('',#5078,.T.);
#5078 = EDGE_LOOP('',(#5079,#5087,#5088,#5096));
#5079 = ORIENTED_EDGE('',*,*,#5080,.T.);
#5080 = EDGE_CURVE('',#5081,#5050,#5083,.T.);
#5081 = VERTEX_POINT('',#5082);
#5082 = CARTESIAN_POINT('',(-1.02,3.129111511759,-1.073576570814));
#5083 = LINE('',#5084,#5085);
#5084 = CARTESIAN_POINT('',(-1.02,3.129111511759,-1.073576570814));
#5085 = VECTOR('',#5086,1.);
#5086 = DIRECTION('',(0.,0.99756405026,-6.975647374413E-02));
#5087 = ORIENTED_EDGE('',*,*,#5066,.F.);
#5088 = ORIENTED_EDGE('',*,*,#5089,.F.);
#5089 = EDGE_CURVE('',#5090,#5059,#5092,.T.);
#5090 = VERTEX_POINT('',#5091);
#5091 = CARTESIAN_POINT('',(-1.52,3.129111511759,-1.073576570814));
#5092 = LINE('',#5093,#5094);
#5093 = CARTESIAN_POINT('',(-1.52,3.129111511759,-1.073576570814));
#5094 = VECTOR('',#5095,1.);
#5095 = DIRECTION('',(0.,0.99756405026,-6.975647374413E-02));
#5096 = ORIENTED_EDGE('',*,*,#5097,.T.);
#5097 = EDGE_CURVE('',#5090,#5081,#5098,.T.);
#5098 = LINE('',#5099,#5100);
#5099 = CARTESIAN_POINT('',(-1.52,3.129111511759,-1.073576570814));
#5100 = VECTOR('',#5101,1.);
#5101 = DIRECTION('',(1.,0.,0.));
#5102 = PLANE('',#5103);
#5103 = AXIS2_PLACEMENT_3D('',#5104,#5105,#5106);
#5104 = CARTESIAN_POINT('',(-1.52,3.129111511759,-1.073576570814));
#5105 = DIRECTION('',(0.,6.975647374413E-02,0.99756405026));
#5106 = DIRECTION('',(0.,0.99756405026,-6.975647374413E-02));
#5107 = ADVANCED_FACE('',(#5108),#5135,.F.);
#5108 = FACE_BOUND('',#5109,.F.);
#5109 = EDGE_LOOP('',(#5110,#5120,#5127,#5128));
#5110 = ORIENTED_EDGE('',*,*,#5111,.F.);
#5111 = EDGE_CURVE('',#5112,#5114,#5116,.T.);
#5112 = VERTEX_POINT('',#5113);
#5113 = CARTESIAN_POINT('',(-1.52,3.048617907783,-1.022287990871));
#5114 = VERTEX_POINT('',#5115);
#5115 = CARTESIAN_POINT('',(-1.02,3.048617907783,-1.022287990871));
#5116 = LINE('',#5117,#5118);
#5117 = CARTESIAN_POINT('',(-1.52,3.048617907783,-1.022287990871));
#5118 = VECTOR('',#5119,1.);
#5119 = DIRECTION('',(1.,0.,0.));
#5120 = ORIENTED_EDGE('',*,*,#5121,.T.);
#5121 = EDGE_CURVE('',#5112,#5090,#5122,.T.);
#5122 = CIRCLE('',#5123,0.1);
#5123 = AXIS2_PLACEMENT_3D('',#5124,#5125,#5126);
#5124 = CARTESIAN_POINT('',(-1.52,3.136087159133,-0.973820165789));
#5125 = DIRECTION('',(1.,-0.,0.));
#5126 = DIRECTION('',(0.,0.,-1.));
#5127 = ORIENTED_EDGE('',*,*,#5097,.T.);
#5128 = ORIENTED_EDGE('',*,*,#5129,.F.);
#5129 = EDGE_CURVE('',#5114,#5081,#5130,.T.);
#5130 = CIRCLE('',#5131,0.1);
#5131 = AXIS2_PLACEMENT_3D('',#5132,#5133,#5134);
#5132 = CARTESIAN_POINT('',(-1.02,3.136087159133,-0.973820165789));
#5133 = DIRECTION('',(1.,-0.,0.));
#5134 = DIRECTION('',(0.,0.,-1.));
#5135 = CYLINDRICAL_SURFACE('',#5136,0.1);
#5136 = AXIS2_PLACEMENT_3D('',#5137,#5138,#5139);
#5137 = CARTESIAN_POINT('',(-1.52,3.136087159133,-0.973820165789));
#5138 = DIRECTION('',(1.,0.,0.));
#5139 = DIRECTION('',(0.,0.,-1.));
#5140 = ADVANCED_FACE('',(#5141),#5166,.T.);
#5141 = FACE_BOUND('',#5142,.T.);
#5142 = EDGE_LOOP('',(#5143,#5151,#5152,#5160));
#5143 = ORIENTED_EDGE('',*,*,#5144,.T.);
#5144 = EDGE_CURVE('',#5145,#5114,#5147,.T.);
#5145 = VERTEX_POINT('',#5146);
#5146 = CARTESIAN_POINT('',(-1.02,2.483853120263,-3.064349835518E-03));
#5147 = LINE('',#5148,#5149);
#5148 = CARTESIAN_POINT('',(-1.02,2.483853120263,-3.064349835518E-03));
#5149 = VECTOR('',#5150,1.);
#5150 = DIRECTION('',(0.,0.484678250822,-0.874692513504));
#5151 = ORIENTED_EDGE('',*,*,#5111,.F.);
#5152 = ORIENTED_EDGE('',*,*,#5153,.F.);
#5153 = EDGE_CURVE('',#5154,#5112,#5156,.T.);
#5154 = VERTEX_POINT('',#5155);
#5155 = CARTESIAN_POINT('',(-1.52,2.483853120263,-3.064349835518E-03));
#5156 = LINE('',#5157,#5158);
#5157 = CARTESIAN_POINT('',(-1.52,2.483853120263,-3.064349835518E-03));
#5158 = VECTOR('',#5159,1.);
#5159 = DIRECTION('',(0.,0.484678250822,-0.874692513504));
#5160 = ORIENTED_EDGE('',*,*,#5161,.T.);
#5161 = EDGE_CURVE('',#5154,#5145,#5162,.T.);
#5162 = LINE('',#5163,#5164);
#5163 = CARTESIAN_POINT('',(-1.52,2.483853120263,-3.064349835518E-03));
#5164 = VECTOR('',#5165,1.);
#5165 = DIRECTION('',(1.,0.,0.));
#5166 = PLANE('',#5167);
#5167 = AXIS2_PLACEMENT_3D('',#5168,#5169,#5170);
#5168 = CARTESIAN_POINT('',(-1.52,2.483853120263,-3.064349835518E-03));
#5169 = DIRECTION('',(0.,0.874692513504,0.484678250822));
#5170 = DIRECTION('',(0.,0.484678250822,-0.874692513504));
#5171 = ADVANCED_FACE('',(#5172),#5199,.T.);
#5172 = FACE_BOUND('',#5173,.T.);
#5173 = EDGE_LOOP('',(#5174,#5183,#5184,#5193));
#5174 = ORIENTED_EDGE('',*,*,#5175,.T.);
#5175 = EDGE_CURVE('',#5176,#5145,#5178,.T.);
#5176 = VERTEX_POINT('',#5177);
#5177 = CARTESIAN_POINT('',(-1.02,2.308914617562,1.E-01));
#5178 = CIRCLE('',#5179,0.2);
#5179 = AXIS2_PLACEMENT_3D('',#5180,#5181,#5182);
#5180 = CARTESIAN_POINT('',(-1.02,2.308914617562,-0.1));
#5181 = DIRECTION('',(-1.,-0.,-0.));
#5182 = DIRECTION('',(0.,0.,-1.));
#5183 = ORIENTED_EDGE('',*,*,#5161,.F.);
#5184 = ORIENTED_EDGE('',*,*,#5185,.F.);
#5185 = EDGE_CURVE('',#5186,#5154,#5188,.T.);
#5186 = VERTEX_POINT('',#5187);
#5187 = CARTESIAN_POINT('',(-1.52,2.308914617562,1.E-01));
#5188 = CIRCLE('',#5189,0.2);
#5189 = AXIS2_PLACEMENT_3D('',#5190,#5191,#5192);
#5190 = CARTESIAN_POINT('',(-1.52,2.308914617562,-0.1));
#5191 = DIRECTION('',(-1.,-0.,-0.));
#5192 = DIRECTION('',(0.,0.,-1.));
#5193 = ORIENTED_EDGE('',*,*,#5194,.T.);
#5194 = EDGE_CURVE('',#5186,#5176,#5195,.T.);
#5195 = LINE('',#5196,#5197);
#5196 = CARTESIAN_POINT('',(-1.52,2.308914617562,1.E-01));
#5197 = VECTOR('',#5198,1.);
#5198 = DIRECTION('',(1.,0.,0.));
#5199 = CYLINDRICAL_SURFACE('',#5200,0.2);
#5200 = AXIS2_PLACEMENT_3D('',#5201,#5202,#5203);
#5201 = CARTESIAN_POINT('',(-1.52,2.308914617562,-0.1));
#5202 = DIRECTION('',(1.,0.,0.));
#5203 = DIRECTION('',(0.,0.,-1.));
#5204 = ADVANCED_FACE('',(#5205),#5230,.T.);
#5205 = FACE_BOUND('',#5206,.T.);
#5206 = EDGE_LOOP('',(#5207,#5215,#5216,#5224));
#5207 = ORIENTED_EDGE('',*,*,#5208,.T.);
#5208 = EDGE_CURVE('',#5209,#5176,#5211,.T.);
#5209 = VERTEX_POINT('',#5210);
#5210 = CARTESIAN_POINT('',(-1.02,2.,0.1));
#5211 = LINE('',#5212,#5213);
#5212 = CARTESIAN_POINT('',(-1.02,2.,0.1));
#5213 = VECTOR('',#5214,1.);
#5214 = DIRECTION('',(0.,1.,-4.387143367643E-17));
#5215 = ORIENTED_EDGE('',*,*,#5194,.F.);
#5216 = ORIENTED_EDGE('',*,*,#5217,.F.);
#5217 = EDGE_CURVE('',#5218,#5186,#5220,.T.);
#5218 = VERTEX_POINT('',#5219);
#5219 = CARTESIAN_POINT('',(-1.52,2.,0.1));
#5220 = LINE('',#5221,#5222);
#5221 = CARTESIAN_POINT('',(-1.52,2.,0.1));
#5222 = VECTOR('',#5223,1.);
#5223 = DIRECTION('',(0.,1.,-4.387143367643E-17));
#5224 = ORIENTED_EDGE('',*,*,#5225,.T.);
#5225 = EDGE_CURVE('',#5218,#5209,#5226,.T.);
#5226 = LINE('',#5227,#5228);
#5227 = CARTESIAN_POINT('',(-1.52,2.,0.1));
#5228 = VECTOR('',#5229,1.);
#5229 = DIRECTION('',(1.,0.,0.));
#5230 = PLANE('',#5231);
#5231 = AXIS2_PLACEMENT_3D('',#5232,#5233,#5234);
#5232 = CARTESIAN_POINT('',(-1.52,2.,0.1));
#5233 = DIRECTION('',(0.,4.387143367643E-17,1.));
#5234 = DIRECTION('',(0.,1.,-4.387143367643E-17));
#5235 = ADVANCED_FACE('',(#5236),#5261,.T.);
#5236 = FACE_BOUND('',#5237,.T.);
#5237 = EDGE_LOOP('',(#5238,#5246,#5247,#5255));
#5238 = ORIENTED_EDGE('',*,*,#5239,.T.);
#5239 = EDGE_CURVE('',#5240,#5209,#5242,.T.);
#5240 = VERTEX_POINT('',#5241);
#5241 = CARTESIAN_POINT('',(-1.02,2.,-0.1));
#5242 = LINE('',#5243,#5244);
#5243 = CARTESIAN_POINT('',(-1.02,2.,-0.1));
#5244 = VECTOR('',#5245,1.);
#5245 = DIRECTION('',(0.,0.,1.));
#5246 = ORIENTED_EDGE('',*,*,#5225,.F.);
#5247 = ORIENTED_EDGE('',*,*,#5248,.F.);
#5248 = EDGE_CURVE('',#5249,#5218,#5251,.T.);
#5249 = VERTEX_POINT('',#5250);
#5250 = CARTESIAN_POINT('',(-1.52,2.,-0.1));
#5251 = LINE('',#5252,#5253);
#5252 = CARTESIAN_POINT('',(-1.52,2.,-0.1));
#5253 = VECTOR('',#5254,1.);
#5254 = DIRECTION('',(0.,0.,1.));
#5255 = ORIENTED_EDGE('',*,*,#5256,.T.);
#5256 = EDGE_CURVE('',#5249,#5240,#5257,.T.);
#5257 = LINE('',#5258,#5259);
#5258 = CARTESIAN_POINT('',(-1.52,2.,-0.1));
#5259 = VECTOR('',#5260,1.);
#5260 = DIRECTION('',(1.,0.,0.));
#5261 = PLANE('',#5262);
#5262 = AXIS2_PLACEMENT_3D('',#5263,#5264,#5265);
#5263 = CARTESIAN_POINT('',(-1.52,2.,-0.1));
#5264 = DIRECTION('',(0.,-1.,0.));
#5265 = DIRECTION('',(0.,0.,1.));
#5266 = ADVANCED_FACE('',(#5267),#5283,.T.);
#5267 = FACE_BOUND('',#5268,.T.);
#5268 = EDGE_LOOP('',(#5269,#5275,#5276,#5282));
#5269 = ORIENTED_EDGE('',*,*,#5270,.T.);
#5270 = EDGE_CURVE('',#4932,#5240,#5271,.T.);
#5271 = LINE('',#5272,#5273);
#5272 = CARTESIAN_POINT('',(-1.02,2.25,-0.1));
#5273 = VECTOR('',#5274,1.);
#5274 = DIRECTION('',(0.,-1.,0.));
#5275 = ORIENTED_EDGE('',*,*,#5256,.F.);
#5276 = ORIENTED_EDGE('',*,*,#5277,.F.);
#5277 = EDGE_CURVE('',#4923,#5249,#5278,.T.);
#5278 = LINE('',#5279,#5280);
#5279 = CARTESIAN_POINT('',(-1.52,2.25,-0.1));
#5280 = VECTOR('',#5281,1.);
#5281 = DIRECTION('',(0.,-1.,0.));
#5282 = ORIENTED_EDGE('',*,*,#4931,.T.);
#5283 = PLANE('',#5284);
#5284 = AXIS2_PLACEMENT_3D('',#5285,#5286,#5287);
#5285 = CARTESIAN_POINT('',(-1.52,2.25,-0.1));
#5286 = DIRECTION('',(-0.,0.,-1.));
#5287 = DIRECTION('',(-1.,-0.,0.));
#5288 = ADVANCED_FACE('',(#5289),#5303,.F.);
#5289 = FACE_BOUND('',#5290,.T.);
#5290 = EDGE_LOOP('',(#5291,#5292,#5293,#5294,#5295,#5296,#5297,#5298,
    #5299,#5300,#5301,#5302));
#5291 = ORIENTED_EDGE('',*,*,#4922,.T.);
#5292 = ORIENTED_EDGE('',*,*,#5277,.T.);
#5293 = ORIENTED_EDGE('',*,*,#5248,.T.);
#5294 = ORIENTED_EDGE('',*,*,#5217,.T.);
#5295 = ORIENTED_EDGE('',*,*,#5185,.T.);
#5296 = ORIENTED_EDGE('',*,*,#5153,.T.);
#5297 = ORIENTED_EDGE('',*,*,#5121,.T.);
#5298 = ORIENTED_EDGE('',*,*,#5089,.T.);
#5299 = ORIENTED_EDGE('',*,*,#5058,.T.);
#5300 = ORIENTED_EDGE('',*,*,#5027,.T.);
#5301 = ORIENTED_EDGE('',*,*,#4995,.T.);
#5302 = ORIENTED_EDGE('',*,*,#4963,.T.);
#5303 = PLANE('',#5304);
#5304 = AXIS2_PLACEMENT_3D('',#5305,#5306,#5307);
#5305 = CARTESIAN_POINT('',(-1.52,2.25,-0.2));
#5306 = DIRECTION('',(1.,0.,0.));
#5307 = DIRECTION('',(0.,0.,-1.));
#5308 = ADVANCED_FACE('',(#5309),#5323,.T.);
#5309 = FACE_BOUND('',#5310,.T.);
#5310 = EDGE_LOOP('',(#5311,#5312,#5313,#5314,#5315,#5316,#5317,#5318,
    #5319,#5320,#5321,#5322));
#5311 = ORIENTED_EDGE('',*,*,#4939,.F.);
#5312 = ORIENTED_EDGE('',*,*,#4954,.F.);
#5313 = ORIENTED_EDGE('',*,*,#4985,.F.);
#5314 = ORIENTED_EDGE('',*,*,#5018,.F.);
#5315 = ORIENTED_EDGE('',*,*,#5049,.F.);
#5316 = ORIENTED_EDGE('',*,*,#5080,.F.);
#5317 = ORIENTED_EDGE('',*,*,#5129,.F.);
#5318 = ORIENTED_EDGE('',*,*,#5144,.F.);
#5319 = ORIENTED_EDGE('',*,*,#5175,.F.);
#5320 = ORIENTED_EDGE('',*,*,#5208,.F.);
#5321 = ORIENTED_EDGE('',*,*,#5239,.F.);
#5322 = ORIENTED_EDGE('',*,*,#5270,.F.);
#5323 = PLANE('',#5324);
#5324 = AXIS2_PLACEMENT_3D('',#5325,#5326,#5327);
#5325 = CARTESIAN_POINT('',(-1.02,2.25,-0.2));
#5326 = DIRECTION('',(1.,0.,0.));
#5327 = DIRECTION('',(0.,0.,-1.));
#5328 = MANIFOLD_SOLID_BREP('',#5329);
#5329 = CLOSED_SHELL('',(#5330,#5384,#5424,#5464,#5504,#5544,#5593,#5642
    ,#5691,#5740,#5790,#5839,#5888,#5937,#5986,#6026,#6050,#6073,#6096,
    #6114,#6132,#6150,#6168,#6192,#6209,#6231,#6253,#6270,#6288,#6306,
    #6330,#6348,#6366,#6388,#6405,#6422,#6444,#6462,#6480,#6498,#6516,
    #6533,#6550,#6562,#6590));
#5330 = ADVANCED_FACE('',(#5331),#5369,.T.);
#5331 = FACE_BOUND('',#5332,.T.);
#5332 = EDGE_LOOP('',(#5333,#5344,#5353,#5362));
#5333 = ORIENTED_EDGE('',*,*,#5334,.T.);
#5334 = EDGE_CURVE('',#5335,#5337,#5339,.T.);
#5335 = VERTEX_POINT('',#5336);
#5336 = CARTESIAN_POINT('',(-0.8,3.336797316032E-03,2.6));
#5337 = VERTEX_POINT('',#5338);
#5338 = CARTESIAN_POINT('',(-0.8,-3.336797316032E-03,2.6));
#5339 = CIRCLE('',#5340,3.336797316032E-03);
#5340 = AXIS2_PLACEMENT_3D('',#5341,#5342,#5343);
#5341 = CARTESIAN_POINT('',(-0.8,0.,2.6));
#5342 = DIRECTION('',(0.,-3.097720492816E-16,-1.));
#5343 = DIRECTION('',(0.,1.,-3.097720492816E-16));
#5344 = ORIENTED_EDGE('',*,*,#5345,.T.);
#5345 = EDGE_CURVE('',#5337,#5346,#5348,.T.);
#5346 = VERTEX_POINT('',#5347);
#5347 = CARTESIAN_POINT('',(-0.8,-1.5,1.2));
#5348 = CIRCLE('',#5349,1.5);
#5349 = AXIS2_PLACEMENT_3D('',#5350,#5351,#5352);
#5350 = CARTESIAN_POINT('',(-0.8,-3.336797316032E-03,1.10000371141));
#5351 = DIRECTION('',(1.,1.224646799147E-16,-3.79361348618E-32));
#5352 = DIRECTION('',(-1.224646799147E-16,1.,-8.382220313296E-49));
#5353 = ORIENTED_EDGE('',*,*,#5354,.T.);
#5354 = EDGE_CURVE('',#5346,#5355,#5357,.T.);
#5355 = VERTEX_POINT('',#5356);
#5356 = CARTESIAN_POINT('',(-0.8,1.5,1.2));
#5357 = CIRCLE('',#5358,1.5);
#5358 = AXIS2_PLACEMENT_3D('',#5359,#5360,#5361);
#5359 = CARTESIAN_POINT('',(-0.8,-4.64597571569E-16,1.2));
#5360 = DIRECTION('',(0.,0.,1.));
#5361 = DIRECTION('',(1.,0.,-0.));
#5362 = ORIENTED_EDGE('',*,*,#5363,.F.);
#5363 = EDGE_CURVE('',#5335,#5355,#5364,.T.);
#5364 = CIRCLE('',#5365,1.5);
#5365 = AXIS2_PLACEMENT_3D('',#5366,#5367,#5368);
#5366 = CARTESIAN_POINT('',(-0.8,3.336797316031E-03,1.10000371141));
#5367 = DIRECTION('',(-1.,0.,0.));
#5368 = DIRECTION('',(0.,0.,1.));
#5369 = SURFACE_OF_REVOLUTION('',#5370,#5381);
#5370 = B_SPLINE_CURVE_WITH_KNOTS('',5,(#5371,#5372,#5373,#5374,#5375,
    #5376,#5377,#5378,#5379,#5380),.UNSPECIFIED.,.F.,.F.,(6,4,6),(
    4.712388980385,5.464430309472,6.216471638559),.UNSPECIFIED.);
#5371 = CARTESIAN_POINT('',(-0.8,3.336797316032E-03,2.60000371141));
#5372 = CARTESIAN_POINT('',(-0.8,0.228949196042,2.60000371141));
#5373 = CARTESIAN_POINT('',(-0.8,0.454564356016,2.557594296861));
#5374 = CARTESIAN_POINT('',(-0.8,0.669532413791,2.472723648293));
#5375 = CARTESIAN_POINT('',(-0.8,0.863269423197,2.349570369658));
#5376 = CARTESIAN_POINT('',(-0.8,1.192797041099,2.041324742153));
#5377 = CARTESIAN_POINT('',(-0.8,1.32859168265,1.856228620696));
#5378 = CARTESIAN_POINT('',(-0.8,1.427604205745,1.647396599392));
#5379 = CARTESIAN_POINT('',(-0.8,1.484959731645,1.425110516829));
#5380 = CARTESIAN_POINT('',(-0.8,1.5,1.2));
#5381 = AXIS1_PLACEMENT('',#5382,#5383);
#5382 = CARTESIAN_POINT('',(-0.8,-4.64597571569E-16,1.10000371141));
#5383 = DIRECTION('',(-0.,-3.097720492816E-16,-1.));
#5384 = ADVANCED_FACE('',(#5385),#5419,.F.);
#5385 = FACE_BOUND('',#5386,.T.);
#5386 = EDGE_LOOP('',(#5387,#5397,#5405,#5413));
#5387 = ORIENTED_EDGE('',*,*,#5388,.T.);
#5388 = EDGE_CURVE('',#5389,#5391,#5393,.T.);
#5389 = VERTEX_POINT('',#5390);
#5390 = CARTESIAN_POINT('',(2.5,-1.925,-0.1));
#5391 = VERTEX_POINT('',#5392);
#5392 = CARTESIAN_POINT('',(2.5,1.925,-0.1));
#5393 = LINE('',#5394,#5395);
#5394 = CARTESIAN_POINT('',(2.5,-2.,-0.1));
#5395 = VECTOR('',#5396,1.);
#5396 = DIRECTION('',(0.,1.,0.));
#5397 = ORIENTED_EDGE('',*,*,#5398,.T.);
#5398 = EDGE_CURVE('',#5391,#5399,#5401,.T.);
#5399 = VERTEX_POINT('',#5400);
#5400 = CARTESIAN_POINT('',(2.5,1.925,0.1));
#5401 = LINE('',#5402,#5403);
#5402 = CARTESIAN_POINT('',(2.5,1.925,0.1));
#5403 = VECTOR('',#5404,1.);
#5404 = DIRECTION('',(-0.,-0.,1.));
#5405 = ORIENTED_EDGE('',*,*,#5406,.F.);
#5406 = EDGE_CURVE('',#5407,#5399,#5409,.T.);
#5407 = VERTEX_POINT('',#5408);
#5408 = CARTESIAN_POINT('',(2.5,-1.925,0.1));
#5409 = LINE('',#5410,#5411);
#5410 = CARTESIAN_POINT('',(2.5,-2.,0.1));
#5411 = VECTOR('',#5412,1.);
#5412 = DIRECTION('',(0.,1.,0.));
#5413 = ORIENTED_EDGE('',*,*,#5414,.T.);
#5414 = EDGE_CURVE('',#5407,#5389,#5415,.T.);
#5415 = LINE('',#5416,#5417);
#5416 = CARTESIAN_POINT('',(2.5,-1.925,0.1));
#5417 = VECTOR('',#5418,1.);
#5418 = DIRECTION('',(0.,0.,-1.));
#5419 = PLANE('',#5420);
#5420 = AXIS2_PLACEMENT_3D('',#5421,#5422,#5423);
#5421 = CARTESIAN_POINT('',(2.5,-2.,0.1));
#5422 = DIRECTION('',(-1.,0.,0.));
#5423 = DIRECTION('',(0.,0.,1.));
#5424 = ADVANCED_FACE('',(#5425),#5459,.F.);
#5425 = FACE_BOUND('',#5426,.T.);
#5426 = EDGE_LOOP('',(#5427,#5437,#5445,#5453));
#5427 = ORIENTED_EDGE('',*,*,#5428,.F.);
#5428 = EDGE_CURVE('',#5429,#5431,#5433,.T.);
#5429 = VERTEX_POINT('',#5430);
#5430 = CARTESIAN_POINT('',(2.425,2.,0.1));
#5431 = VERTEX_POINT('',#5432);
#5432 = CARTESIAN_POINT('',(-2.425,2.,0.1));
#5433 = LINE('',#5434,#5435);
#5434 = CARTESIAN_POINT('',(-2.5,2.,0.1));
#5435 = VECTOR('',#5436,1.);
#5436 = DIRECTION('',(-1.,-0.,-0.));
#5437 = ORIENTED_EDGE('',*,*,#5438,.T.);
#5438 = EDGE_CURVE('',#5429,#5439,#5441,.T.);
#5439 = VERTEX_POINT('',#5440);
#5440 = CARTESIAN_POINT('',(2.425,2.,-0.1));
#5441 = LINE('',#5442,#5443);
#5442 = CARTESIAN_POINT('',(2.425,2.,0.1));
#5443 = VECTOR('',#5444,1.);
#5444 = DIRECTION('',(0.,0.,-1.));
#5445 = ORIENTED_EDGE('',*,*,#5446,.T.);
#5446 = EDGE_CURVE('',#5439,#5447,#5449,.T.);
#5447 = VERTEX_POINT('',#5448);
#5448 = CARTESIAN_POINT('',(-2.425,2.,-0.1));
#5449 = LINE('',#5450,#5451);
#5450 = CARTESIAN_POINT('',(-2.5,2.,-0.1));
#5451 = VECTOR('',#5452,1.);
#5452 = DIRECTION('',(-1.,-0.,-0.));
#5453 = ORIENTED_EDGE('',*,*,#5454,.T.);
#5454 = EDGE_CURVE('',#5447,#5431,#5455,.T.);
#5455 = LINE('',#5456,#5457);
#5456 = CARTESIAN_POINT('',(-2.425,2.,0.1));
#5457 = VECTOR('',#5458,1.);
#5458 = DIRECTION('',(-0.,-0.,1.));
#5459 = PLANE('',#5460);
#5460 = AXIS2_PLACEMENT_3D('',#5461,#5462,#5463);
#5461 = CARTESIAN_POINT('',(-2.5,2.,0.1));
#5462 = DIRECTION('',(0.,-1.,0.));
#5463 = DIRECTION('',(0.,-0.,-1.));
#5464 = ADVANCED_FACE('',(#5465),#5499,.F.);
#5465 = FACE_BOUND('',#5466,.T.);
#5466 = EDGE_LOOP('',(#5467,#5477,#5485,#5493));
#5467 = ORIENTED_EDGE('',*,*,#5468,.F.);
#5468 = EDGE_CURVE('',#5469,#5471,#5473,.T.);
#5469 = VERTEX_POINT('',#5470);
#5470 = CARTESIAN_POINT('',(-2.5,1.925,0.1));
#5471 = VERTEX_POINT('',#5472);
#5472 = CARTESIAN_POINT('',(-2.5,-1.925,0.1));
#5473 = LINE('',#5474,#5475);
#5474 = CARTESIAN_POINT('',(-2.5,-2.,0.1));
#5475 = VECTOR('',#5476,1.);
#5476 = DIRECTION('',(-0.,-1.,-0.));
#5477 = ORIENTED_EDGE('',*,*,#5478,.T.);
#5478 = EDGE_CURVE('',#5469,#5479,#5481,.T.);
#5479 = VERTEX_POINT('',#5480);
#5480 = CARTESIAN_POINT('',(-2.5,1.925,-0.1));
#5481 = LINE('',#5482,#5483);
#5482 = CARTESIAN_POINT('',(-2.5,1.925,0.1));
#5483 = VECTOR('',#5484,1.);
#5484 = DIRECTION('',(0.,0.,-1.));
#5485 = ORIENTED_EDGE('',*,*,#5486,.T.);
#5486 = EDGE_CURVE('',#5479,#5487,#5489,.T.);
#5487 = VERTEX_POINT('',#5488);
#5488 = CARTESIAN_POINT('',(-2.5,-1.925,-0.1));
#5489 = LINE('',#5490,#5491);
#5490 = CARTESIAN_POINT('',(-2.5,-2.,-0.1));
#5491 = VECTOR('',#5492,1.);
#5492 = DIRECTION('',(-0.,-1.,-0.));
#5493 = ORIENTED_EDGE('',*,*,#5494,.T.);
#5494 = EDGE_CURVE('',#5487,#5471,#5495,.T.);
#5495 = LINE('',#5496,#5497);
#5496 = CARTESIAN_POINT('',(-2.5,-1.925,0.1));
#5497 = VECTOR('',#5498,1.);
#5498 = DIRECTION('',(-0.,-0.,1.));
#5499 = PLANE('',#5500);
#5500 = AXIS2_PLACEMENT_3D('',#5501,#5502,#5503);
#5501 = CARTESIAN_POINT('',(-2.5,-2.,0.1));
#5502 = DIRECTION('',(1.,0.,0.));
#5503 = DIRECTION('',(0.,0.,-1.));
#5504 = ADVANCED_FACE('',(#5505),#5539,.F.);
#5505 = FACE_BOUND('',#5506,.T.);
#5506 = EDGE_LOOP('',(#5507,#5517,#5525,#5533));
#5507 = ORIENTED_EDGE('',*,*,#5508,.F.);
#5508 = EDGE_CURVE('',#5509,#5511,#5513,.T.);
#5509 = VERTEX_POINT('',#5510);
#5510 = CARTESIAN_POINT('',(-2.425,-2.,0.1));
#5511 = VERTEX_POINT('',#5512);
#5512 = CARTESIAN_POINT('',(2.425,-2.,0.1));
#5513 = LINE('',#5514,#5515);
#5514 = CARTESIAN_POINT('',(-2.5,-2.,0.1));
#5515 = VECTOR('',#5516,1.);
#5516 = DIRECTION('',(1.,0.,0.));
#5517 = ORIENTED_EDGE('',*,*,#5518,.T.);
#5518 = EDGE_CURVE('',#5509,#5519,#5521,.T.);
#5519 = VERTEX_POINT('',#5520);
#5520 = CARTESIAN_POINT('',(-2.425,-2.,-0.1));
#5521 = LINE('',#5522,#5523);
#5522 = CARTESIAN_POINT('',(-2.425,-2.,0.1));
#5523 = VECTOR('',#5524,1.);
#5524 = DIRECTION('',(0.,0.,-1.));
#5525 = ORIENTED_EDGE('',*,*,#5526,.T.);
#5526 = EDGE_CURVE('',#5519,#5527,#5529,.T.);
#5527 = VERTEX_POINT('',#5528);
#5528 = CARTESIAN_POINT('',(2.425,-2.,-0.1));
#5529 = LINE('',#5530,#5531);
#5530 = CARTESIAN_POINT('',(-2.5,-2.,-0.1));
#5531 = VECTOR('',#5532,1.);
#5532 = DIRECTION('',(1.,0.,0.));
#5533 = ORIENTED_EDGE('',*,*,#5534,.T.);
#5534 = EDGE_CURVE('',#5527,#5511,#5535,.T.);
#5535 = LINE('',#5536,#5537);
#5536 = CARTESIAN_POINT('',(2.425,-2.,0.1));
#5537 = VECTOR('',#5538,1.);
#5538 = DIRECTION('',(-0.,-0.,1.));
#5539 = PLANE('',#5540);
#5540 = AXIS2_PLACEMENT_3D('',#5541,#5542,#5543);
#5541 = CARTESIAN_POINT('',(-2.5,-2.,0.1));
#5542 = DIRECTION('',(0.,1.,0.));
#5543 = DIRECTION('',(0.,-0.,1.));
#5544 = ADVANCED_FACE('',(#5545),#5588,.T.);
#5545 = FACE_BOUND('',#5546,.T.);
#5546 = EDGE_LOOP('',(#5547,#5557,#5564,#5565,#5574,#5582));
#5547 = ORIENTED_EDGE('',*,*,#5548,.T.);
#5548 = EDGE_CURVE('',#5549,#5551,#5553,.T.);
#5549 = VERTEX_POINT('',#5550);
#5550 = CARTESIAN_POINT('',(-2.316855037885,-1.891444180038,
    1.132839634745));
#5551 = VERTEX_POINT('',#5552);
#5552 = CARTESIAN_POINT('',(-2.425409738601,-1.999998880754,
    0.100010648919));
#5553 = LINE('',#5554,#5555);
#5554 = CARTESIAN_POINT('',(-2.426217025358,-2.00080616751,
    9.232982849429E-02));
#5555 = VECTOR('',#5556,1.);
#5556 = DIRECTION('',(-0.103962051184,-0.103962051184,-0.989132844378));
#5557 = ORIENTED_EDGE('',*,*,#5558,.T.);
#5558 = EDGE_CURVE('',#5551,#5509,#5559,.T.);
#5559 = ( BOUNDED_CURVE() B_SPLINE_CURVE(3,(#5560,#5561,#5562,#5563),
.UNSPECIFIED.,.F.,.F.) B_SPLINE_CURVE_WITH_KNOTS((4,4),(6.277722098658,
6.28318530718),.PIECEWISE_BEZIER_KNOTS.) CURVE() 
GEOMETRIC_REPRESENTATION_ITEM() RATIONAL_B_SPLINE_CURVE((1.,
0.999997512781,0.999997512781,1.)) REPRESENTATION_ITEM('') );
#5560 = CARTESIAN_POINT('',(-2.425409738601,-1.999998880754,
    0.100010648919));
#5561 = CARTESIAN_POINT('',(-2.425273160256,-1.999999626917,
    0.100003549649));
#5562 = CARTESIAN_POINT('',(-2.425136580383,-2.,1.E-01));
#5563 = CARTESIAN_POINT('',(-2.425,-2.,0.1));
#5564 = ORIENTED_EDGE('',*,*,#5508,.T.);
#5565 = ORIENTED_EDGE('',*,*,#5566,.T.);
#5566 = EDGE_CURVE('',#5511,#5567,#5569,.T.);
#5567 = VERTEX_POINT('',#5568);
#5568 = CARTESIAN_POINT('',(2.425409738601,-1.999998880754,
    0.100010648919));
#5569 = ( BOUNDED_CURVE() B_SPLINE_CURVE(3,(#5570,#5571,#5572,#5573),
.UNSPECIFIED.,.F.,.F.) B_SPLINE_CURVE_WITH_KNOTS((4,4),(
    5.782411586589E-15,5.463208521551E-03),.PIECEWISE_BEZIER_KNOTS.) 
CURVE() GEOMETRIC_REPRESENTATION_ITEM() RATIONAL_B_SPLINE_CURVE((1.,
0.999997512781,0.999997512781,1.)) REPRESENTATION_ITEM('') );
#5570 = CARTESIAN_POINT('',(2.425,-2.,0.1));
#5571 = CARTESIAN_POINT('',(2.425136580383,-2.,1.E-01));
#5572 = CARTESIAN_POINT('',(2.425273160256,-1.999999626917,
    0.100003549649));
#5573 = CARTESIAN_POINT('',(2.425409738601,-1.999998880754,
    0.100010648919));
#5574 = ORIENTED_EDGE('',*,*,#5575,.T.);
#5575 = EDGE_CURVE('',#5567,#5576,#5578,.T.);
#5576 = VERTEX_POINT('',#5577);
#5577 = CARTESIAN_POINT('',(2.316855037885,-1.891444180038,
    1.132839634745));
#5578 = LINE('',#5579,#5580);
#5579 = CARTESIAN_POINT('',(2.372176484925,-1.946765627078,
    0.606491225472));
#5580 = VECTOR('',#5581,1.);
#5581 = DIRECTION('',(-0.103962051184,0.103962051184,0.989132844378));
#5582 = ORIENTED_EDGE('',*,*,#5583,.T.);
#5583 = EDGE_CURVE('',#5576,#5549,#5584,.T.);
#5584 = LINE('',#5585,#5586);
#5585 = CARTESIAN_POINT('',(-2.384385341208,-1.891444180038,
    1.132839634745));
#5586 = VECTOR('',#5587,1.);
#5587 = DIRECTION('',(-1.,-0.,0.));
#5588 = PLANE('',#5589);
#5589 = AXIS2_PLACEMENT_3D('',#5590,#5591,#5592);
#5590 = CARTESIAN_POINT('',(-2.5,-2.,0.1));
#5591 = DIRECTION('',(0.,-0.994521895368,0.104528463268));
#5592 = DIRECTION('',(0.,-0.104528463268,-0.994521895368));
#5593 = ADVANCED_FACE('',(#5594),#5637,.T.);
#5594 = FACE_BOUND('',#5595,.T.);
#5595 = EDGE_LOOP('',(#5596,#5597,#5606,#5614,#5622,#5630));
#5596 = ORIENTED_EDGE('',*,*,#5406,.T.);
#5597 = ORIENTED_EDGE('',*,*,#5598,.T.);
#5598 = EDGE_CURVE('',#5399,#5599,#5601,.T.);
#5599 = VERTEX_POINT('',#5600);
#5600 = CARTESIAN_POINT('',(2.499998880754,1.925409738601,0.100010648919
    ));
#5601 = ( BOUNDED_CURVE() B_SPLINE_CURVE(3,(#5602,#5603,#5604,#5605),
.UNSPECIFIED.,.F.,.F.) B_SPLINE_CURVE_WITH_KNOTS((4,4),(
    -6.217248937901E-15,5.463208521545E-03),.PIECEWISE_BEZIER_KNOTS.) 
CURVE() GEOMETRIC_REPRESENTATION_ITEM() RATIONAL_B_SPLINE_CURVE((1.,
0.999997512781,0.999997512781,1.)) REPRESENTATION_ITEM('') );
#5602 = CARTESIAN_POINT('',(2.5,1.925,0.1));
#5603 = CARTESIAN_POINT('',(2.5,1.925136580383,1.E-01));
#5604 = CARTESIAN_POINT('',(2.499999626917,1.925273160256,0.100003549649
    ));
#5605 = CARTESIAN_POINT('',(2.499998880754,1.925409738601,0.100010648919
    ));
#5606 = ORIENTED_EDGE('',*,*,#5607,.T.);
#5607 = EDGE_CURVE('',#5599,#5608,#5610,.T.);
#5608 = VERTEX_POINT('',#5609);
#5609 = CARTESIAN_POINT('',(2.391444180038,1.816855037885,1.132839634745
    ));
#5610 = LINE('',#5611,#5612);
#5611 = CARTESIAN_POINT('',(2.457573735165,1.882984593012,0.503658946076
    ));
#5612 = VECTOR('',#5613,1.);
#5613 = DIRECTION('',(-0.103962051184,-0.103962051184,0.989132844378));
#5614 = ORIENTED_EDGE('',*,*,#5615,.T.);
#5615 = EDGE_CURVE('',#5608,#5616,#5618,.T.);
#5616 = VERTEX_POINT('',#5617);
#5617 = CARTESIAN_POINT('',(2.391444180038,-1.816855037885,
    1.132839634745));
#5618 = LINE('',#5619,#5620);
#5619 = CARTESIAN_POINT('',(2.391444180038,-1.884385341208,
    1.132839634745));
#5620 = VECTOR('',#5621,1.);
#5621 = DIRECTION('',(-0.,-1.,0.));
#5622 = ORIENTED_EDGE('',*,*,#5623,.T.);
#5623 = EDGE_CURVE('',#5616,#5624,#5626,.T.);
#5624 = VERTEX_POINT('',#5625);
#5625 = CARTESIAN_POINT('',(2.499998880754,-1.925409738601,
    0.100010648919));
#5626 = LINE('',#5627,#5628);
#5627 = CARTESIAN_POINT('',(2.50080616751,-1.926217025358,
    9.232982849429E-02));
#5628 = VECTOR('',#5629,1.);
#5629 = DIRECTION('',(0.103962051184,-0.103962051184,-0.989132844378));
#5630 = ORIENTED_EDGE('',*,*,#5631,.T.);
#5631 = EDGE_CURVE('',#5624,#5407,#5632,.T.);
#5632 = ( BOUNDED_CURVE() B_SPLINE_CURVE(3,(#5633,#5634,#5635,#5636),
.UNSPECIFIED.,.F.,.F.) B_SPLINE_CURVE_WITH_KNOTS((4,4),(6.277722098658,
6.28318530718),.PIECEWISE_BEZIER_KNOTS.) CURVE() 
GEOMETRIC_REPRESENTATION_ITEM() RATIONAL_B_SPLINE_CURVE((1.,
0.999997512781,0.999997512781,1.)) REPRESENTATION_ITEM('') );
#5633 = CARTESIAN_POINT('',(2.499998880754,-1.925409738601,
    0.100010648919));
#5634 = CARTESIAN_POINT('',(2.499999626917,-1.925273160256,
    0.100003549649));
#5635 = CARTESIAN_POINT('',(2.5,-1.925136580383,1.E-01));
#5636 = CARTESIAN_POINT('',(2.5,-1.925,0.1));
#5637 = PLANE('',#5638);
#5638 = AXIS2_PLACEMENT_3D('',#5639,#5640,#5641);
#5639 = CARTESIAN_POINT('',(2.5,-2.,0.1));
#5640 = DIRECTION('',(0.994521895368,0.,0.104528463268));
#5641 = DIRECTION('',(0.104528463268,0.,-0.994521895368));
#5642 = ADVANCED_FACE('',(#5643),#5686,.T.);
#5643 = FACE_BOUND('',#5644,.T.);
#5644 = EDGE_LOOP('',(#5645,#5646,#5655,#5663,#5671,#5679));
#5645 = ORIENTED_EDGE('',*,*,#5428,.T.);
#5646 = ORIENTED_EDGE('',*,*,#5647,.T.);
#5647 = EDGE_CURVE('',#5431,#5648,#5650,.T.);
#5648 = VERTEX_POINT('',#5649);
#5649 = CARTESIAN_POINT('',(-2.425409738601,1.999998880754,
    0.100010648919));
#5650 = ( BOUNDED_CURVE() B_SPLINE_CURVE(3,(#5651,#5652,#5653,#5654),
.UNSPECIFIED.,.F.,.F.) B_SPLINE_CURVE_WITH_KNOTS((4,4),(0.,
5.463208521545E-03),.PIECEWISE_BEZIER_KNOTS.) CURVE() 
GEOMETRIC_REPRESENTATION_ITEM() RATIONAL_B_SPLINE_CURVE((1.,
0.999997512781,0.999997512781,1.)) REPRESENTATION_ITEM('') );
#5651 = CARTESIAN_POINT('',(-2.425,2.,0.1));
#5652 = CARTESIAN_POINT('',(-2.425136580383,2.,0.1));
#5653 = CARTESIAN_POINT('',(-2.425273160256,1.999999626917,
    0.100003549649));
#5654 = CARTESIAN_POINT('',(-2.425409738601,1.999998880754,
    0.100010648919));
#5655 = ORIENTED_EDGE('',*,*,#5656,.T.);
#5656 = EDGE_CURVE('',#5648,#5657,#5659,.T.);
#5657 = VERTEX_POINT('',#5658);
#5658 = CARTESIAN_POINT('',(-2.316855037885,1.891444180038,
    1.132839634745));
#5659 = LINE('',#5660,#5661);
#5660 = CARTESIAN_POINT('',(-2.372176484925,1.946765627078,
    0.606491225472));
#5661 = VECTOR('',#5662,1.);
#5662 = DIRECTION('',(0.103962051184,-0.103962051184,0.989132844378));
#5663 = ORIENTED_EDGE('',*,*,#5664,.T.);
#5664 = EDGE_CURVE('',#5657,#5665,#5667,.T.);
#5665 = VERTEX_POINT('',#5666);
#5666 = CARTESIAN_POINT('',(2.316855037885,1.891444180038,1.132839634745
    ));
#5667 = LINE('',#5668,#5669);
#5668 = CARTESIAN_POINT('',(2.384385341208,1.891444180038,1.132839634745
    ));
#5669 = VECTOR('',#5670,1.);
#5670 = DIRECTION('',(1.,-0.,-0.));
#5671 = ORIENTED_EDGE('',*,*,#5672,.T.);
#5672 = EDGE_CURVE('',#5665,#5673,#5675,.T.);
#5673 = VERTEX_POINT('',#5674);
#5674 = CARTESIAN_POINT('',(2.425409738601,1.999998880754,0.100010648919
    ));
#5675 = LINE('',#5676,#5677);
#5676 = CARTESIAN_POINT('',(2.426217025358,2.00080616751,
    9.232982849429E-02));
#5677 = VECTOR('',#5678,1.);
#5678 = DIRECTION('',(0.103962051184,0.103962051184,-0.989132844378));
#5679 = ORIENTED_EDGE('',*,*,#5680,.T.);
#5680 = EDGE_CURVE('',#5673,#5429,#5681,.T.);
#5681 = ( BOUNDED_CURVE() B_SPLINE_CURVE(3,(#5682,#5683,#5684,#5685),
.UNSPECIFIED.,.F.,.F.) B_SPLINE_CURVE_WITH_KNOTS((4,4),(6.277722098658,
6.28318530718),.PIECEWISE_BEZIER_KNOTS.) CURVE() 
GEOMETRIC_REPRESENTATION_ITEM() RATIONAL_B_SPLINE_CURVE((1.,
0.999997512781,0.999997512781,1.)) REPRESENTATION_ITEM('') );
#5682 = CARTESIAN_POINT('',(2.425409738601,1.999998880754,0.100010648919
    ));
#5683 = CARTESIAN_POINT('',(2.425273160256,1.999999626917,0.100003549649
    ));
#5684 = CARTESIAN_POINT('',(2.425136580383,2.,1.E-01));
#5685 = CARTESIAN_POINT('',(2.425,2.,0.1));
#5686 = PLANE('',#5687);
#5687 = AXIS2_PLACEMENT_3D('',#5688,#5689,#5690);
#5688 = CARTESIAN_POINT('',(2.5,2.,0.1));
#5689 = DIRECTION('',(0.,0.994521895368,0.104528463268));
#5690 = DIRECTION('',(0.,-0.104528463268,0.994521895368));
#5691 = ADVANCED_FACE('',(#5692),#5735,.T.);
#5692 = FACE_BOUND('',#5693,.T.);
#5693 = EDGE_LOOP('',(#5694,#5704,#5711,#5712,#5721,#5729));
#5694 = ORIENTED_EDGE('',*,*,#5695,.T.);
#5695 = EDGE_CURVE('',#5696,#5698,#5700,.T.);
#5696 = VERTEX_POINT('',#5697);
#5697 = CARTESIAN_POINT('',(-2.391444180038,1.816855037885,
    1.132839634745));
#5698 = VERTEX_POINT('',#5699);
#5699 = CARTESIAN_POINT('',(-2.499998880754,1.925409738601,
    0.100010648919));
#5700 = LINE('',#5701,#5702);
#5701 = CARTESIAN_POINT('',(-2.50080616751,1.926217025358,
    9.232982849429E-02));
#5702 = VECTOR('',#5703,1.);
#5703 = DIRECTION('',(-0.103962051184,0.103962051184,-0.989132844378));
#5704 = ORIENTED_EDGE('',*,*,#5705,.T.);
#5705 = EDGE_CURVE('',#5698,#5469,#5706,.T.);
#5706 = ( BOUNDED_CURVE() B_SPLINE_CURVE(3,(#5707,#5708,#5709,#5710),
.UNSPECIFIED.,.F.,.F.) B_SPLINE_CURVE_WITH_KNOTS((4,4),(6.277722098658,
6.28318530718),.PIECEWISE_BEZIER_KNOTS.) CURVE() 
GEOMETRIC_REPRESENTATION_ITEM() RATIONAL_B_SPLINE_CURVE((1.,
0.999997512781,0.999997512781,1.)) REPRESENTATION_ITEM('') );
#5707 = CARTESIAN_POINT('',(-2.499998880754,1.925409738601,
    0.100010648919));
#5708 = CARTESIAN_POINT('',(-2.499999626917,1.925273160256,
    0.100003549649));
#5709 = CARTESIAN_POINT('',(-2.5,1.925136580383,1.E-01));
#5710 = CARTESIAN_POINT('',(-2.5,1.925,0.1));
#5711 = ORIENTED_EDGE('',*,*,#5468,.T.);
#5712 = ORIENTED_EDGE('',*,*,#5713,.T.);
#5713 = EDGE_CURVE('',#5471,#5714,#5716,.T.);
#5714 = VERTEX_POINT('',#5715);
#5715 = CARTESIAN_POINT('',(-2.499998880754,-1.925409738601,
    0.100010648919));
#5716 = ( BOUNDED_CURVE() B_SPLINE_CURVE(3,(#5717,#5718,#5719,#5720),
.UNSPECIFIED.,.F.,.F.) B_SPLINE_CURVE_WITH_KNOTS((4,4),(0.,
5.463208521539E-03),.PIECEWISE_BEZIER_KNOTS.) CURVE() 
GEOMETRIC_REPRESENTATION_ITEM() RATIONAL_B_SPLINE_CURVE((1.,
0.999997512781,0.999997512781,1.)) REPRESENTATION_ITEM('') );
#5717 = CARTESIAN_POINT('',(-2.5,-1.925,0.1));
#5718 = CARTESIAN_POINT('',(-2.5,-1.925136580383,1.E-01));
#5719 = CARTESIAN_POINT('',(-2.499999626917,-1.925273160256,
    0.100003549649));
#5720 = CARTESIAN_POINT('',(-2.499998880754,-1.925409738601,
    0.100010648919));
#5721 = ORIENTED_EDGE('',*,*,#5722,.T.);
#5722 = EDGE_CURVE('',#5714,#5723,#5725,.T.);
#5723 = VERTEX_POINT('',#5724);
#5724 = CARTESIAN_POINT('',(-2.391444180038,-1.816855037885,
    1.132839634745));
#5725 = LINE('',#5726,#5727);
#5726 = CARTESIAN_POINT('',(-2.457573735165,-1.882984593012,
    0.503658946076));
#5727 = VECTOR('',#5728,1.);
#5728 = DIRECTION('',(0.103962051184,0.103962051184,0.989132844378));
#5729 = ORIENTED_EDGE('',*,*,#5730,.T.);
#5730 = EDGE_CURVE('',#5723,#5696,#5731,.T.);
#5731 = LINE('',#5732,#5733);
#5732 = CARTESIAN_POINT('',(-2.391444180038,1.884385341208,
    1.132839634745));
#5733 = VECTOR('',#5734,1.);
#5734 = DIRECTION('',(-0.,1.,-0.));
#5735 = PLANE('',#5736);
#5736 = AXIS2_PLACEMENT_3D('',#5737,#5738,#5739);
#5737 = CARTESIAN_POINT('',(-2.5,2.,0.1));
#5738 = DIRECTION('',(-0.994521895368,0.,0.104528463268));
#5739 = DIRECTION('',(0.104528463268,0.,0.994521895368));
#5740 = ADVANCED_FACE('',(#5741,#5751),#5785,.T.);
#5741 = FACE_BOUND('',#5742,.T.);
#5742 = EDGE_LOOP('',(#5743,#5750));
#5743 = ORIENTED_EDGE('',*,*,#5744,.F.);
#5744 = EDGE_CURVE('',#5355,#5346,#5745,.T.);
#5745 = CIRCLE('',#5746,1.5);
#5746 = AXIS2_PLACEMENT_3D('',#5747,#5748,#5749);
#5747 = CARTESIAN_POINT('',(-0.8,-4.64597571569E-16,1.2));
#5748 = DIRECTION('',(0.,0.,1.));
#5749 = DIRECTION('',(1.,0.,-0.));
#5750 = ORIENTED_EDGE('',*,*,#5354,.F.);
#5751 = FACE_BOUND('',#5752,.T.);
#5752 = EDGE_LOOP('',(#5753,#5763,#5771,#5779));
#5753 = ORIENTED_EDGE('',*,*,#5754,.T.);
#5754 = EDGE_CURVE('',#5755,#5757,#5759,.T.);
#5755 = VERTEX_POINT('',#5756);
#5756 = CARTESIAN_POINT('',(2.316855037885,1.816855037885,1.2));
#5757 = VERTEX_POINT('',#5758);
#5758 = CARTESIAN_POINT('',(-2.316855037885,1.816855037885,1.2));
#5759 = LINE('',#5760,#5761);
#5760 = CARTESIAN_POINT('',(-2.384385341208,1.816855037885,1.2));
#5761 = VECTOR('',#5762,1.);
#5762 = DIRECTION('',(-1.,0.,-0.));
#5763 = ORIENTED_EDGE('',*,*,#5764,.T.);
#5764 = EDGE_CURVE('',#5757,#5765,#5767,.T.);
#5765 = VERTEX_POINT('',#5766);
#5766 = CARTESIAN_POINT('',(-2.316855037885,-1.816855037885,1.2));
#5767 = LINE('',#5768,#5769);
#5768 = CARTESIAN_POINT('',(-2.316855037885,-1.884385341208,1.2));
#5769 = VECTOR('',#5770,1.);
#5770 = DIRECTION('',(-0.,-1.,0.));
#5771 = ORIENTED_EDGE('',*,*,#5772,.T.);
#5772 = EDGE_CURVE('',#5765,#5773,#5775,.T.);
#5773 = VERTEX_POINT('',#5774);
#5774 = CARTESIAN_POINT('',(2.316855037885,-1.816855037885,1.2));
#5775 = LINE('',#5776,#5777);
#5776 = CARTESIAN_POINT('',(2.384385341208,-1.816855037885,1.2));
#5777 = VECTOR('',#5778,1.);
#5778 = DIRECTION('',(1.,-0.,-0.));
#5779 = ORIENTED_EDGE('',*,*,#5780,.T.);
#5780 = EDGE_CURVE('',#5773,#5755,#5781,.T.);
#5781 = LINE('',#5782,#5783);
#5782 = CARTESIAN_POINT('',(2.316855037885,1.884385341208,1.2));
#5783 = VECTOR('',#5784,1.);
#5784 = DIRECTION('',(-0.,1.,-0.));
#5785 = PLANE('',#5786);
#5786 = AXIS2_PLACEMENT_3D('',#5787,#5788,#5789);
#5787 = CARTESIAN_POINT('',(0.,0.,1.2));
#5788 = DIRECTION('',(0.,0.,1.));
#5789 = DIRECTION('',(1.,0.,-0.));
#5790 = ADVANCED_FACE('',(#5791),#5834,.T.);
#5791 = FACE_BOUND('',#5792,.T.);
#5792 = EDGE_LOOP('',(#5793,#5794,#5803,#5811,#5819,#5827));
#5793 = ORIENTED_EDGE('',*,*,#5526,.F.);
#5794 = ORIENTED_EDGE('',*,*,#5795,.T.);
#5795 = EDGE_CURVE('',#5519,#5796,#5798,.T.);
#5796 = VERTEX_POINT('',#5797);
#5797 = CARTESIAN_POINT('',(-2.425409738601,-1.999998880754,
    -0.100010648919));
#5798 = ( BOUNDED_CURVE() B_SPLINE_CURVE(3,(#5799,#5800,#5801,#5802),
.UNSPECIFIED.,.F.,.F.) B_SPLINE_CURVE_WITH_KNOTS((4,4),(3.14159265359,
3.147055862111),.PIECEWISE_BEZIER_KNOTS.) CURVE() 
GEOMETRIC_REPRESENTATION_ITEM() RATIONAL_B_SPLINE_CURVE((1.,
0.999997512781,0.999997512781,1.)) REPRESENTATION_ITEM('') );
#5799 = CARTESIAN_POINT('',(-2.425,-2.,-0.1));
#5800 = CARTESIAN_POINT('',(-2.425136580383,-2.,-1.E-01));
#5801 = CARTESIAN_POINT('',(-2.425273160256,-1.999999626917,
    -0.100003549649));
#5802 = CARTESIAN_POINT('',(-2.425409738601,-1.999998880754,
    -0.100010648919));
#5803 = ORIENTED_EDGE('',*,*,#5804,.T.);
#5804 = EDGE_CURVE('',#5796,#5805,#5807,.T.);
#5805 = VERTEX_POINT('',#5806);
#5806 = CARTESIAN_POINT('',(-2.316855037885,-1.891444180038,
    -1.132839634745));
#5807 = LINE('',#5808,#5809);
#5808 = CARTESIAN_POINT('',(-2.426217025358,-2.00080616751,
    -9.232982849429E-02));
#5809 = VECTOR('',#5810,1.);
#5810 = DIRECTION('',(0.103962051184,0.103962051184,-0.989132844378));
#5811 = ORIENTED_EDGE('',*,*,#5812,.T.);
#5812 = EDGE_CURVE('',#5805,#5813,#5815,.T.);
#5813 = VERTEX_POINT('',#5814);
#5814 = CARTESIAN_POINT('',(2.316855037885,-1.891444180038,
    -1.132839634745));
#5815 = LINE('',#5816,#5817);
#5816 = CARTESIAN_POINT('',(-2.5,-1.891444180038,-1.132839634745));
#5817 = VECTOR('',#5818,1.);
#5818 = DIRECTION('',(1.,0.,0.));
#5819 = ORIENTED_EDGE('',*,*,#5820,.T.);
#5820 = EDGE_CURVE('',#5813,#5821,#5823,.T.);
#5821 = VERTEX_POINT('',#5822);
#5822 = CARTESIAN_POINT('',(2.425409738601,-1.999998880754,
    -0.100010648919));
#5823 = LINE('',#5824,#5825);
#5824 = CARTESIAN_POINT('',(2.372176484925,-1.946765627078,
    -0.606491225472));
#5825 = VECTOR('',#5826,1.);
#5826 = DIRECTION('',(0.103962051184,-0.103962051184,0.989132844378));
#5827 = ORIENTED_EDGE('',*,*,#5828,.T.);
#5828 = EDGE_CURVE('',#5821,#5527,#5829,.T.);
#5829 = ( BOUNDED_CURVE() B_SPLINE_CURVE(3,(#5830,#5831,#5832,#5833),
.UNSPECIFIED.,.F.,.F.) B_SPLINE_CURVE_WITH_KNOTS((4,4),(3.136129445068,
3.14159265359),.PIECEWISE_BEZIER_KNOTS.) CURVE() 
GEOMETRIC_REPRESENTATION_ITEM() RATIONAL_B_SPLINE_CURVE((1.,
0.999997512781,0.999997512781,1.)) REPRESENTATION_ITEM('') );
#5830 = CARTESIAN_POINT('',(2.425409738601,-1.999998880754,
    -0.100010648919));
#5831 = CARTESIAN_POINT('',(2.425273160256,-1.999999626917,
    -0.100003549649));
#5832 = CARTESIAN_POINT('',(2.425136580383,-2.,-1.E-01));
#5833 = CARTESIAN_POINT('',(2.425,-2.,-0.1));
#5834 = PLANE('',#5835);
#5835 = AXIS2_PLACEMENT_3D('',#5836,#5837,#5838);
#5836 = CARTESIAN_POINT('',(-2.5,-2.,-0.1));
#5837 = DIRECTION('',(0.,-0.994521895368,-0.104528463268));
#5838 = DIRECTION('',(0.,0.104528463268,-0.994521895368));
#5839 = ADVANCED_FACE('',(#5840),#5883,.T.);
#5840 = FACE_BOUND('',#5841,.T.);
#5841 = EDGE_LOOP('',(#5842,#5843,#5852,#5860,#5868,#5876));
#5842 = ORIENTED_EDGE('',*,*,#5486,.F.);
#5843 = ORIENTED_EDGE('',*,*,#5844,.T.);
#5844 = EDGE_CURVE('',#5479,#5845,#5847,.T.);
#5845 = VERTEX_POINT('',#5846);
#5846 = CARTESIAN_POINT('',(-2.499998880754,1.925409738601,
    -0.100010648919));
#5847 = ( BOUNDED_CURVE() B_SPLINE_CURVE(3,(#5848,#5849,#5850,#5851),
.UNSPECIFIED.,.F.,.F.) B_SPLINE_CURVE_WITH_KNOTS((4,4),(3.14159265359,
3.147055862111),.PIECEWISE_BEZIER_KNOTS.) CURVE() 
GEOMETRIC_REPRESENTATION_ITEM() RATIONAL_B_SPLINE_CURVE((1.,
0.999997512781,0.999997512781,1.)) REPRESENTATION_ITEM('') );
#5848 = CARTESIAN_POINT('',(-2.5,1.925,-0.1));
#5849 = CARTESIAN_POINT('',(-2.5,1.925136580383,-1.E-01));
#5850 = CARTESIAN_POINT('',(-2.499999626917,1.925273160256,
    -0.100003549649));
#5851 = CARTESIAN_POINT('',(-2.499998880754,1.925409738601,
    -0.100010648919));
#5852 = ORIENTED_EDGE('',*,*,#5853,.T.);
#5853 = EDGE_CURVE('',#5845,#5854,#5856,.T.);
#5854 = VERTEX_POINT('',#5855);
#5855 = CARTESIAN_POINT('',(-2.391444180038,1.816855037885,
    -1.132839634745));
#5856 = LINE('',#5857,#5858);
#5857 = CARTESIAN_POINT('',(-2.50080616751,1.926217025358,
    -9.232982849429E-02));
#5858 = VECTOR('',#5859,1.);
#5859 = DIRECTION('',(0.103962051184,-0.103962051184,-0.989132844378));
#5860 = ORIENTED_EDGE('',*,*,#5861,.T.);
#5861 = EDGE_CURVE('',#5854,#5862,#5864,.T.);
#5862 = VERTEX_POINT('',#5863);
#5863 = CARTESIAN_POINT('',(-2.391444180038,-1.816855037885,
    -1.132839634745));
#5864 = LINE('',#5865,#5866);
#5865 = CARTESIAN_POINT('',(-2.391444180038,2.,-1.132839634745));
#5866 = VECTOR('',#5867,1.);
#5867 = DIRECTION('',(0.,-1.,0.));
#5868 = ORIENTED_EDGE('',*,*,#5869,.T.);
#5869 = EDGE_CURVE('',#5862,#5870,#5872,.T.);
#5870 = VERTEX_POINT('',#5871);
#5871 = CARTESIAN_POINT('',(-2.499998880754,-1.925409738601,
    -0.100010648919));
#5872 = LINE('',#5873,#5874);
#5873 = CARTESIAN_POINT('',(-2.457573735165,-1.882984593012,
    -0.503658946076));
#5874 = VECTOR('',#5875,1.);
#5875 = DIRECTION('',(-0.103962051184,-0.103962051184,0.989132844378));
#5876 = ORIENTED_EDGE('',*,*,#5877,.T.);
#5877 = EDGE_CURVE('',#5870,#5487,#5878,.T.);
#5878 = ( BOUNDED_CURVE() B_SPLINE_CURVE(3,(#5879,#5880,#5881,#5882),
.UNSPECIFIED.,.F.,.F.) B_SPLINE_CURVE_WITH_KNOTS((4,4),(3.136129445068,
3.14159265359),.PIECEWISE_BEZIER_KNOTS.) CURVE() 
GEOMETRIC_REPRESENTATION_ITEM() RATIONAL_B_SPLINE_CURVE((1.,
0.999997512781,0.999997512781,1.)) REPRESENTATION_ITEM('') );
#5879 = CARTESIAN_POINT('',(-2.499998880754,-1.925409738601,
    -0.100010648919));
#5880 = CARTESIAN_POINT('',(-2.499999626917,-1.925273160256,
    -0.100003549649));
#5881 = CARTESIAN_POINT('',(-2.5,-1.925136580383,-1.E-01));
#5882 = CARTESIAN_POINT('',(-2.5,-1.925,-0.1));
#5883 = PLANE('',#5884);
#5884 = AXIS2_PLACEMENT_3D('',#5885,#5886,#5887);
#5885 = CARTESIAN_POINT('',(-2.5,2.,-0.1));
#5886 = DIRECTION('',(-0.994521895368,0.,-0.104528463268));
#5887 = DIRECTION('',(-0.104528463268,0.,0.994521895368));
#5888 = ADVANCED_FACE('',(#5889),#5932,.T.);
#5889 = FACE_BOUND('',#5890,.T.);
#5890 = EDGE_LOOP('',(#5891,#5892,#5901,#5909,#5917,#5925));
#5891 = ORIENTED_EDGE('',*,*,#5446,.F.);
#5892 = ORIENTED_EDGE('',*,*,#5893,.T.);
#5893 = EDGE_CURVE('',#5439,#5894,#5896,.T.);
#5894 = VERTEX_POINT('',#5895);
#5895 = CARTESIAN_POINT('',(2.425409738601,1.999998880754,
    -0.100010648919));
#5896 = ( BOUNDED_CURVE() B_SPLINE_CURVE(3,(#5897,#5898,#5899,#5900),
.UNSPECIFIED.,.F.,.F.) B_SPLINE_CURVE_WITH_KNOTS((4,4),(3.14159265359,
3.147055862111),.PIECEWISE_BEZIER_KNOTS.) CURVE() 
GEOMETRIC_REPRESENTATION_ITEM() RATIONAL_B_SPLINE_CURVE((1.,
0.999997512781,0.999997512781,1.)) REPRESENTATION_ITEM('') );
#5897 = CARTESIAN_POINT('',(2.425,2.,-0.1));
#5898 = CARTESIAN_POINT('',(2.425136580383,2.,-1.E-01));
#5899 = CARTESIAN_POINT('',(2.425273160256,1.999999626917,
    -0.100003549649));
#5900 = CARTESIAN_POINT('',(2.425409738601,1.999998880754,
    -0.100010648919));
#5901 = ORIENTED_EDGE('',*,*,#5902,.T.);
#5902 = EDGE_CURVE('',#5894,#5903,#5905,.T.);
#5903 = VERTEX_POINT('',#5904);
#5904 = CARTESIAN_POINT('',(2.316855037885,1.891444180038,
    -1.132839634745));
#5905 = LINE('',#5906,#5907);
#5906 = CARTESIAN_POINT('',(2.426217025358,2.00080616751,
    -9.232982849429E-02));
#5907 = VECTOR('',#5908,1.);
#5908 = DIRECTION('',(-0.103962051184,-0.103962051184,-0.989132844378));
#5909 = ORIENTED_EDGE('',*,*,#5910,.T.);
#5910 = EDGE_CURVE('',#5903,#5911,#5913,.T.);
#5911 = VERTEX_POINT('',#5912);
#5912 = CARTESIAN_POINT('',(-2.316855037885,1.891444180038,
    -1.132839634745));
#5913 = LINE('',#5914,#5915);
#5914 = CARTESIAN_POINT('',(2.5,1.891444180038,-1.132839634745));
#5915 = VECTOR('',#5916,1.);
#5916 = DIRECTION('',(-1.,0.,0.));
#5917 = ORIENTED_EDGE('',*,*,#5918,.T.);
#5918 = EDGE_CURVE('',#5911,#5919,#5921,.T.);
#5919 = VERTEX_POINT('',#5920);
#5920 = CARTESIAN_POINT('',(-2.425409738601,1.999998880754,
    -0.100010648919));
#5921 = LINE('',#5922,#5923);
#5922 = CARTESIAN_POINT('',(-2.372176484925,1.946765627078,
    -0.606491225472));
#5923 = VECTOR('',#5924,1.);
#5924 = DIRECTION('',(-0.103962051184,0.103962051184,0.989132844378));
#5925 = ORIENTED_EDGE('',*,*,#5926,.T.);
#5926 = EDGE_CURVE('',#5919,#5447,#5927,.T.);
#5927 = ( BOUNDED_CURVE() B_SPLINE_CURVE(3,(#5928,#5929,#5930,#5931),
.UNSPECIFIED.,.F.,.F.) B_SPLINE_CURVE_WITH_KNOTS((4,4),(3.136129445068,
3.14159265359),.PIECEWISE_BEZIER_KNOTS.) CURVE() 
GEOMETRIC_REPRESENTATION_ITEM() RATIONAL_B_SPLINE_CURVE((1.,
0.999997512781,0.999997512781,1.)) REPRESENTATION_ITEM('') );
#5928 = CARTESIAN_POINT('',(-2.425409738601,1.999998880754,
    -0.100010648919));
#5929 = CARTESIAN_POINT('',(-2.425273160256,1.999999626917,
    -0.100003549649));
#5930 = CARTESIAN_POINT('',(-2.425136580383,2.,-0.1));
#5931 = CARTESIAN_POINT('',(-2.425,2.,-0.1));
#5932 = PLANE('',#5933);
#5933 = AXIS2_PLACEMENT_3D('',#5934,#5935,#5936);
#5934 = CARTESIAN_POINT('',(2.5,2.,-0.1));
#5935 = DIRECTION('',(0.,0.994521895368,-0.104528463268));
#5936 = DIRECTION('',(0.,0.104528463268,0.994521895368));
#5937 = ADVANCED_FACE('',(#5938),#5981,.T.);
#5938 = FACE_BOUND('',#5939,.T.);
#5939 = EDGE_LOOP('',(#5940,#5950,#5957,#5958,#5967,#5975));
#5940 = ORIENTED_EDGE('',*,*,#5941,.T.);
#5941 = EDGE_CURVE('',#5942,#5944,#5946,.T.);
#5942 = VERTEX_POINT('',#5943);
#5943 = CARTESIAN_POINT('',(2.391444180038,1.816855037885,
    -1.132839634745));
#5944 = VERTEX_POINT('',#5945);
#5945 = CARTESIAN_POINT('',(2.499998880754,1.925409738601,
    -0.100010648919));
#5946 = LINE('',#5947,#5948);
#5947 = CARTESIAN_POINT('',(2.457573735165,1.882984593012,
    -0.503658946076));
#5948 = VECTOR('',#5949,1.);
#5949 = DIRECTION('',(0.103962051184,0.103962051184,0.989132844378));
#5950 = ORIENTED_EDGE('',*,*,#5951,.T.);
#5951 = EDGE_CURVE('',#5944,#5391,#5952,.T.);
#5952 = ( BOUNDED_CURVE() B_SPLINE_CURVE(3,(#5953,#5954,#5955,#5956),
.UNSPECIFIED.,.F.,.F.) B_SPLINE_CURVE_WITH_KNOTS((4,4),(3.136129445068,
3.14159265359),.PIECEWISE_BEZIER_KNOTS.) CURVE() 
GEOMETRIC_REPRESENTATION_ITEM() RATIONAL_B_SPLINE_CURVE((1.,
0.999997512781,0.999997512781,1.)) REPRESENTATION_ITEM('') );
#5953 = CARTESIAN_POINT('',(2.499998880754,1.925409738601,
    -0.100010648919));
#5954 = CARTESIAN_POINT('',(2.499999626917,1.925273160256,
    -0.100003549649));
#5955 = CARTESIAN_POINT('',(2.5,1.925136580383,-1.E-01));
#5956 = CARTESIAN_POINT('',(2.5,1.925,-0.1));
#5957 = ORIENTED_EDGE('',*,*,#5388,.F.);
#5958 = ORIENTED_EDGE('',*,*,#5959,.T.);
#5959 = EDGE_CURVE('',#5389,#5960,#5962,.T.);
#5960 = VERTEX_POINT('',#5961);
#5961 = CARTESIAN_POINT('',(2.499998880754,-1.925409738601,
    -0.100010648919));
#5962 = ( BOUNDED_CURVE() B_SPLINE_CURVE(3,(#5963,#5964,#5965,#5966),
.UNSPECIFIED.,.F.,.F.) B_SPLINE_CURVE_WITH_KNOTS((4,4),(3.14159265359,
3.147055862111),.PIECEWISE_BEZIER_KNOTS.) CURVE() 
GEOMETRIC_REPRESENTATION_ITEM() RATIONAL_B_SPLINE_CURVE((1.,
0.999997512781,0.999997512781,1.)) REPRESENTATION_ITEM('') );
#5963 = CARTESIAN_POINT('',(2.5,-1.925,-0.1));
#5964 = CARTESIAN_POINT('',(2.5,-1.925136580383,-1.E-01));
#5965 = CARTESIAN_POINT('',(2.499999626917,-1.925273160256,
    -0.100003549649));
#5966 = CARTESIAN_POINT('',(2.499998880754,-1.925409738601,
    -0.100010648919));
#5967 = ORIENTED_EDGE('',*,*,#5968,.T.);
#5968 = EDGE_CURVE('',#5960,#5969,#5971,.T.);
#5969 = VERTEX_POINT('',#5970);
#5970 = CARTESIAN_POINT('',(2.391444180038,-1.816855037885,
    -1.132839634745));
#5971 = LINE('',#5972,#5973);
#5972 = CARTESIAN_POINT('',(2.50080616751,-1.926217025358,
    -9.232982849429E-02));
#5973 = VECTOR('',#5974,1.);
#5974 = DIRECTION('',(-0.103962051184,0.103962051184,-0.989132844378));
#5975 = ORIENTED_EDGE('',*,*,#5976,.T.);
#5976 = EDGE_CURVE('',#5969,#5942,#5977,.T.);
#5977 = LINE('',#5978,#5979);
#5978 = CARTESIAN_POINT('',(2.391444180038,-2.,-1.132839634745));
#5979 = VECTOR('',#5980,1.);
#5980 = DIRECTION('',(0.,1.,0.));
#5981 = PLANE('',#5982);
#5982 = AXIS2_PLACEMENT_3D('',#5983,#5984,#5985);
#5983 = CARTESIAN_POINT('',(2.5,-2.,-0.1));
#5984 = DIRECTION('',(0.994521895368,0.,-0.104528463268));
#5985 = DIRECTION('',(-0.104528463268,0.,-0.994521895368));
#5986 = ADVANCED_FACE('',(#5987),#6021,.T.);
#5987 = FACE_BOUND('',#5988,.T.);
#5988 = EDGE_LOOP('',(#5989,#5999,#6007,#6015));
#5989 = ORIENTED_EDGE('',*,*,#5990,.T.);
#5990 = EDGE_CURVE('',#5991,#5993,#5995,.T.);
#5991 = VERTEX_POINT('',#5992);
#5992 = CARTESIAN_POINT('',(-2.316855037885,1.816855037885,-1.2));
#5993 = VERTEX_POINT('',#5994);
#5994 = CARTESIAN_POINT('',(2.316855037885,1.816855037885,-1.2));
#5995 = LINE('',#5996,#5997);
#5996 = CARTESIAN_POINT('',(0.,1.816855037885,-1.2));
#5997 = VECTOR('',#5998,1.);
#5998 = DIRECTION('',(1.,-0.,-0.));
#5999 = ORIENTED_EDGE('',*,*,#6000,.T.);
#6000 = EDGE_CURVE('',#5993,#6001,#6003,.T.);
#6001 = VERTEX_POINT('',#6002);
#6002 = CARTESIAN_POINT('',(2.316855037885,-1.816855037885,-1.2));
#6003 = LINE('',#6004,#6005);
#6004 = CARTESIAN_POINT('',(2.316855037885,0.,-1.2));
#6005 = VECTOR('',#6006,1.);
#6006 = DIRECTION('',(-0.,-1.,-0.));
#6007 = ORIENTED_EDGE('',*,*,#6008,.T.);
#6008 = EDGE_CURVE('',#6001,#6009,#6011,.T.);
#6009 = VERTEX_POINT('',#6010);
#6010 = CARTESIAN_POINT('',(-2.316855037885,-1.816855037885,-1.2));
#6011 = LINE('',#6012,#6013);
#6012 = CARTESIAN_POINT('',(0.,-1.816855037885,-1.2));
#6013 = VECTOR('',#6014,1.);
#6014 = DIRECTION('',(-1.,-0.,-0.));
#6015 = ORIENTED_EDGE('',*,*,#6016,.T.);
#6016 = EDGE_CURVE('',#6009,#5991,#6017,.T.);
#6017 = LINE('',#6018,#6019);
#6018 = CARTESIAN_POINT('',(-2.316855037885,0.,-1.2));
#6019 = VECTOR('',#6020,1.);
#6020 = DIRECTION('',(-0.,1.,-0.));
#6021 = PLANE('',#6022);
#6022 = AXIS2_PLACEMENT_3D('',#6023,#6024,#6025);
#6023 = CARTESIAN_POINT('',(0.,0.,-1.2));
#6024 = DIRECTION('',(0.,0.,-1.));
#6025 = DIRECTION('',(1.,0.,0.));
#6026 = ADVANCED_FACE('',(#6027),#6045,.T.);
#6027 = FACE_BOUND('',#6028,.T.);
#6028 = EDGE_LOOP('',(#6029,#6036,#6037,#6044));
#6029 = ORIENTED_EDGE('',*,*,#6030,.F.);
#6030 = EDGE_CURVE('',#5942,#5993,#6031,.T.);
#6031 = CIRCLE('',#6032,7.5E-02);
#6032 = AXIS2_PLACEMENT_3D('',#6033,#6034,#6035);
#6033 = CARTESIAN_POINT('',(2.316855037885,1.816855037885,-1.125));
#6034 = DIRECTION('',(0.,1.,0.));
#6035 = DIRECTION('',(0.,-0.,1.));
#6036 = ORIENTED_EDGE('',*,*,#5976,.F.);
#6037 = ORIENTED_EDGE('',*,*,#6038,.F.);
#6038 = EDGE_CURVE('',#6001,#5969,#6039,.T.);
#6039 = CIRCLE('',#6040,7.5E-02);
#6040 = AXIS2_PLACEMENT_3D('',#6041,#6042,#6043);
#6041 = CARTESIAN_POINT('',(2.316855037885,-1.816855037885,-1.125));
#6042 = DIRECTION('',(0.,-1.,0.));
#6043 = DIRECTION('',(0.,0.,-1.));
#6044 = ORIENTED_EDGE('',*,*,#6000,.F.);
#6045 = CYLINDRICAL_SURFACE('',#6046,7.5E-02);
#6046 = AXIS2_PLACEMENT_3D('',#6047,#6048,#6049);
#6047 = CARTESIAN_POINT('',(2.316855037885,-2.,-1.125));
#6048 = DIRECTION('',(0.,1.,0.));
#6049 = DIRECTION('',(0.,-0.,1.));
#6050 = ADVANCED_FACE('',(#6051),#6068,.T.);
#6051 = FACE_BOUND('',#6052,.T.);
#6052 = EDGE_LOOP('',(#6053,#6060,#6061));
#6053 = ORIENTED_EDGE('',*,*,#6054,.F.);
#6054 = EDGE_CURVE('',#5942,#5903,#6055,.T.);
#6055 = CIRCLE('',#6056,7.5E-02);
#6056 = AXIS2_PLACEMENT_3D('',#6057,#6058,#6059);
#6057 = CARTESIAN_POINT('',(2.316855037885,1.816855037885,-1.125));
#6058 = DIRECTION('',(0.103962051184,0.103962051184,0.989132844378));
#6059 = DIRECTION('',(-0.994521895368,6.071532165919E-17,0.104528463268)
  );
#6060 = ORIENTED_EDGE('',*,*,#6030,.T.);
#6061 = ORIENTED_EDGE('',*,*,#6062,.F.);
#6062 = EDGE_CURVE('',#5903,#5993,#6063,.T.);
#6063 = CIRCLE('',#6064,7.5E-02);
#6064 = AXIS2_PLACEMENT_3D('',#6065,#6066,#6067);
#6065 = CARTESIAN_POINT('',(2.316855037885,1.816855037885,-1.125));
#6066 = DIRECTION('',(-1.,5.81426272616E-15,0.));
#6067 = DIRECTION('',(5.81426272616E-15,1.,0.));
#6068 = SPHERICAL_SURFACE('',#6069,7.5E-02);
#6069 = AXIS2_PLACEMENT_3D('',#6070,#6071,#6072);
#6070 = CARTESIAN_POINT('',(2.316855037885,1.816855037885,-1.125));
#6071 = DIRECTION('',(0.,1.,0.));
#6072 = DIRECTION('',(1.,0.,0.));
#6073 = ADVANCED_FACE('',(#6074),#6091,.T.);
#6074 = FACE_BOUND('',#6075,.T.);
#6075 = EDGE_LOOP('',(#6076,#6083,#6084));
#6076 = ORIENTED_EDGE('',*,*,#6077,.F.);
#6077 = EDGE_CURVE('',#6001,#5813,#6078,.T.);
#6078 = CIRCLE('',#6079,7.5E-02);
#6079 = AXIS2_PLACEMENT_3D('',#6080,#6081,#6082);
#6080 = CARTESIAN_POINT('',(2.316855037885,-1.816855037885,-1.125));
#6081 = DIRECTION('',(-1.,6.077559477999E-16,-5.782411586589E-15));
#6082 = DIRECTION('',(5.782411586589E-15,-7.006492321624E-46,-1.));
#6083 = ORIENTED_EDGE('',*,*,#6038,.T.);
#6084 = ORIENTED_EDGE('',*,*,#6085,.F.);
#6085 = EDGE_CURVE('',#5813,#5969,#6086,.T.);
#6086 = CIRCLE('',#6087,7.5E-02);
#6087 = AXIS2_PLACEMENT_3D('',#6088,#6089,#6090);
#6088 = CARTESIAN_POINT('',(2.316855037885,-1.816855037885,-1.125));
#6089 = DIRECTION('',(0.103962051184,-0.103962051184,0.989132844378));
#6090 = DIRECTION('',(6.245004513517E-17,0.994521895368,0.104528463268)
  );
#6091 = SPHERICAL_SURFACE('',#6092,7.5E-02);
#6092 = AXIS2_PLACEMENT_3D('',#6093,#6094,#6095);
#6093 = CARTESIAN_POINT('',(2.316855037885,-1.816855037885,-1.125));
#6094 = DIRECTION('',(0.,1.,0.));
#6095 = DIRECTION('',(1.,0.,0.));
#6096 = ADVANCED_FACE('',(#6097),#6109,.T.);
#6097 = FACE_BOUND('',#6098,.T.);
#6098 = EDGE_LOOP('',(#6099,#6100,#6101,#6108));
#6099 = ORIENTED_EDGE('',*,*,#6062,.T.);
#6100 = ORIENTED_EDGE('',*,*,#5990,.F.);
#6101 = ORIENTED_EDGE('',*,*,#6102,.F.);
#6102 = EDGE_CURVE('',#5911,#5991,#6103,.T.);
#6103 = CIRCLE('',#6104,7.5E-02);
#6104 = AXIS2_PLACEMENT_3D('',#6105,#6106,#6107);
#6105 = CARTESIAN_POINT('',(-2.316855037885,1.816855037885,-1.125));
#6106 = DIRECTION('',(-1.,6.077559477999E-16,5.782411586589E-15));
#6107 = DIRECTION('',(5.782411586589E-15,-7.006492321624E-46,1.));
#6108 = ORIENTED_EDGE('',*,*,#5910,.F.);
#6109 = CYLINDRICAL_SURFACE('',#6110,7.5E-02);
#6110 = AXIS2_PLACEMENT_3D('',#6111,#6112,#6113);
#6111 = CARTESIAN_POINT('',(2.5,1.816855037885,-1.125));
#6112 = DIRECTION('',(-1.,0.,0.));
#6113 = DIRECTION('',(0.,0.,1.));
#6114 = ADVANCED_FACE('',(#6115),#6127,.T.);
#6115 = FACE_BOUND('',#6116,.T.);
#6116 = EDGE_LOOP('',(#6117,#6118,#6119,#6126));
#6117 = ORIENTED_EDGE('',*,*,#6054,.T.);
#6118 = ORIENTED_EDGE('',*,*,#5902,.F.);
#6119 = ORIENTED_EDGE('',*,*,#6120,.F.);
#6120 = EDGE_CURVE('',#5944,#5894,#6121,.T.);
#6121 = ( BOUNDED_CURVE() B_SPLINE_CURVE(3,(#6122,#6123,#6124,#6125),
.UNSPECIFIED.,.F.,.F.) B_SPLINE_CURVE_WITH_KNOTS((4,4),(5.503250352304,
7.063120262055),.PIECEWISE_BEZIER_KNOTS.) CURVE() 
GEOMETRIC_REPRESENTATION_ITEM() RATIONAL_B_SPLINE_CURVE((1.,
0.807306187604,0.807306187604,1.)) REPRESENTATION_ITEM('') );
#6122 = CARTESIAN_POINT('',(2.499998880754,1.925409738601,
    -0.100010648919));
#6123 = CARTESIAN_POINT('',(2.499760935694,1.968963392252,
    -0.102274544931));
#6124 = CARTESIAN_POINT('',(2.468963392252,1.999760935694,
    -0.102274544931));
#6125 = CARTESIAN_POINT('',(2.425409738601,1.999998880754,
    -0.100010648919));
#6126 = ORIENTED_EDGE('',*,*,#5941,.F.);
#6127 = CYLINDRICAL_SURFACE('',#6128,7.5E-02);
#6128 = AXIS2_PLACEMENT_3D('',#6129,#6130,#6131);
#6129 = CARTESIAN_POINT('',(2.382984593012,1.882984593012,
    -0.495819311331));
#6130 = DIRECTION('',(0.103962051184,0.103962051184,0.989132844378));
#6131 = DIRECTION('',(0.994521895368,3.989863994747E-17,-0.104528463268)
  );
#6132 = ADVANCED_FACE('',(#6133),#6145,.T.);
#6133 = FACE_BOUND('',#6134,.T.);
#6134 = EDGE_LOOP('',(#6135,#6136,#6137,#6144));
#6135 = ORIENTED_EDGE('',*,*,#6085,.T.);
#6136 = ORIENTED_EDGE('',*,*,#5968,.F.);
#6137 = ORIENTED_EDGE('',*,*,#6138,.F.);
#6138 = EDGE_CURVE('',#5821,#5960,#6139,.T.);
#6139 = ( BOUNDED_CURVE() B_SPLINE_CURVE(3,(#6140,#6141,#6142,#6143),
.UNSPECIFIED.,.F.,.F.) B_SPLINE_CURVE_WITH_KNOTS((4,4),(5.503250352304,
7.063120262055),.PIECEWISE_BEZIER_KNOTS.) CURVE() 
GEOMETRIC_REPRESENTATION_ITEM() RATIONAL_B_SPLINE_CURVE((1.,
0.807306187604,0.807306187604,1.)) REPRESENTATION_ITEM('') );
#6140 = CARTESIAN_POINT('',(2.425409738601,-1.999998880754,
    -0.100010648919));
#6141 = CARTESIAN_POINT('',(2.468963392252,-1.999760935694,
    -0.102274544931));
#6142 = CARTESIAN_POINT('',(2.499760935694,-1.968963392252,
    -0.102274544931));
#6143 = CARTESIAN_POINT('',(2.499998880754,-1.925409738601,
    -0.100010648919));
#6144 = ORIENTED_EDGE('',*,*,#5820,.F.);
#6145 = CYLINDRICAL_SURFACE('',#6146,7.5E-02);
#6146 = AXIS2_PLACEMENT_3D('',#6147,#6148,#6149);
#6147 = CARTESIAN_POINT('',(2.372176484925,-1.872176484925,
    -0.598651590727));
#6148 = DIRECTION('',(0.103962051184,-0.103962051184,0.989132844378));
#6149 = DIRECTION('',(0.994521895368,-3.989863994747E-17,-0.104528463268
    ));
#6150 = ADVANCED_FACE('',(#6151),#6163,.T.);
#6151 = FACE_BOUND('',#6152,.T.);
#6152 = EDGE_LOOP('',(#6153,#6154,#6155,#6162));
#6153 = ORIENTED_EDGE('',*,*,#6077,.T.);
#6154 = ORIENTED_EDGE('',*,*,#5812,.F.);
#6155 = ORIENTED_EDGE('',*,*,#6156,.F.);
#6156 = EDGE_CURVE('',#6009,#5805,#6157,.T.);
#6157 = CIRCLE('',#6158,7.5E-02);
#6158 = AXIS2_PLACEMENT_3D('',#6159,#6160,#6161);
#6159 = CARTESIAN_POINT('',(-2.316855037885,-1.816855037885,-1.125));
#6160 = DIRECTION('',(-1.,5.81426272616E-15,0.));
#6161 = DIRECTION('',(-5.81426272616E-15,-1.,0.));
#6162 = ORIENTED_EDGE('',*,*,#6008,.F.);
#6163 = CYLINDRICAL_SURFACE('',#6164,7.5E-02);
#6164 = AXIS2_PLACEMENT_3D('',#6165,#6166,#6167);
#6165 = CARTESIAN_POINT('',(-2.5,-1.816855037885,-1.125));
#6166 = DIRECTION('',(1.,0.,0.));
#6167 = DIRECTION('',(0.,0.,-1.));
#6168 = ADVANCED_FACE('',(#6169),#6187,.T.);
#6169 = FACE_BOUND('',#6170,.T.);
#6170 = EDGE_LOOP('',(#6171,#6178,#6179,#6186));
#6171 = ORIENTED_EDGE('',*,*,#6172,.F.);
#6172 = EDGE_CURVE('',#5991,#5854,#6173,.T.);
#6173 = CIRCLE('',#6174,7.5E-02);
#6174 = AXIS2_PLACEMENT_3D('',#6175,#6176,#6177);
#6175 = CARTESIAN_POINT('',(-2.316855037885,1.816855037885,-1.125));
#6176 = DIRECTION('',(0.,1.,0.));
#6177 = DIRECTION('',(0.,-0.,1.));
#6178 = ORIENTED_EDGE('',*,*,#6016,.F.);
#6179 = ORIENTED_EDGE('',*,*,#6180,.F.);
#6180 = EDGE_CURVE('',#5862,#6009,#6181,.T.);
#6181 = CIRCLE('',#6182,7.5E-02);
#6182 = AXIS2_PLACEMENT_3D('',#6183,#6184,#6185);
#6183 = CARTESIAN_POINT('',(-2.316855037885,-1.816855037885,-1.125));
#6184 = DIRECTION('',(0.,-1.,0.));
#6185 = DIRECTION('',(0.,0.,-1.));
#6186 = ORIENTED_EDGE('',*,*,#5861,.F.);
#6187 = CYLINDRICAL_SURFACE('',#6188,7.5E-02);
#6188 = AXIS2_PLACEMENT_3D('',#6189,#6190,#6191);
#6189 = CARTESIAN_POINT('',(-2.316855037885,2.,-1.125));
#6190 = DIRECTION('',(0.,-1.,0.));
#6191 = DIRECTION('',(0.,0.,-1.));
#6192 = ADVANCED_FACE('',(#6193),#6204,.T.);
#6193 = FACE_BOUND('',#6194,.T.);
#6194 = EDGE_LOOP('',(#6195,#6196,#6197));
#6195 = ORIENTED_EDGE('',*,*,#6102,.T.);
#6196 = ORIENTED_EDGE('',*,*,#6172,.T.);
#6197 = ORIENTED_EDGE('',*,*,#6198,.F.);
#6198 = EDGE_CURVE('',#5911,#5854,#6199,.T.);
#6199 = CIRCLE('',#6200,7.5E-02);
#6200 = AXIS2_PLACEMENT_3D('',#6201,#6202,#6203);
#6201 = CARTESIAN_POINT('',(-2.316855037885,1.816855037885,-1.125));
#6202 = DIRECTION('',(-0.103962051184,0.103962051184,0.989132844378));
#6203 = DIRECTION('',(6.245004513517E-17,0.994521895368,-0.104528463268)
  );
#6204 = SPHERICAL_SURFACE('',#6205,7.5E-02);
#6205 = AXIS2_PLACEMENT_3D('',#6206,#6207,#6208);
#6206 = CARTESIAN_POINT('',(-2.316855037885,1.816855037885,-1.125));
#6207 = DIRECTION('',(0.,1.,0.));
#6208 = DIRECTION('',(1.,0.,0.));
#6209 = ADVANCED_FACE('',(#6210),#6226,.T.);
#6210 = FACE_BOUND('',#6211,.T.);
#6211 = EDGE_LOOP('',(#6212,#6213,#6214,#6221,#6222,#6223,#6224,#6225));
#6212 = ORIENTED_EDGE('',*,*,#5438,.F.);
#6213 = ORIENTED_EDGE('',*,*,#5680,.F.);
#6214 = ORIENTED_EDGE('',*,*,#6215,.F.);
#6215 = EDGE_CURVE('',#5599,#5673,#6216,.T.);
#6216 = ( BOUNDED_CURVE() B_SPLINE_CURVE(3,(#6217,#6218,#6219,#6220),
.UNSPECIFIED.,.F.,.F.) B_SPLINE_CURVE_WITH_KNOTS((4,4),(5.503250352304,
7.063120262056),.PIECEWISE_BEZIER_KNOTS.) CURVE() 
GEOMETRIC_REPRESENTATION_ITEM() RATIONAL_B_SPLINE_CURVE((1.,
0.807306187604,0.807306187604,1.)) REPRESENTATION_ITEM('') );
#6217 = CARTESIAN_POINT('',(2.499998880754,1.925409738601,0.100010648919
    ));
#6218 = CARTESIAN_POINT('',(2.499760935694,1.968963392252,0.102274544931
    ));
#6219 = CARTESIAN_POINT('',(2.468963392252,1.999760935694,0.102274544931
    ));
#6220 = CARTESIAN_POINT('',(2.425409738601,1.999998880754,0.100010648919
    ));
#6221 = ORIENTED_EDGE('',*,*,#5598,.F.);
#6222 = ORIENTED_EDGE('',*,*,#5398,.F.);
#6223 = ORIENTED_EDGE('',*,*,#5951,.F.);
#6224 = ORIENTED_EDGE('',*,*,#6120,.T.);
#6225 = ORIENTED_EDGE('',*,*,#5893,.F.);
#6226 = CYLINDRICAL_SURFACE('',#6227,7.5E-02);
#6227 = AXIS2_PLACEMENT_3D('',#6228,#6229,#6230);
#6228 = CARTESIAN_POINT('',(2.425,1.925,0.1));
#6229 = DIRECTION('',(0.,0.,-1.));
#6230 = DIRECTION('',(-1.,0.,0.));
#6231 = ADVANCED_FACE('',(#6232),#6248,.T.);
#6232 = FACE_BOUND('',#6233,.T.);
#6233 = EDGE_LOOP('',(#6234,#6235,#6236,#6243,#6244,#6245,#6246,#6247));
#6234 = ORIENTED_EDGE('',*,*,#5414,.F.);
#6235 = ORIENTED_EDGE('',*,*,#5631,.F.);
#6236 = ORIENTED_EDGE('',*,*,#6237,.F.);
#6237 = EDGE_CURVE('',#5567,#5624,#6238,.T.);
#6238 = ( BOUNDED_CURVE() B_SPLINE_CURVE(3,(#6239,#6240,#6241,#6242),
.UNSPECIFIED.,.F.,.F.) B_SPLINE_CURVE_WITH_KNOTS((4,4),(5.503250352304,
7.063120262055),.PIECEWISE_BEZIER_KNOTS.) CURVE() 
GEOMETRIC_REPRESENTATION_ITEM() RATIONAL_B_SPLINE_CURVE((1.,
0.807306187604,0.807306187604,1.)) REPRESENTATION_ITEM('') );
#6239 = CARTESIAN_POINT('',(2.425409738601,-1.999998880754,
    0.100010648919));
#6240 = CARTESIAN_POINT('',(2.468963392252,-1.999760935694,
    0.102274544931));
#6241 = CARTESIAN_POINT('',(2.499760935694,-1.968963392252,
    0.102274544931));
#6242 = CARTESIAN_POINT('',(2.499998880754,-1.925409738601,
    0.100010648919));
#6243 = ORIENTED_EDGE('',*,*,#5566,.F.);
#6244 = ORIENTED_EDGE('',*,*,#5534,.F.);
#6245 = ORIENTED_EDGE('',*,*,#5828,.F.);
#6246 = ORIENTED_EDGE('',*,*,#6138,.T.);
#6247 = ORIENTED_EDGE('',*,*,#5959,.F.);
#6248 = CYLINDRICAL_SURFACE('',#6249,7.5E-02);
#6249 = AXIS2_PLACEMENT_3D('',#6250,#6251,#6252);
#6250 = CARTESIAN_POINT('',(2.425,-1.925,0.1));
#6251 = DIRECTION('',(0.,0.,-1.));
#6252 = DIRECTION('',(-1.,0.,0.));
#6253 = ADVANCED_FACE('',(#6254),#6265,.T.);
#6254 = FACE_BOUND('',#6255,.T.);
#6255 = EDGE_LOOP('',(#6256,#6257,#6258));
#6256 = ORIENTED_EDGE('',*,*,#6180,.T.);
#6257 = ORIENTED_EDGE('',*,*,#6156,.T.);
#6258 = ORIENTED_EDGE('',*,*,#6259,.F.);
#6259 = EDGE_CURVE('',#5862,#5805,#6260,.T.);
#6260 = CIRCLE('',#6261,7.5E-02);
#6261 = AXIS2_PLACEMENT_3D('',#6262,#6263,#6264);
#6262 = CARTESIAN_POINT('',(-2.316855037885,-1.816855037885,-1.125));
#6263 = DIRECTION('',(-0.103962051184,-0.103962051184,0.989132844378));
#6264 = DIRECTION('',(-0.994521895368,6.071532165919E-17,-0.104528463268
    ));
#6265 = SPHERICAL_SURFACE('',#6266,7.5E-02);
#6266 = AXIS2_PLACEMENT_3D('',#6267,#6268,#6269);
#6267 = CARTESIAN_POINT('',(-2.316855037885,-1.816855037885,-1.125));
#6268 = DIRECTION('',(0.,1.,0.));
#6269 = DIRECTION('',(1.,0.,0.));
#6270 = ADVANCED_FACE('',(#6271),#6283,.T.);
#6271 = FACE_BOUND('',#6272,.T.);
#6272 = EDGE_LOOP('',(#6273,#6274,#6275,#6282));
#6273 = ORIENTED_EDGE('',*,*,#6198,.T.);
#6274 = ORIENTED_EDGE('',*,*,#5853,.F.);
#6275 = ORIENTED_EDGE('',*,*,#6276,.F.);
#6276 = EDGE_CURVE('',#5919,#5845,#6277,.T.);
#6277 = ( BOUNDED_CURVE() B_SPLINE_CURVE(3,(#6278,#6279,#6280,#6281),
.UNSPECIFIED.,.F.,.F.) B_SPLINE_CURVE_WITH_KNOTS((4,4),(5.503250352304,
7.063120262055),.PIECEWISE_BEZIER_KNOTS.) CURVE() 
GEOMETRIC_REPRESENTATION_ITEM() RATIONAL_B_SPLINE_CURVE((1.,
0.807306187604,0.807306187604,1.)) REPRESENTATION_ITEM('') );
#6278 = CARTESIAN_POINT('',(-2.425409738601,1.999998880754,
    -0.100010648919));
#6279 = CARTESIAN_POINT('',(-2.468963392252,1.999760935694,
    -0.102274544931));
#6280 = CARTESIAN_POINT('',(-2.499760935694,1.968963392252,
    -0.102274544931));
#6281 = CARTESIAN_POINT('',(-2.499998880754,1.925409738601,
    -0.100010648919));
#6282 = ORIENTED_EDGE('',*,*,#5918,.F.);
#6283 = CYLINDRICAL_SURFACE('',#6284,7.5E-02);
#6284 = AXIS2_PLACEMENT_3D('',#6285,#6286,#6287);
#6285 = CARTESIAN_POINT('',(-2.372176484925,1.872176484925,
    -0.598651590727));
#6286 = DIRECTION('',(-0.103962051184,0.103962051184,0.989132844378));
#6287 = DIRECTION('',(0.994521895368,-3.989863994747E-17,0.104528463268)
  );
#6288 = ADVANCED_FACE('',(#6289),#6301,.T.);
#6289 = FACE_BOUND('',#6290,.T.);
#6290 = EDGE_LOOP('',(#6291,#6292,#6293,#6300));
#6291 = ORIENTED_EDGE('',*,*,#6215,.T.);
#6292 = ORIENTED_EDGE('',*,*,#5672,.F.);
#6293 = ORIENTED_EDGE('',*,*,#6294,.F.);
#6294 = EDGE_CURVE('',#5608,#5665,#6295,.T.);
#6295 = CIRCLE('',#6296,7.5E-02);
#6296 = AXIS2_PLACEMENT_3D('',#6297,#6298,#6299);
#6297 = CARTESIAN_POINT('',(2.316855037885,1.816855037885,1.125));
#6298 = DIRECTION('',(-0.103962051184,-0.103962051184,0.989132844378));
#6299 = DIRECTION('',(6.245004513517E-17,-0.994521895368,-0.104528463268
    ));
#6300 = ORIENTED_EDGE('',*,*,#5607,.F.);
#6301 = CYLINDRICAL_SURFACE('',#6302,7.5E-02);
#6302 = AXIS2_PLACEMENT_3D('',#6303,#6304,#6305);
#6303 = CARTESIAN_POINT('',(2.426217025358,1.926217025358,
    8.449019374922E-02));
#6304 = DIRECTION('',(0.103962051184,0.103962051184,-0.989132844378));
#6305 = DIRECTION('',(-0.994521895368,-2.081668171172E-17,
    -0.104528463268));
#6306 = ADVANCED_FACE('',(#6307),#6325,.T.);
#6307 = FACE_BOUND('',#6308,.T.);
#6308 = EDGE_LOOP('',(#6309,#6316,#6317,#6324));
#6309 = ORIENTED_EDGE('',*,*,#6310,.F.);
#6310 = EDGE_CURVE('',#5616,#5773,#6311,.T.);
#6311 = CIRCLE('',#6312,7.5E-02);
#6312 = AXIS2_PLACEMENT_3D('',#6313,#6314,#6315);
#6313 = CARTESIAN_POINT('',(2.316855037885,-1.816855037885,1.125));
#6314 = DIRECTION('',(3.038779738999E-16,-1.,-2.891205793295E-15));
#6315 = DIRECTION('',(0.,2.891205793295E-15,-1.));
#6316 = ORIENTED_EDGE('',*,*,#5615,.F.);
#6317 = ORIENTED_EDGE('',*,*,#6318,.F.);
#6318 = EDGE_CURVE('',#5755,#5608,#6319,.T.);
#6319 = CIRCLE('',#6320,7.5E-02);
#6320 = AXIS2_PLACEMENT_3D('',#6321,#6322,#6323);
#6321 = CARTESIAN_POINT('',(2.316855037885,1.816855037885,1.125));
#6322 = DIRECTION('',(2.90713136308E-15,1.,-0.));
#6323 = DIRECTION('',(-1.,2.90713136308E-15,0.));
#6324 = ORIENTED_EDGE('',*,*,#5780,.F.);
#6325 = CYLINDRICAL_SURFACE('',#6326,7.5E-02);
#6326 = AXIS2_PLACEMENT_3D('',#6327,#6328,#6329);
#6327 = CARTESIAN_POINT('',(2.316855037885,0.,1.125));
#6328 = DIRECTION('',(0.,1.,0.));
#6329 = DIRECTION('',(0.,-0.,1.));
#6330 = ADVANCED_FACE('',(#6331),#6343,.T.);
#6331 = FACE_BOUND('',#6332,.T.);
#6332 = EDGE_LOOP('',(#6333,#6334,#6335,#6342));
#6333 = ORIENTED_EDGE('',*,*,#6237,.T.);
#6334 = ORIENTED_EDGE('',*,*,#5623,.F.);
#6335 = ORIENTED_EDGE('',*,*,#6336,.F.);
#6336 = EDGE_CURVE('',#5576,#5616,#6337,.T.);
#6337 = CIRCLE('',#6338,7.5E-02);
#6338 = AXIS2_PLACEMENT_3D('',#6339,#6340,#6341);
#6339 = CARTESIAN_POINT('',(2.316855037885,-1.816855037885,1.125));
#6340 = DIRECTION('',(-0.103962051184,0.103962051184,0.989132844378));
#6341 = DIRECTION('',(0.994521895368,6.071532165919E-17,0.104528463268)
  );
#6342 = ORIENTED_EDGE('',*,*,#5575,.F.);
#6343 = CYLINDRICAL_SURFACE('',#6344,7.5E-02);
#6344 = AXIS2_PLACEMENT_3D('',#6345,#6346,#6347);
#6345 = CARTESIAN_POINT('',(2.426217025358,-1.926217025358,
    8.449019374922E-02));
#6346 = DIRECTION('',(0.103962051184,-0.103962051184,-0.989132844378));
#6347 = DIRECTION('',(-0.994521895368,2.081668171172E-17,-0.104528463268
    ));
#6348 = ADVANCED_FACE('',(#6349),#6361,.T.);
#6349 = FACE_BOUND('',#6350,.T.);
#6350 = EDGE_LOOP('',(#6351,#6352,#6353,#6360));
#6351 = ORIENTED_EDGE('',*,*,#6259,.T.);
#6352 = ORIENTED_EDGE('',*,*,#5804,.F.);
#6353 = ORIENTED_EDGE('',*,*,#6354,.F.);
#6354 = EDGE_CURVE('',#5870,#5796,#6355,.T.);
#6355 = ( BOUNDED_CURVE() B_SPLINE_CURVE(3,(#6356,#6357,#6358,#6359),
.UNSPECIFIED.,.F.,.F.) B_SPLINE_CURVE_WITH_KNOTS((4,4),(5.503250352304,
7.063120262055),.PIECEWISE_BEZIER_KNOTS.) CURVE() 
GEOMETRIC_REPRESENTATION_ITEM() RATIONAL_B_SPLINE_CURVE((1.,
0.807306187604,0.807306187604,1.)) REPRESENTATION_ITEM('') );
#6356 = CARTESIAN_POINT('',(-2.499998880754,-1.925409738601,
    -0.100010648919));
#6357 = CARTESIAN_POINT('',(-2.499760935694,-1.968963392252,
    -0.102274544931));
#6358 = CARTESIAN_POINT('',(-2.468963392252,-1.999760935694,
    -0.102274544931));
#6359 = CARTESIAN_POINT('',(-2.425409738601,-1.999998880754,
    -0.100010648919));
#6360 = ORIENTED_EDGE('',*,*,#5869,.F.);
#6361 = CYLINDRICAL_SURFACE('',#6362,7.5E-02);
#6362 = AXIS2_PLACEMENT_3D('',#6363,#6364,#6365);
#6363 = CARTESIAN_POINT('',(-2.382984593012,-1.882984593012,
    -0.495819311331));
#6364 = DIRECTION('',(-0.103962051184,-0.103962051184,0.989132844378));
#6365 = DIRECTION('',(0.994521895368,3.989863994747E-17,0.104528463268)
  );
#6366 = ADVANCED_FACE('',(#6367),#6383,.T.);
#6367 = FACE_BOUND('',#6368,.T.);
#6368 = EDGE_LOOP('',(#6369,#6370,#6371,#6378,#6379,#6380,#6381,#6382));
#6369 = ORIENTED_EDGE('',*,*,#5478,.F.);
#6370 = ORIENTED_EDGE('',*,*,#5705,.F.);
#6371 = ORIENTED_EDGE('',*,*,#6372,.F.);
#6372 = EDGE_CURVE('',#5648,#5698,#6373,.T.);
#6373 = ( BOUNDED_CURVE() B_SPLINE_CURVE(3,(#6374,#6375,#6376,#6377),
.UNSPECIFIED.,.F.,.F.) B_SPLINE_CURVE_WITH_KNOTS((4,4),(5.503250352304,
7.063120262055),.PIECEWISE_BEZIER_KNOTS.) CURVE() 
GEOMETRIC_REPRESENTATION_ITEM() RATIONAL_B_SPLINE_CURVE((1.,
0.807306187604,0.807306187604,1.)) REPRESENTATION_ITEM('') );
#6374 = CARTESIAN_POINT('',(-2.425409738601,1.999998880754,
    0.100010648919));
#6375 = CARTESIAN_POINT('',(-2.468963392252,1.999760935694,
    0.102274544931));
#6376 = CARTESIAN_POINT('',(-2.499760935694,1.968963392252,
    0.102274544931));
#6377 = CARTESIAN_POINT('',(-2.499998880754,1.925409738601,
    0.100010648919));
#6378 = ORIENTED_EDGE('',*,*,#5647,.F.);
#6379 = ORIENTED_EDGE('',*,*,#5454,.F.);
#6380 = ORIENTED_EDGE('',*,*,#5926,.F.);
#6381 = ORIENTED_EDGE('',*,*,#6276,.T.);
#6382 = ORIENTED_EDGE('',*,*,#5844,.F.);
#6383 = CYLINDRICAL_SURFACE('',#6384,7.5E-02);
#6384 = AXIS2_PLACEMENT_3D('',#6385,#6386,#6387);
#6385 = CARTESIAN_POINT('',(-2.425,1.925,0.1));
#6386 = DIRECTION('',(0.,0.,-1.));
#6387 = DIRECTION('',(-1.,0.,0.));
#6388 = ADVANCED_FACE('',(#6389),#6400,.T.);
#6389 = FACE_BOUND('',#6390,.T.);
#6390 = EDGE_LOOP('',(#6391,#6392,#6393));
#6391 = ORIENTED_EDGE('',*,*,#6318,.T.);
#6392 = ORIENTED_EDGE('',*,*,#6294,.T.);
#6393 = ORIENTED_EDGE('',*,*,#6394,.F.);
#6394 = EDGE_CURVE('',#5755,#5665,#6395,.T.);
#6395 = CIRCLE('',#6396,7.5E-02);
#6396 = AXIS2_PLACEMENT_3D('',#6397,#6398,#6399);
#6397 = CARTESIAN_POINT('',(2.316855037885,1.816855037885,1.125));
#6398 = DIRECTION('',(-1.,-6.077559477999E-16,5.782411586589E-15));
#6399 = DIRECTION('',(-5.782411586589E-15,-1.401298464325E-45,-1.));
#6400 = SPHERICAL_SURFACE('',#6401,7.5E-02);
#6401 = AXIS2_PLACEMENT_3D('',#6402,#6403,#6404);
#6402 = CARTESIAN_POINT('',(2.316855037885,1.816855037885,1.125));
#6403 = DIRECTION('',(0.,1.,0.));
#6404 = DIRECTION('',(1.,0.,0.));
#6405 = ADVANCED_FACE('',(#6406),#6417,.T.);
#6406 = FACE_BOUND('',#6407,.T.);
#6407 = EDGE_LOOP('',(#6408,#6409,#6410));
#6408 = ORIENTED_EDGE('',*,*,#6336,.T.);
#6409 = ORIENTED_EDGE('',*,*,#6310,.T.);
#6410 = ORIENTED_EDGE('',*,*,#6411,.F.);
#6411 = EDGE_CURVE('',#5576,#5773,#6412,.T.);
#6412 = CIRCLE('',#6413,7.5E-02);
#6413 = AXIS2_PLACEMENT_3D('',#6414,#6415,#6416);
#6414 = CARTESIAN_POINT('',(2.316855037885,-1.816855037885,1.125));
#6415 = DIRECTION('',(-1.,-5.81426272616E-15,0.));
#6416 = DIRECTION('',(-5.81426272616E-15,1.,-2.891205793295E-15));
#6417 = SPHERICAL_SURFACE('',#6418,7.5E-02);
#6418 = AXIS2_PLACEMENT_3D('',#6419,#6420,#6421);
#6419 = CARTESIAN_POINT('',(2.316855037885,-1.816855037885,1.125));
#6420 = DIRECTION('',(0.,1.,0.));
#6421 = DIRECTION('',(1.,0.,0.));
#6422 = ADVANCED_FACE('',(#6423),#6439,.T.);
#6423 = FACE_BOUND('',#6424,.T.);
#6424 = EDGE_LOOP('',(#6425,#6426,#6427,#6434,#6435,#6436,#6437,#6438));
#6425 = ORIENTED_EDGE('',*,*,#5518,.F.);
#6426 = ORIENTED_EDGE('',*,*,#5558,.F.);
#6427 = ORIENTED_EDGE('',*,*,#6428,.F.);
#6428 = EDGE_CURVE('',#5714,#5551,#6429,.T.);
#6429 = ( BOUNDED_CURVE() B_SPLINE_CURVE(3,(#6430,#6431,#6432,#6433),
.UNSPECIFIED.,.F.,.F.) B_SPLINE_CURVE_WITH_KNOTS((4,4),(5.503250352304,
7.063120262055),.PIECEWISE_BEZIER_KNOTS.) CURVE() 
GEOMETRIC_REPRESENTATION_ITEM() RATIONAL_B_SPLINE_CURVE((1.,
0.807306187604,0.807306187604,1.)) REPRESENTATION_ITEM('') );
#6430 = CARTESIAN_POINT('',(-2.499998880754,-1.925409738601,
    0.100010648919));
#6431 = CARTESIAN_POINT('',(-2.499760935694,-1.968963392252,
    0.102274544931));
#6432 = CARTESIAN_POINT('',(-2.468963392252,-1.999760935694,
    0.102274544931));
#6433 = CARTESIAN_POINT('',(-2.425409738601,-1.999998880754,
    0.100010648919));
#6434 = ORIENTED_EDGE('',*,*,#5713,.F.);
#6435 = ORIENTED_EDGE('',*,*,#5494,.F.);
#6436 = ORIENTED_EDGE('',*,*,#5877,.F.);
#6437 = ORIENTED_EDGE('',*,*,#6354,.T.);
#6438 = ORIENTED_EDGE('',*,*,#5795,.F.);
#6439 = CYLINDRICAL_SURFACE('',#6440,7.5E-02);
#6440 = AXIS2_PLACEMENT_3D('',#6441,#6442,#6443);
#6441 = CARTESIAN_POINT('',(-2.425,-1.925,0.1));
#6442 = DIRECTION('',(0.,0.,-1.));
#6443 = DIRECTION('',(-1.,0.,0.));
#6444 = ADVANCED_FACE('',(#6445),#6457,.T.);
#6445 = FACE_BOUND('',#6446,.T.);
#6446 = EDGE_LOOP('',(#6447,#6448,#6449,#6456));
#6447 = ORIENTED_EDGE('',*,*,#6372,.T.);
#6448 = ORIENTED_EDGE('',*,*,#5695,.F.);
#6449 = ORIENTED_EDGE('',*,*,#6450,.F.);
#6450 = EDGE_CURVE('',#5657,#5696,#6451,.T.);
#6451 = CIRCLE('',#6452,7.5E-02);
#6452 = AXIS2_PLACEMENT_3D('',#6453,#6454,#6455);
#6453 = CARTESIAN_POINT('',(-2.316855037885,1.816855037885,1.125));
#6454 = DIRECTION('',(0.103962051184,-0.103962051184,0.989132844378));
#6455 = DIRECTION('',(0.994521895368,6.071532165919E-17,-0.104528463268)
  );
#6456 = ORIENTED_EDGE('',*,*,#5656,.F.);
#6457 = CYLINDRICAL_SURFACE('',#6458,7.5E-02);
#6458 = AXIS2_PLACEMENT_3D('',#6459,#6460,#6461);
#6459 = CARTESIAN_POINT('',(-2.426217025358,1.926217025358,
    8.449019374922E-02));
#6460 = DIRECTION('',(-0.103962051184,0.103962051184,-0.989132844378));
#6461 = DIRECTION('',(-0.994521895368,2.081668171172E-17,0.104528463268)
  );
#6462 = ADVANCED_FACE('',(#6463),#6475,.T.);
#6463 = FACE_BOUND('',#6464,.T.);
#6464 = EDGE_LOOP('',(#6465,#6466,#6467,#6474));
#6465 = ORIENTED_EDGE('',*,*,#6394,.T.);
#6466 = ORIENTED_EDGE('',*,*,#5664,.F.);
#6467 = ORIENTED_EDGE('',*,*,#6468,.F.);
#6468 = EDGE_CURVE('',#5757,#5657,#6469,.T.);
#6469 = CIRCLE('',#6470,7.5E-02);
#6470 = AXIS2_PLACEMENT_3D('',#6471,#6472,#6473);
#6471 = CARTESIAN_POINT('',(-2.316855037885,1.816855037885,1.125));
#6472 = DIRECTION('',(-1.,-5.81426272616E-15,0.));
#6473 = DIRECTION('',(5.81426272616E-15,-1.,0.));
#6474 = ORIENTED_EDGE('',*,*,#5754,.F.);
#6475 = CYLINDRICAL_SURFACE('',#6476,7.5E-02);
#6476 = AXIS2_PLACEMENT_3D('',#6477,#6478,#6479);
#6477 = CARTESIAN_POINT('',(0.,1.816855037885,1.125));
#6478 = DIRECTION('',(-1.,0.,0.));
#6479 = DIRECTION('',(0.,0.,1.));
#6480 = ADVANCED_FACE('',(#6481),#6493,.T.);
#6481 = FACE_BOUND('',#6482,.T.);
#6482 = EDGE_LOOP('',(#6483,#6484,#6485,#6492));
#6483 = ORIENTED_EDGE('',*,*,#6411,.T.);
#6484 = ORIENTED_EDGE('',*,*,#5772,.F.);
#6485 = ORIENTED_EDGE('',*,*,#6486,.F.);
#6486 = EDGE_CURVE('',#5549,#5765,#6487,.T.);
#6487 = CIRCLE('',#6488,7.5E-02);
#6488 = AXIS2_PLACEMENT_3D('',#6489,#6490,#6491);
#6489 = CARTESIAN_POINT('',(-2.316855037885,-1.816855037885,1.125));
#6490 = DIRECTION('',(-1.,-6.077559477999E-16,-5.782411586589E-15));
#6491 = DIRECTION('',(-5.782411586589E-15,-1.401298464325E-45,1.));
#6492 = ORIENTED_EDGE('',*,*,#5583,.F.);
#6493 = CYLINDRICAL_SURFACE('',#6494,7.5E-02);
#6494 = AXIS2_PLACEMENT_3D('',#6495,#6496,#6497);
#6495 = CARTESIAN_POINT('',(0.,-1.816855037885,1.125));
#6496 = DIRECTION('',(1.,0.,-0.));
#6497 = DIRECTION('',(0.,-0.,-1.));
#6498 = ADVANCED_FACE('',(#6499),#6511,.T.);
#6499 = FACE_BOUND('',#6500,.T.);
#6500 = EDGE_LOOP('',(#6501,#6502,#6503,#6510));
#6501 = ORIENTED_EDGE('',*,*,#6428,.T.);
#6502 = ORIENTED_EDGE('',*,*,#5548,.F.);
#6503 = ORIENTED_EDGE('',*,*,#6504,.F.);
#6504 = EDGE_CURVE('',#5723,#5549,#6505,.T.);
#6505 = CIRCLE('',#6506,7.5E-02);
#6506 = AXIS2_PLACEMENT_3D('',#6507,#6508,#6509);
#6507 = CARTESIAN_POINT('',(-2.316855037885,-1.816855037885,1.125));
#6508 = DIRECTION('',(0.103962051184,0.103962051184,0.989132844378));
#6509 = DIRECTION('',(6.245004513517E-17,-0.994521895368,0.104528463268)
  );
#6510 = ORIENTED_EDGE('',*,*,#5722,.F.);
#6511 = CYLINDRICAL_SURFACE('',#6512,7.5E-02);
#6512 = AXIS2_PLACEMENT_3D('',#6513,#6514,#6515);
#6513 = CARTESIAN_POINT('',(-2.426217025358,-1.926217025358,
    8.449019374922E-02));
#6514 = DIRECTION('',(-0.103962051184,-0.103962051184,-0.989132844378));
#6515 = DIRECTION('',(-0.994521895368,-2.081668171172E-17,0.104528463268
    ));
#6516 = ADVANCED_FACE('',(#6517),#6528,.T.);
#6517 = FACE_BOUND('',#6518,.T.);
#6518 = EDGE_LOOP('',(#6519,#6520,#6521));
#6519 = ORIENTED_EDGE('',*,*,#6468,.T.);
#6520 = ORIENTED_EDGE('',*,*,#6450,.T.);
#6521 = ORIENTED_EDGE('',*,*,#6522,.F.);
#6522 = EDGE_CURVE('',#5757,#5696,#6523,.T.);
#6523 = CIRCLE('',#6524,7.5E-02);
#6524 = AXIS2_PLACEMENT_3D('',#6525,#6526,#6527);
#6525 = CARTESIAN_POINT('',(-2.316855037885,1.816855037885,1.125));
#6526 = DIRECTION('',(3.038779738999E-16,-1.,2.891205793295E-15));
#6527 = DIRECTION('',(0.,2.891205793295E-15,1.));
#6528 = SPHERICAL_SURFACE('',#6529,7.5E-02);
#6529 = AXIS2_PLACEMENT_3D('',#6530,#6531,#6532);
#6530 = CARTESIAN_POINT('',(-2.316855037885,1.816855037885,1.125));
#6531 = DIRECTION('',(0.,1.,0.));
#6532 = DIRECTION('',(1.,0.,0.));
#6533 = ADVANCED_FACE('',(#6534),#6545,.T.);
#6534 = FACE_BOUND('',#6535,.T.);
#6535 = EDGE_LOOP('',(#6536,#6537,#6538));
#6536 = ORIENTED_EDGE('',*,*,#6504,.T.);
#6537 = ORIENTED_EDGE('',*,*,#6486,.T.);
#6538 = ORIENTED_EDGE('',*,*,#6539,.F.);
#6539 = EDGE_CURVE('',#5723,#5765,#6540,.T.);
#6540 = CIRCLE('',#6541,7.5E-02);
#6541 = AXIS2_PLACEMENT_3D('',#6542,#6543,#6544);
#6542 = CARTESIAN_POINT('',(-2.316855037885,-1.816855037885,1.125));
#6543 = DIRECTION('',(2.90713136308E-15,1.,0.));
#6544 = DIRECTION('',(1.,-2.90713136308E-15,0.));
#6545 = SPHERICAL_SURFACE('',#6546,7.5E-02);
#6546 = AXIS2_PLACEMENT_3D('',#6547,#6548,#6549);
#6547 = CARTESIAN_POINT('',(-2.316855037885,-1.816855037885,1.125));
#6548 = DIRECTION('',(0.,1.,0.));
#6549 = DIRECTION('',(1.,0.,0.));
#6550 = ADVANCED_FACE('',(#6551),#6557,.T.);
#6551 = FACE_BOUND('',#6552,.T.);
#6552 = EDGE_LOOP('',(#6553,#6554,#6555,#6556));
#6553 = ORIENTED_EDGE('',*,*,#6522,.T.);
#6554 = ORIENTED_EDGE('',*,*,#5730,.F.);
#6555 = ORIENTED_EDGE('',*,*,#6539,.T.);
#6556 = ORIENTED_EDGE('',*,*,#5764,.F.);
#6557 = CYLINDRICAL_SURFACE('',#6558,7.5E-02);
#6558 = AXIS2_PLACEMENT_3D('',#6559,#6560,#6561);
#6559 = CARTESIAN_POINT('',(-2.316855037885,0.,1.125));
#6560 = DIRECTION('',(0.,-1.,0.));
#6561 = DIRECTION('',(0.,0.,-1.));
#6562 = ADVANCED_FACE('',(#6563),#6575,.T.);
#6563 = FACE_BOUND('',#6564,.T.);
#6564 = EDGE_LOOP('',(#6565,#6566,#6573,#6574));
#6565 = ORIENTED_EDGE('',*,*,#5345,.F.);
#6566 = ORIENTED_EDGE('',*,*,#6567,.T.);
#6567 = EDGE_CURVE('',#5337,#5335,#6568,.T.);
#6568 = CIRCLE('',#6569,3.336797316032E-03);
#6569 = AXIS2_PLACEMENT_3D('',#6570,#6571,#6572);
#6570 = CARTESIAN_POINT('',(-0.8,0.,2.6));
#6571 = DIRECTION('',(0.,-3.097720492816E-16,-1.));
#6572 = DIRECTION('',(0.,1.,-3.097720492816E-16));
#6573 = ORIENTED_EDGE('',*,*,#5363,.T.);
#6574 = ORIENTED_EDGE('',*,*,#5744,.T.);
#6575 = SURFACE_OF_REVOLUTION('',#6576,#6587);
#6576 = B_SPLINE_CURVE_WITH_KNOTS('',5,(#6577,#6578,#6579,#6580,#6581,
    #6582,#6583,#6584,#6585,#6586),.UNSPECIFIED.,.F.,.F.,(6,4,6),(
    4.712388980385,5.464430309472,6.216471638559),.UNSPECIFIED.);
#6577 = CARTESIAN_POINT('',(-0.8,3.336797316032E-03,2.60000371141));
#6578 = CARTESIAN_POINT('',(-0.8,0.228949196042,2.60000371141));
#6579 = CARTESIAN_POINT('',(-0.8,0.454564356016,2.557594296861));
#6580 = CARTESIAN_POINT('',(-0.8,0.669532413791,2.472723648293));
#6581 = CARTESIAN_POINT('',(-0.8,0.863269423197,2.349570369658));
#6582 = CARTESIAN_POINT('',(-0.8,1.192797041099,2.041324742153));
#6583 = CARTESIAN_POINT('',(-0.8,1.32859168265,1.856228620696));
#6584 = CARTESIAN_POINT('',(-0.8,1.427604205745,1.647396599392));
#6585 = CARTESIAN_POINT('',(-0.8,1.484959731645,1.425110516829));
#6586 = CARTESIAN_POINT('',(-0.8,1.5,1.2));
#6587 = AXIS1_PLACEMENT('',#6588,#6589);
#6588 = CARTESIAN_POINT('',(-0.8,-4.64597571569E-16,1.10000371141));
#6589 = DIRECTION('',(-0.,-3.097720492816E-16,-1.));
#6590 = ADVANCED_FACE('',(#6591),#6595,.F.);
#6591 = FACE_BOUND('',#6592,.T.);
#6592 = EDGE_LOOP('',(#6593,#6594));
#6593 = ORIENTED_EDGE('',*,*,#5334,.F.);
#6594 = ORIENTED_EDGE('',*,*,#6567,.F.);
#6595 = PLANE('',#6596);
#6596 = AXIS2_PLACEMENT_3D('',#6597,#6598,#6599);
#6597 = CARTESIAN_POINT('',(-0.8,-1.600974038708E-34,2.6));
#6598 = DIRECTION('',(0.,-3.097720492816E-16,-1.));
#6599 = DIRECTION('',(0.,1.,-3.097720492816E-16));
#6600 = ( GEOMETRIC_REPRESENTATION_CONTEXT(3) 
GLOBAL_UNCERTAINTY_ASSIGNED_CONTEXT((#6604)) 
GLOBAL_UNIT_ASSIGNED_CONTEXT((#6601,#6602,#6603)) REPRESENTATION_CONTEXT
('Context #1','3D Context with UNIT and UNCERTAINTY') );
#6601 = ( LENGTH_UNIT() NAMED_UNIT(*) SI_UNIT(.MILLI.,.METRE.) );
#6602 = ( NAMED_UNIT(*) PLANE_ANGLE_UNIT() SI_UNIT($,.RADIAN.) );
#6603 = ( NAMED_UNIT(*) SI_UNIT($,.STERADIAN.) SOLID_ANGLE_UNIT() );
#6604 = UNCERTAINTY_MEASURE_WITH_UNIT(LENGTH_MEASURE(5.E-07),#6601,
  'distance_accuracy_value','confusion accuracy');
#6605 = CONTEXT_DEPENDENT_SHAPE_REPRESENTATION(#6606,#6608);
#6606 = ( REPRESENTATION_RELATIONSHIP('','',#3639,#10) 
REPRESENTATION_RELATIONSHIP_WITH_TRANSFORMATION(#6607) 
SHAPE_REPRESENTATION_RELATIONSHIP() );
#6607 = ITEM_DEFINED_TRANSFORMATION('','',#11,#23);
#6608 = PRODUCT_DEFINITION_SHAPE('Placement','Placement of an item',
  #6609);
#6609 = NEXT_ASSEMBLY_USAGE_OCCURRENCE('3','U1','',#5,#3634,$);
#6610 = PRODUCT_RELATED_PRODUCT_CATEGORY('part',$,(#3636));
#6611 = SHAPE_DEFINITION_REPRESENTATION(#6612,#6618);
#6612 = PRODUCT_DEFINITION_SHAPE('','',#6613);
#6613 = PRODUCT_DEFINITION('design','',#6614,#6617);
#6614 = PRODUCT_DEFINITION_FORMATION('','',#6615);
#6615 = PRODUCT('C_0603_1608Metric','C_0603_1608Metric','',(#6616));
#6616 = PRODUCT_CONTEXT('',#2,'mechanical');
#6617 = PRODUCT_DEFINITION_CONTEXT('part definition',#2,'design');
#6618 = ADVANCED_BREP_SHAPE_REPRESENTATION('',(#11,#6619),#7473);
#6619 = MANIFOLD_SOLID_BREP('',#6620);
#6620 = CLOSED_SHELL('',(#6621,#6697,#6728,#6753,#6778,#6802,#6826,#6851
    ,#6876,#6893,#6979,#7011,#7035,#7060,#7084,#7109,#7133,#7158,#7175,
    #7261,#7292,#7317,#7342,#7366,#7390,#7415,#7440,#7457));
#6621 = ADVANCED_FACE('',(#6622),#6692,.F.);
#6622 = FACE_BOUND('',#6623,.F.);
#6623 = EDGE_LOOP('',(#6624,#6634,#6643,#6651,#6660,#6668,#6677,#6685));
#6624 = ORIENTED_EDGE('',*,*,#6625,.F.);
#6625 = EDGE_CURVE('',#6626,#6628,#6630,.T.);
#6626 = VERTEX_POINT('',#6627);
#6627 = CARTESIAN_POINT('',(-0.8,-0.4,3.E-02));
#6628 = VERTEX_POINT('',#6629);
#6629 = CARTESIAN_POINT('',(-0.8,-0.4,0.77));
#6630 = LINE('',#6631,#6632);
#6631 = CARTESIAN_POINT('',(-0.8,-0.4,0.));
#6632 = VECTOR('',#6633,1.);
#6633 = DIRECTION('',(0.,0.,1.));
#6634 = ORIENTED_EDGE('',*,*,#6635,.T.);
#6635 = EDGE_CURVE('',#6626,#6636,#6638,.T.);
#6636 = VERTEX_POINT('',#6637);
#6637 = CARTESIAN_POINT('',(-0.8,-0.37,0.));
#6638 = CIRCLE('',#6639,3.E-02);
#6639 = AXIS2_PLACEMENT_3D('',#6640,#6641,#6642);
#6640 = CARTESIAN_POINT('',(-0.8,-0.37,3.E-02));
#6641 = DIRECTION('',(1.,0.,-0.));
#6642 = DIRECTION('',(0.,0.,1.));
#6643 = ORIENTED_EDGE('',*,*,#6644,.T.);
#6644 = EDGE_CURVE('',#6636,#6645,#6647,.T.);
#6645 = VERTEX_POINT('',#6646);
#6646 = CARTESIAN_POINT('',(-0.8,0.37,0.));
#6647 = LINE('',#6648,#6649);
#6648 = CARTESIAN_POINT('',(-0.8,-0.4,0.));
#6649 = VECTOR('',#6650,1.);
#6650 = DIRECTION('',(0.,1.,0.));
#6651 = ORIENTED_EDGE('',*,*,#6652,.F.);
#6652 = EDGE_CURVE('',#6653,#6645,#6655,.T.);
#6653 = VERTEX_POINT('',#6654);
#6654 = CARTESIAN_POINT('',(-0.8,0.4,3.E-02));
#6655 = CIRCLE('',#6656,3.E-02);
#6656 = AXIS2_PLACEMENT_3D('',#6657,#6658,#6659);
#6657 = CARTESIAN_POINT('',(-0.8,0.37,3.E-02));
#6658 = DIRECTION('',(-1.,0.,0.));
#6659 = DIRECTION('',(0.,0.,1.));
#6660 = ORIENTED_EDGE('',*,*,#6661,.T.);
#6661 = EDGE_CURVE('',#6653,#6662,#6664,.T.);
#6662 = VERTEX_POINT('',#6663);
#6663 = CARTESIAN_POINT('',(-0.8,0.4,0.77));
#6664 = LINE('',#6665,#6666);
#6665 = CARTESIAN_POINT('',(-0.8,0.4,0.));
#6666 = VECTOR('',#6667,1.);
#6667 = DIRECTION('',(0.,0.,1.));
#6668 = ORIENTED_EDGE('',*,*,#6669,.T.);
#6669 = EDGE_CURVE('',#6662,#6670,#6672,.T.);
#6670 = VERTEX_POINT('',#6671);
#6671 = CARTESIAN_POINT('',(-0.8,0.37,0.8));
#6672 = CIRCLE('',#6673,3.E-02);
#6673 = AXIS2_PLACEMENT_3D('',#6674,#6675,#6676);
#6674 = CARTESIAN_POINT('',(-0.8,0.37,0.77));
#6675 = DIRECTION('',(1.,0.,-0.));
#6676 = DIRECTION('',(0.,0.,1.));
#6677 = ORIENTED_EDGE('',*,*,#6678,.F.);
#6678 = EDGE_CURVE('',#6679,#6670,#6681,.T.);
#6679 = VERTEX_POINT('',#6680);
#6680 = CARTESIAN_POINT('',(-0.8,-0.37,0.8));
#6681 = LINE('',#6682,#6683);
#6682 = CARTESIAN_POINT('',(-0.8,-0.4,0.8));
#6683 = VECTOR('',#6684,1.);
#6684 = DIRECTION('',(0.,1.,0.));
#6685 = ORIENTED_EDGE('',*,*,#6686,.F.);
#6686 = EDGE_CURVE('',#6628,#6679,#6687,.T.);
#6687 = CIRCLE('',#6688,3.E-02);
#6688 = AXIS2_PLACEMENT_3D('',#6689,#6690,#6691);
#6689 = CARTESIAN_POINT('',(-0.8,-0.37,0.77));
#6690 = DIRECTION('',(-1.,0.,0.));
#6691 = DIRECTION('',(0.,0.,1.));
#6692 = PLANE('',#6693);
#6693 = AXIS2_PLACEMENT_3D('',#6694,#6695,#6696);
#6694 = CARTESIAN_POINT('',(-0.8,-0.4,0.));
#6695 = DIRECTION('',(1.,0.,0.));
#6696 = DIRECTION('',(0.,0.,1.));
#6697 = ADVANCED_FACE('',(#6698),#6723,.F.);
#6698 = FACE_BOUND('',#6699,.F.);
#6699 = EDGE_LOOP('',(#6700,#6710,#6716,#6717));
#6700 = ORIENTED_EDGE('',*,*,#6701,.F.);
#6701 = EDGE_CURVE('',#6702,#6704,#6706,.T.);
#6702 = VERTEX_POINT('',#6703);
#6703 = CARTESIAN_POINT('',(-0.5,-0.4,3.E-02));
#6704 = VERTEX_POINT('',#6705);
#6705 = CARTESIAN_POINT('',(-0.5,-0.4,0.77));
#6706 = LINE('',#6707,#6708);
#6707 = CARTESIAN_POINT('',(-0.5,-0.4,0.));
#6708 = VECTOR('',#6709,1.);
#6709 = DIRECTION('',(0.,0.,1.));
#6710 = ORIENTED_EDGE('',*,*,#6711,.F.);
#6711 = EDGE_CURVE('',#6626,#6702,#6712,.T.);
#6712 = LINE('',#6713,#6714);
#6713 = CARTESIAN_POINT('',(-0.8,-0.4,3.E-02));
#6714 = VECTOR('',#6715,1.);
#6715 = DIRECTION('',(1.,0.,0.));
#6716 = ORIENTED_EDGE('',*,*,#6625,.T.);
#6717 = ORIENTED_EDGE('',*,*,#6718,.T.);
#6718 = EDGE_CURVE('',#6628,#6704,#6719,.T.);
#6719 = LINE('',#6720,#6721);
#6720 = CARTESIAN_POINT('',(-0.8,-0.4,0.77));
#6721 = VECTOR('',#6722,1.);
#6722 = DIRECTION('',(1.,0.,0.));
#6723 = PLANE('',#6724);
#6724 = AXIS2_PLACEMENT_3D('',#6725,#6726,#6727);
#6725 = CARTESIAN_POINT('',(-0.8,-0.4,0.));
#6726 = DIRECTION('',(0.,1.,0.));
#6727 = DIRECTION('',(0.,-0.,1.));
#6728 = ADVANCED_FACE('',(#6729),#6748,.T.);
#6729 = FACE_BOUND('',#6730,.T.);
#6730 = EDGE_LOOP('',(#6731,#6732,#6740,#6747));
#6731 = ORIENTED_EDGE('',*,*,#6635,.T.);
#6732 = ORIENTED_EDGE('',*,*,#6733,.T.);
#6733 = EDGE_CURVE('',#6636,#6734,#6736,.T.);
#6734 = VERTEX_POINT('',#6735);
#6735 = CARTESIAN_POINT('',(-0.5,-0.37,0.));
#6736 = LINE('',#6737,#6738);
#6737 = CARTESIAN_POINT('',(-0.8,-0.37,0.));
#6738 = VECTOR('',#6739,1.);
#6739 = DIRECTION('',(1.,0.,0.));
#6740 = ORIENTED_EDGE('',*,*,#6741,.F.);
#6741 = EDGE_CURVE('',#6702,#6734,#6742,.T.);
#6742 = CIRCLE('',#6743,3.E-02);
#6743 = AXIS2_PLACEMENT_3D('',#6744,#6745,#6746);
#6744 = CARTESIAN_POINT('',(-0.5,-0.37,3.E-02));
#6745 = DIRECTION('',(1.,0.,-0.));
#6746 = DIRECTION('',(0.,0.,1.));
#6747 = ORIENTED_EDGE('',*,*,#6711,.F.);
#6748 = CYLINDRICAL_SURFACE('',#6749,3.E-02);
#6749 = AXIS2_PLACEMENT_3D('',#6750,#6751,#6752);
#6750 = CARTESIAN_POINT('',(-0.8,-0.37,3.E-02));
#6751 = DIRECTION('',(1.,0.,0.));
#6752 = DIRECTION('',(0.,-1.,0.));
#6753 = ADVANCED_FACE('',(#6754),#6773,.T.);
#6754 = FACE_BOUND('',#6755,.T.);
#6755 = EDGE_LOOP('',(#6756,#6757,#6766,#6772));
#6756 = ORIENTED_EDGE('',*,*,#6718,.T.);
#6757 = ORIENTED_EDGE('',*,*,#6758,.T.);
#6758 = EDGE_CURVE('',#6704,#6759,#6761,.T.);
#6759 = VERTEX_POINT('',#6760);
#6760 = CARTESIAN_POINT('',(-0.5,-0.37,0.8));
#6761 = CIRCLE('',#6762,3.E-02);
#6762 = AXIS2_PLACEMENT_3D('',#6763,#6764,#6765);
#6763 = CARTESIAN_POINT('',(-0.5,-0.37,0.77));
#6764 = DIRECTION('',(-1.,0.,0.));
#6765 = DIRECTION('',(0.,0.,1.));
#6766 = ORIENTED_EDGE('',*,*,#6767,.F.);
#6767 = EDGE_CURVE('',#6679,#6759,#6768,.T.);
#6768 = LINE('',#6769,#6770);
#6769 = CARTESIAN_POINT('',(-0.8,-0.37,0.8));
#6770 = VECTOR('',#6771,1.);
#6771 = DIRECTION('',(1.,0.,0.));
#6772 = ORIENTED_EDGE('',*,*,#6686,.F.);
#6773 = CYLINDRICAL_SURFACE('',#6774,3.E-02);
#6774 = AXIS2_PLACEMENT_3D('',#6775,#6776,#6777);
#6775 = CARTESIAN_POINT('',(-0.8,-0.37,0.77));
#6776 = DIRECTION('',(1.,0.,0.));
#6777 = DIRECTION('',(0.,-1.,0.));
#6778 = ADVANCED_FACE('',(#6779),#6797,.F.);
#6779 = FACE_BOUND('',#6780,.F.);
#6780 = EDGE_LOOP('',(#6781,#6782,#6783,#6791));
#6781 = ORIENTED_EDGE('',*,*,#6644,.F.);
#6782 = ORIENTED_EDGE('',*,*,#6733,.T.);
#6783 = ORIENTED_EDGE('',*,*,#6784,.T.);
#6784 = EDGE_CURVE('',#6734,#6785,#6787,.T.);
#6785 = VERTEX_POINT('',#6786);
#6786 = CARTESIAN_POINT('',(-0.5,0.37,0.));
#6787 = LINE('',#6788,#6789);
#6788 = CARTESIAN_POINT('',(-0.5,-0.4,0.));
#6789 = VECTOR('',#6790,1.);
#6790 = DIRECTION('',(0.,1.,0.));
#6791 = ORIENTED_EDGE('',*,*,#6792,.F.);
#6792 = EDGE_CURVE('',#6645,#6785,#6793,.T.);
#6793 = LINE('',#6794,#6795);
#6794 = CARTESIAN_POINT('',(-0.8,0.37,0.));
#6795 = VECTOR('',#6796,1.);
#6796 = DIRECTION('',(1.,0.,0.));
#6797 = PLANE('',#6798);
#6798 = AXIS2_PLACEMENT_3D('',#6799,#6800,#6801);
#6799 = CARTESIAN_POINT('',(-0.8,-0.4,0.));
#6800 = DIRECTION('',(0.,0.,1.));
#6801 = DIRECTION('',(1.,0.,-0.));
#6802 = ADVANCED_FACE('',(#6803),#6821,.T.);
#6803 = FACE_BOUND('',#6804,.T.);
#6804 = EDGE_LOOP('',(#6805,#6806,#6807,#6815));
#6805 = ORIENTED_EDGE('',*,*,#6678,.F.);
#6806 = ORIENTED_EDGE('',*,*,#6767,.T.);
#6807 = ORIENTED_EDGE('',*,*,#6808,.T.);
#6808 = EDGE_CURVE('',#6759,#6809,#6811,.T.);
#6809 = VERTEX_POINT('',#6810);
#6810 = CARTESIAN_POINT('',(-0.5,0.37,0.8));
#6811 = LINE('',#6812,#6813);
#6812 = CARTESIAN_POINT('',(-0.5,-0.4,0.8));
#6813 = VECTOR('',#6814,1.);
#6814 = DIRECTION('',(0.,1.,0.));
#6815 = ORIENTED_EDGE('',*,*,#6816,.F.);
#6816 = EDGE_CURVE('',#6670,#6809,#6817,.T.);
#6817 = LINE('',#6818,#6819);
#6818 = CARTESIAN_POINT('',(-0.8,0.37,0.8));
#6819 = VECTOR('',#6820,1.);
#6820 = DIRECTION('',(1.,0.,0.));
#6821 = PLANE('',#6822);
#6822 = AXIS2_PLACEMENT_3D('',#6823,#6824,#6825);
#6823 = CARTESIAN_POINT('',(-0.8,-0.4,0.8));
#6824 = DIRECTION('',(0.,0.,1.));
#6825 = DIRECTION('',(1.,0.,-0.));
#6826 = ADVANCED_FACE('',(#6827),#6846,.T.);
#6827 = FACE_BOUND('',#6828,.T.);
#6828 = EDGE_LOOP('',(#6829,#6837,#6844,#6845));
#6829 = ORIENTED_EDGE('',*,*,#6830,.T.);
#6830 = EDGE_CURVE('',#6653,#6831,#6833,.T.);
#6831 = VERTEX_POINT('',#6832);
#6832 = CARTESIAN_POINT('',(-0.5,0.4,3.E-02));
#6833 = LINE('',#6834,#6835);
#6834 = CARTESIAN_POINT('',(-0.8,0.4,3.E-02));
#6835 = VECTOR('',#6836,1.);
#6836 = DIRECTION('',(1.,0.,0.));
#6837 = ORIENTED_EDGE('',*,*,#6838,.T.);
#6838 = EDGE_CURVE('',#6831,#6785,#6839,.T.);
#6839 = CIRCLE('',#6840,3.E-02);
#6840 = AXIS2_PLACEMENT_3D('',#6841,#6842,#6843);
#6841 = CARTESIAN_POINT('',(-0.5,0.37,3.E-02));
#6842 = DIRECTION('',(-1.,0.,0.));
#6843 = DIRECTION('',(0.,0.,1.));
#6844 = ORIENTED_EDGE('',*,*,#6792,.F.);
#6845 = ORIENTED_EDGE('',*,*,#6652,.F.);
#6846 = CYLINDRICAL_SURFACE('',#6847,3.E-02);
#6847 = AXIS2_PLACEMENT_3D('',#6848,#6849,#6850);
#6848 = CARTESIAN_POINT('',(-0.8,0.37,3.E-02));
#6849 = DIRECTION('',(1.,0.,0.));
#6850 = DIRECTION('',(-0.,1.,0.));
#6851 = ADVANCED_FACE('',(#6852),#6871,.T.);
#6852 = FACE_BOUND('',#6853,.T.);
#6853 = EDGE_LOOP('',(#6854,#6855,#6856,#6865));
#6854 = ORIENTED_EDGE('',*,*,#6669,.T.);
#6855 = ORIENTED_EDGE('',*,*,#6816,.T.);
#6856 = ORIENTED_EDGE('',*,*,#6857,.F.);
#6857 = EDGE_CURVE('',#6858,#6809,#6860,.T.);
#6858 = VERTEX_POINT('',#6859);
#6859 = CARTESIAN_POINT('',(-0.5,0.4,0.77));
#6860 = CIRCLE('',#6861,3.E-02);
#6861 = AXIS2_PLACEMENT_3D('',#6862,#6863,#6864);
#6862 = CARTESIAN_POINT('',(-0.5,0.37,0.77));
#6863 = DIRECTION('',(1.,0.,-0.));
#6864 = DIRECTION('',(0.,0.,1.));
#6865 = ORIENTED_EDGE('',*,*,#6866,.F.);
#6866 = EDGE_CURVE('',#6662,#6858,#6867,.T.);
#6867 = LINE('',#6868,#6869);
#6868 = CARTESIAN_POINT('',(-0.8,0.4,0.77));
#6869 = VECTOR('',#6870,1.);
#6870 = DIRECTION('',(1.,0.,0.));
#6871 = CYLINDRICAL_SURFACE('',#6872,3.E-02);
#6872 = AXIS2_PLACEMENT_3D('',#6873,#6874,#6875);
#6873 = CARTESIAN_POINT('',(-0.8,0.37,0.77));
#6874 = DIRECTION('',(1.,0.,0.));
#6875 = DIRECTION('',(-0.,1.,0.));
#6876 = ADVANCED_FACE('',(#6877),#6888,.T.);
#6877 = FACE_BOUND('',#6878,.T.);
#6878 = EDGE_LOOP('',(#6879,#6885,#6886,#6887));
#6879 = ORIENTED_EDGE('',*,*,#6880,.F.);
#6880 = EDGE_CURVE('',#6831,#6858,#6881,.T.);
#6881 = LINE('',#6882,#6883);
#6882 = CARTESIAN_POINT('',(-0.5,0.4,0.));
#6883 = VECTOR('',#6884,1.);
#6884 = DIRECTION('',(0.,0.,1.));
#6885 = ORIENTED_EDGE('',*,*,#6830,.F.);
#6886 = ORIENTED_EDGE('',*,*,#6661,.T.);
#6887 = ORIENTED_EDGE('',*,*,#6866,.T.);
#6888 = PLANE('',#6889);
#6889 = AXIS2_PLACEMENT_3D('',#6890,#6891,#6892);
#6890 = CARTESIAN_POINT('',(-0.8,0.4,0.));
#6891 = DIRECTION('',(0.,1.,0.));
#6892 = DIRECTION('',(0.,-0.,1.));
#6893 = ADVANCED_FACE('',(#6894,#6904),#6974,.T.);
#6894 = FACE_BOUND('',#6895,.T.);
#6895 = EDGE_LOOP('',(#6896,#6897,#6898,#6899,#6900,#6901,#6902,#6903));
#6896 = ORIENTED_EDGE('',*,*,#6701,.F.);
#6897 = ORIENTED_EDGE('',*,*,#6741,.T.);
#6898 = ORIENTED_EDGE('',*,*,#6784,.T.);
#6899 = ORIENTED_EDGE('',*,*,#6838,.F.);
#6900 = ORIENTED_EDGE('',*,*,#6880,.T.);
#6901 = ORIENTED_EDGE('',*,*,#6857,.T.);
#6902 = ORIENTED_EDGE('',*,*,#6808,.F.);
#6903 = ORIENTED_EDGE('',*,*,#6758,.F.);
#6904 = FACE_BOUND('',#6905,.T.);
#6905 = EDGE_LOOP('',(#6906,#6917,#6925,#6934,#6942,#6951,#6959,#6968));
#6906 = ORIENTED_EDGE('',*,*,#6907,.F.);
#6907 = EDGE_CURVE('',#6908,#6910,#6912,.T.);
#6908 = VERTEX_POINT('',#6909);
#6909 = CARTESIAN_POINT('',(-0.5,-0.37,6.E-02));
#6910 = VERTEX_POINT('',#6911);
#6911 = CARTESIAN_POINT('',(-0.5,-0.34,3.E-02));
#6912 = CIRCLE('',#6913,3.E-02);
#6913 = AXIS2_PLACEMENT_3D('',#6914,#6915,#6916);
#6914 = CARTESIAN_POINT('',(-0.5,-0.34,6.E-02));
#6915 = DIRECTION('',(1.,0.,-0.));
#6916 = DIRECTION('',(0.,0.,1.));
#6917 = ORIENTED_EDGE('',*,*,#6918,.T.);
#6918 = EDGE_CURVE('',#6908,#6919,#6921,.T.);
#6919 = VERTEX_POINT('',#6920);
#6920 = CARTESIAN_POINT('',(-0.5,-0.37,0.74));
#6921 = LINE('',#6922,#6923);
#6922 = CARTESIAN_POINT('',(-0.5,-0.37,3.E-02));
#6923 = VECTOR('',#6924,1.);
#6924 = DIRECTION('',(0.,0.,1.));
#6925 = ORIENTED_EDGE('',*,*,#6926,.T.);
#6926 = EDGE_CURVE('',#6919,#6927,#6929,.T.);
#6927 = VERTEX_POINT('',#6928);
#6928 = CARTESIAN_POINT('',(-0.5,-0.34,0.77));
#6929 = CIRCLE('',#6930,3.E-02);
#6930 = AXIS2_PLACEMENT_3D('',#6931,#6932,#6933);
#6931 = CARTESIAN_POINT('',(-0.5,-0.34,0.74));
#6932 = DIRECTION('',(-1.,0.,0.));
#6933 = DIRECTION('',(0.,0.,1.));
#6934 = ORIENTED_EDGE('',*,*,#6935,.T.);
#6935 = EDGE_CURVE('',#6927,#6936,#6938,.T.);
#6936 = VERTEX_POINT('',#6937);
#6937 = CARTESIAN_POINT('',(-0.5,0.34,0.77));
#6938 = LINE('',#6939,#6940);
#6939 = CARTESIAN_POINT('',(-0.5,-0.37,0.77));
#6940 = VECTOR('',#6941,1.);
#6941 = DIRECTION('',(0.,1.,0.));
#6942 = ORIENTED_EDGE('',*,*,#6943,.F.);
#6943 = EDGE_CURVE('',#6944,#6936,#6946,.T.);
#6944 = VERTEX_POINT('',#6945);
#6945 = CARTESIAN_POINT('',(-0.5,0.37,0.74));
#6946 = CIRCLE('',#6947,3.E-02);
#6947 = AXIS2_PLACEMENT_3D('',#6948,#6949,#6950);
#6948 = CARTESIAN_POINT('',(-0.5,0.34,0.74));
#6949 = DIRECTION('',(1.,0.,-0.));
#6950 = DIRECTION('',(0.,0.,1.));
#6951 = ORIENTED_EDGE('',*,*,#6952,.F.);
#6952 = EDGE_CURVE('',#6953,#6944,#6955,.T.);
#6953 = VERTEX_POINT('',#6954);
#6954 = CARTESIAN_POINT('',(-0.5,0.37,6.E-02));
#6955 = LINE('',#6956,#6957);
#6956 = CARTESIAN_POINT('',(-0.5,0.37,3.E-02));
#6957 = VECTOR('',#6958,1.);
#6958 = DIRECTION('',(0.,0.,1.));
#6959 = ORIENTED_EDGE('',*,*,#6960,.T.);
#6960 = EDGE_CURVE('',#6953,#6961,#6963,.T.);
#6961 = VERTEX_POINT('',#6962);
#6962 = CARTESIAN_POINT('',(-0.5,0.34,3.E-02));
#6963 = CIRCLE('',#6964,3.E-02);
#6964 = AXIS2_PLACEMENT_3D('',#6965,#6966,#6967);
#6965 = CARTESIAN_POINT('',(-0.5,0.34,6.E-02));
#6966 = DIRECTION('',(-1.,0.,0.));
#6967 = DIRECTION('',(0.,0.,1.));
#6968 = ORIENTED_EDGE('',*,*,#6969,.F.);
#6969 = EDGE_CURVE('',#6910,#6961,#6970,.T.);
#6970 = LINE('',#6971,#6972);
#6971 = CARTESIAN_POINT('',(-0.5,-0.37,3.E-02));
#6972 = VECTOR('',#6973,1.);
#6973 = DIRECTION('',(0.,1.,0.));
#6974 = PLANE('',#6975);
#6975 = AXIS2_PLACEMENT_3D('',#6976,#6977,#6978);
#6976 = CARTESIAN_POINT('',(-0.5,-0.4,0.));
#6977 = DIRECTION('',(1.,0.,0.));
#6978 = DIRECTION('',(0.,0.,1.));
#6979 = ADVANCED_FACE('',(#6980),#7006,.T.);
#6980 = FACE_BOUND('',#6981,.T.);
#6981 = EDGE_LOOP('',(#6982,#6983,#6991,#7000));
#6982 = ORIENTED_EDGE('',*,*,#6907,.T.);
#6983 = ORIENTED_EDGE('',*,*,#6984,.T.);
#6984 = EDGE_CURVE('',#6910,#6985,#6987,.T.);
#6985 = VERTEX_POINT('',#6986);
#6986 = CARTESIAN_POINT('',(0.5,-0.34,3.E-02));
#6987 = LINE('',#6988,#6989);
#6988 = CARTESIAN_POINT('',(-0.5,-0.34,3.E-02));
#6989 = VECTOR('',#6990,1.);
#6990 = DIRECTION('',(1.,0.,0.));
#6991 = ORIENTED_EDGE('',*,*,#6992,.F.);
#6992 = EDGE_CURVE('',#6993,#6985,#6995,.T.);
#6993 = VERTEX_POINT('',#6994);
#6994 = CARTESIAN_POINT('',(0.5,-0.37,6.E-02));
#6995 = CIRCLE('',#6996,3.E-02);
#6996 = AXIS2_PLACEMENT_3D('',#6997,#6998,#6999);
#6997 = CARTESIAN_POINT('',(0.5,-0.34,6.E-02));
#6998 = DIRECTION('',(1.,0.,-0.));
#6999 = DIRECTION('',(0.,0.,1.));
#7000 = ORIENTED_EDGE('',*,*,#7001,.F.);
#7001 = EDGE_CURVE('',#6908,#6993,#7002,.T.);
#7002 = LINE('',#7003,#7004);
#7003 = CARTESIAN_POINT('',(-0.5,-0.37,6.E-02));
#7004 = VECTOR('',#7005,1.);
#7005 = DIRECTION('',(1.,0.,0.));
#7006 = CYLINDRICAL_SURFACE('',#7007,3.E-02);
#7007 = AXIS2_PLACEMENT_3D('',#7008,#7009,#7010);
#7008 = CARTESIAN_POINT('',(-0.5,-0.34,6.E-02));
#7009 = DIRECTION('',(1.,0.,0.));
#7010 = DIRECTION('',(0.,-1.,0.));
#7011 = ADVANCED_FACE('',(#7012),#7030,.F.);
#7012 = FACE_BOUND('',#7013,.F.);
#7013 = EDGE_LOOP('',(#7014,#7015,#7016,#7024));
#7014 = ORIENTED_EDGE('',*,*,#6969,.F.);
#7015 = ORIENTED_EDGE('',*,*,#6984,.T.);
#7016 = ORIENTED_EDGE('',*,*,#7017,.T.);
#7017 = EDGE_CURVE('',#6985,#7018,#7020,.T.);
#7018 = VERTEX_POINT('',#7019);
#7019 = CARTESIAN_POINT('',(0.5,0.34,3.E-02));
#7020 = LINE('',#7021,#7022);
#7021 = CARTESIAN_POINT('',(0.5,-0.37,3.E-02));
#7022 = VECTOR('',#7023,1.);
#7023 = DIRECTION('',(0.,1.,0.));
#7024 = ORIENTED_EDGE('',*,*,#7025,.F.);
#7025 = EDGE_CURVE('',#6961,#7018,#7026,.T.);
#7026 = LINE('',#7027,#7028);
#7027 = CARTESIAN_POINT('',(-0.5,0.34,3.E-02));
#7028 = VECTOR('',#7029,1.);
#7029 = DIRECTION('',(1.,0.,0.));
#7030 = PLANE('',#7031);
#7031 = AXIS2_PLACEMENT_3D('',#7032,#7033,#7034);
#7032 = CARTESIAN_POINT('',(-0.5,-0.37,3.E-02));
#7033 = DIRECTION('',(0.,0.,1.));
#7034 = DIRECTION('',(1.,0.,-0.));
#7035 = ADVANCED_FACE('',(#7036),#7055,.T.);
#7036 = FACE_BOUND('',#7037,.T.);
#7037 = EDGE_LOOP('',(#7038,#7046,#7053,#7054));
#7038 = ORIENTED_EDGE('',*,*,#7039,.T.);
#7039 = EDGE_CURVE('',#6953,#7040,#7042,.T.);
#7040 = VERTEX_POINT('',#7041);
#7041 = CARTESIAN_POINT('',(0.5,0.37,6.E-02));
#7042 = LINE('',#7043,#7044);
#7043 = CARTESIAN_POINT('',(-0.5,0.37,6.E-02));
#7044 = VECTOR('',#7045,1.);
#7045 = DIRECTION('',(1.,0.,0.));
#7046 = ORIENTED_EDGE('',*,*,#7047,.T.);
#7047 = EDGE_CURVE('',#7040,#7018,#7048,.T.);
#7048 = CIRCLE('',#7049,3.E-02);
#7049 = AXIS2_PLACEMENT_3D('',#7050,#7051,#7052);
#7050 = CARTESIAN_POINT('',(0.5,0.34,6.E-02));
#7051 = DIRECTION('',(-1.,0.,0.));
#7052 = DIRECTION('',(0.,0.,1.));
#7053 = ORIENTED_EDGE('',*,*,#7025,.F.);
#7054 = ORIENTED_EDGE('',*,*,#6960,.F.);
#7055 = CYLINDRICAL_SURFACE('',#7056,3.E-02);
#7056 = AXIS2_PLACEMENT_3D('',#7057,#7058,#7059);
#7057 = CARTESIAN_POINT('',(-0.5,0.34,6.E-02));
#7058 = DIRECTION('',(1.,0.,0.));
#7059 = DIRECTION('',(-0.,1.,0.));
#7060 = ADVANCED_FACE('',(#7061),#7079,.T.);
#7061 = FACE_BOUND('',#7062,.T.);
#7062 = EDGE_LOOP('',(#7063,#7071,#7072,#7073));
#7063 = ORIENTED_EDGE('',*,*,#7064,.F.);
#7064 = EDGE_CURVE('',#7040,#7065,#7067,.T.);
#7065 = VERTEX_POINT('',#7066);
#7066 = CARTESIAN_POINT('',(0.5,0.37,0.74));
#7067 = LINE('',#7068,#7069);
#7068 = CARTESIAN_POINT('',(0.5,0.37,3.E-02));
#7069 = VECTOR('',#7070,1.);
#7070 = DIRECTION('',(0.,0.,1.));
#7071 = ORIENTED_EDGE('',*,*,#7039,.F.);
#7072 = ORIENTED_EDGE('',*,*,#6952,.T.);
#7073 = ORIENTED_EDGE('',*,*,#7074,.T.);
#7074 = EDGE_CURVE('',#6944,#7065,#7075,.T.);
#7075 = LINE('',#7076,#7077);
#7076 = CARTESIAN_POINT('',(-0.5,0.37,0.74));
#7077 = VECTOR('',#7078,1.);
#7078 = DIRECTION('',(1.,0.,0.));
#7079 = PLANE('',#7080);
#7080 = AXIS2_PLACEMENT_3D('',#7081,#7082,#7083);
#7081 = CARTESIAN_POINT('',(-0.5,0.37,3.E-02));
#7082 = DIRECTION('',(0.,1.,0.));
#7083 = DIRECTION('',(0.,-0.,1.));
#7084 = ADVANCED_FACE('',(#7085),#7104,.T.);
#7085 = FACE_BOUND('',#7086,.T.);
#7086 = EDGE_LOOP('',(#7087,#7088,#7096,#7103));
#7087 = ORIENTED_EDGE('',*,*,#6943,.T.);
#7088 = ORIENTED_EDGE('',*,*,#7089,.T.);
#7089 = EDGE_CURVE('',#6936,#7090,#7092,.T.);
#7090 = VERTEX_POINT('',#7091);
#7091 = CARTESIAN_POINT('',(0.5,0.34,0.77));
#7092 = LINE('',#7093,#7094);
#7093 = CARTESIAN_POINT('',(-0.5,0.34,0.77));
#7094 = VECTOR('',#7095,1.);
#7095 = DIRECTION('',(1.,0.,0.));
#7096 = ORIENTED_EDGE('',*,*,#7097,.F.);
#7097 = EDGE_CURVE('',#7065,#7090,#7098,.T.);
#7098 = CIRCLE('',#7099,3.E-02);
#7099 = AXIS2_PLACEMENT_3D('',#7100,#7101,#7102);
#7100 = CARTESIAN_POINT('',(0.5,0.34,0.74));
#7101 = DIRECTION('',(1.,0.,-0.));
#7102 = DIRECTION('',(0.,0.,1.));
#7103 = ORIENTED_EDGE('',*,*,#7074,.F.);
#7104 = CYLINDRICAL_SURFACE('',#7105,3.E-02);
#7105 = AXIS2_PLACEMENT_3D('',#7106,#7107,#7108);
#7106 = CARTESIAN_POINT('',(-0.5,0.34,0.74));
#7107 = DIRECTION('',(1.,0.,0.));
#7108 = DIRECTION('',(-0.,1.,0.));
#7109 = ADVANCED_FACE('',(#7110),#7128,.T.);
#7110 = FACE_BOUND('',#7111,.T.);
#7111 = EDGE_LOOP('',(#7112,#7113,#7121,#7127));
#7112 = ORIENTED_EDGE('',*,*,#6935,.F.);
#7113 = ORIENTED_EDGE('',*,*,#7114,.T.);
#7114 = EDGE_CURVE('',#6927,#7115,#7117,.T.);
#7115 = VERTEX_POINT('',#7116);
#7116 = CARTESIAN_POINT('',(0.5,-0.34,0.77));
#7117 = LINE('',#7118,#7119);
#7118 = CARTESIAN_POINT('',(-0.5,-0.34,0.77));
#7119 = VECTOR('',#7120,1.);
#7120 = DIRECTION('',(1.,0.,0.));
#7121 = ORIENTED_EDGE('',*,*,#7122,.T.);
#7122 = EDGE_CURVE('',#7115,#7090,#7123,.T.);
#7123 = LINE('',#7124,#7125);
#7124 = CARTESIAN_POINT('',(0.5,-0.37,0.77));
#7125 = VECTOR('',#7126,1.);
#7126 = DIRECTION('',(0.,1.,0.));
#7127 = ORIENTED_EDGE('',*,*,#7089,.F.);
#7128 = PLANE('',#7129);
#7129 = AXIS2_PLACEMENT_3D('',#7130,#7131,#7132);
#7130 = CARTESIAN_POINT('',(-0.5,-0.37,0.77));
#7131 = DIRECTION('',(0.,0.,1.));
#7132 = DIRECTION('',(1.,0.,-0.));
#7133 = ADVANCED_FACE('',(#7134),#7153,.T.);
#7134 = FACE_BOUND('',#7135,.T.);
#7135 = EDGE_LOOP('',(#7136,#7144,#7151,#7152));
#7136 = ORIENTED_EDGE('',*,*,#7137,.T.);
#7137 = EDGE_CURVE('',#6919,#7138,#7140,.T.);
#7138 = VERTEX_POINT('',#7139);
#7139 = CARTESIAN_POINT('',(0.5,-0.37,0.74));
#7140 = LINE('',#7141,#7142);
#7141 = CARTESIAN_POINT('',(-0.5,-0.37,0.74));
#7142 = VECTOR('',#7143,1.);
#7143 = DIRECTION('',(1.,0.,0.));
#7144 = ORIENTED_EDGE('',*,*,#7145,.T.);
#7145 = EDGE_CURVE('',#7138,#7115,#7146,.T.);
#7146 = CIRCLE('',#7147,3.E-02);
#7147 = AXIS2_PLACEMENT_3D('',#7148,#7149,#7150);
#7148 = CARTESIAN_POINT('',(0.5,-0.34,0.74));
#7149 = DIRECTION('',(-1.,0.,0.));
#7150 = DIRECTION('',(0.,0.,1.));
#7151 = ORIENTED_EDGE('',*,*,#7114,.F.);
#7152 = ORIENTED_EDGE('',*,*,#6926,.F.);
#7153 = CYLINDRICAL_SURFACE('',#7154,3.E-02);
#7154 = AXIS2_PLACEMENT_3D('',#7155,#7156,#7157);
#7155 = CARTESIAN_POINT('',(-0.5,-0.34,0.74));
#7156 = DIRECTION('',(1.,0.,0.));
#7157 = DIRECTION('',(0.,-1.,0.));
#7158 = ADVANCED_FACE('',(#7159),#7170,.F.);
#7159 = FACE_BOUND('',#7160,.F.);
#7160 = EDGE_LOOP('',(#7161,#7167,#7168,#7169));
#7161 = ORIENTED_EDGE('',*,*,#7162,.F.);
#7162 = EDGE_CURVE('',#6993,#7138,#7163,.T.);
#7163 = LINE('',#7164,#7165);
#7164 = CARTESIAN_POINT('',(0.5,-0.37,3.E-02));
#7165 = VECTOR('',#7166,1.);
#7166 = DIRECTION('',(0.,0.,1.));
#7167 = ORIENTED_EDGE('',*,*,#7001,.F.);
#7168 = ORIENTED_EDGE('',*,*,#6918,.T.);
#7169 = ORIENTED_EDGE('',*,*,#7137,.T.);
#7170 = PLANE('',#7171);
#7171 = AXIS2_PLACEMENT_3D('',#7172,#7173,#7174);
#7172 = CARTESIAN_POINT('',(-0.5,-0.37,3.E-02));
#7173 = DIRECTION('',(0.,1.,0.));
#7174 = DIRECTION('',(0.,-0.,1.));
#7175 = ADVANCED_FACE('',(#7176,#7246),#7256,.F.);
#7176 = FACE_BOUND('',#7177,.F.);
#7177 = EDGE_LOOP('',(#7178,#7188,#7197,#7205,#7214,#7222,#7231,#7239));
#7178 = ORIENTED_EDGE('',*,*,#7179,.F.);
#7179 = EDGE_CURVE('',#7180,#7182,#7184,.T.);
#7180 = VERTEX_POINT('',#7181);
#7181 = CARTESIAN_POINT('',(0.5,-0.4,3.E-02));
#7182 = VERTEX_POINT('',#7183);
#7183 = CARTESIAN_POINT('',(0.5,-0.4,0.77));
#7184 = LINE('',#7185,#7186);
#7185 = CARTESIAN_POINT('',(0.5,-0.4,0.));
#7186 = VECTOR('',#7187,1.);
#7187 = DIRECTION('',(0.,0.,1.));
#7188 = ORIENTED_EDGE('',*,*,#7189,.T.);
#7189 = EDGE_CURVE('',#7180,#7190,#7192,.T.);
#7190 = VERTEX_POINT('',#7191);
#7191 = CARTESIAN_POINT('',(0.5,-0.37,0.));
#7192 = CIRCLE('',#7193,3.E-02);
#7193 = AXIS2_PLACEMENT_3D('',#7194,#7195,#7196);
#7194 = CARTESIAN_POINT('',(0.5,-0.37,3.E-02));
#7195 = DIRECTION('',(1.,0.,-0.));
#7196 = DIRECTION('',(0.,0.,1.));
#7197 = ORIENTED_EDGE('',*,*,#7198,.T.);
#7198 = EDGE_CURVE('',#7190,#7199,#7201,.T.);
#7199 = VERTEX_POINT('',#7200);
#7200 = CARTESIAN_POINT('',(0.5,0.37,0.));
#7201 = LINE('',#7202,#7203);
#7202 = CARTESIAN_POINT('',(0.5,-0.4,0.));
#7203 = VECTOR('',#7204,1.);
#7204 = DIRECTION('',(0.,1.,0.));
#7205 = ORIENTED_EDGE('',*,*,#7206,.F.);
#7206 = EDGE_CURVE('',#7207,#7199,#7209,.T.);
#7207 = VERTEX_POINT('',#7208);
#7208 = CARTESIAN_POINT('',(0.5,0.4,3.E-02));
#7209 = CIRCLE('',#7210,3.E-02);
#7210 = AXIS2_PLACEMENT_3D('',#7211,#7212,#7213);
#7211 = CARTESIAN_POINT('',(0.5,0.37,3.E-02));
#7212 = DIRECTION('',(-1.,0.,0.));
#7213 = DIRECTION('',(0.,0.,1.));
#7214 = ORIENTED_EDGE('',*,*,#7215,.T.);
#7215 = EDGE_CURVE('',#7207,#7216,#7218,.T.);
#7216 = VERTEX_POINT('',#7217);
#7217 = CARTESIAN_POINT('',(0.5,0.4,0.77));
#7218 = LINE('',#7219,#7220);
#7219 = CARTESIAN_POINT('',(0.5,0.4,0.));
#7220 = VECTOR('',#7221,1.);
#7221 = DIRECTION('',(0.,0.,1.));
#7222 = ORIENTED_EDGE('',*,*,#7223,.T.);
#7223 = EDGE_CURVE('',#7216,#7224,#7226,.T.);
#7224 = VERTEX_POINT('',#7225);
#7225 = CARTESIAN_POINT('',(0.5,0.37,0.8));
#7226 = CIRCLE('',#7227,3.E-02);
#7227 = AXIS2_PLACEMENT_3D('',#7228,#7229,#7230);
#7228 = CARTESIAN_POINT('',(0.5,0.37,0.77));
#7229 = DIRECTION('',(1.,0.,-0.));
#7230 = DIRECTION('',(0.,0.,1.));
#7231 = ORIENTED_EDGE('',*,*,#7232,.F.);
#7232 = EDGE_CURVE('',#7233,#7224,#7235,.T.);
#7233 = VERTEX_POINT('',#7234);
#7234 = CARTESIAN_POINT('',(0.5,-0.37,0.8));
#7235 = LINE('',#7236,#7237);
#7236 = CARTESIAN_POINT('',(0.5,-0.4,0.8));
#7237 = VECTOR('',#7238,1.);
#7238 = DIRECTION('',(0.,1.,0.));
#7239 = ORIENTED_EDGE('',*,*,#7240,.F.);
#7240 = EDGE_CURVE('',#7182,#7233,#7241,.T.);
#7241 = CIRCLE('',#7242,3.E-02);
#7242 = AXIS2_PLACEMENT_3D('',#7243,#7244,#7245);
#7243 = CARTESIAN_POINT('',(0.5,-0.37,0.77));
#7244 = DIRECTION('',(-1.,0.,0.));
#7245 = DIRECTION('',(0.,0.,1.));
#7246 = FACE_BOUND('',#7247,.F.);
#7247 = EDGE_LOOP('',(#7248,#7249,#7250,#7251,#7252,#7253,#7254,#7255));
#7248 = ORIENTED_EDGE('',*,*,#6992,.F.);
#7249 = ORIENTED_EDGE('',*,*,#7162,.T.);
#7250 = ORIENTED_EDGE('',*,*,#7145,.T.);
#7251 = ORIENTED_EDGE('',*,*,#7122,.T.);
#7252 = ORIENTED_EDGE('',*,*,#7097,.F.);
#7253 = ORIENTED_EDGE('',*,*,#7064,.F.);
#7254 = ORIENTED_EDGE('',*,*,#7047,.T.);
#7255 = ORIENTED_EDGE('',*,*,#7017,.F.);
#7256 = PLANE('',#7257);
#7257 = AXIS2_PLACEMENT_3D('',#7258,#7259,#7260);
#7258 = CARTESIAN_POINT('',(0.5,-0.4,0.));
#7259 = DIRECTION('',(1.,0.,0.));
#7260 = DIRECTION('',(0.,0.,1.));
#7261 = ADVANCED_FACE('',(#7262),#7287,.F.);
#7262 = FACE_BOUND('',#7263,.F.);
#7263 = EDGE_LOOP('',(#7264,#7274,#7280,#7281));
#7264 = ORIENTED_EDGE('',*,*,#7265,.F.);
#7265 = EDGE_CURVE('',#7266,#7268,#7270,.T.);
#7266 = VERTEX_POINT('',#7267);
#7267 = CARTESIAN_POINT('',(0.8,-0.4,3.E-02));
#7268 = VERTEX_POINT('',#7269);
#7269 = CARTESIAN_POINT('',(0.8,-0.4,0.77));
#7270 = LINE('',#7271,#7272);
#7271 = CARTESIAN_POINT('',(0.8,-0.4,0.));
#7272 = VECTOR('',#7273,1.);
#7273 = DIRECTION('',(0.,0.,1.));
#7274 = ORIENTED_EDGE('',*,*,#7275,.F.);
#7275 = EDGE_CURVE('',#7180,#7266,#7276,.T.);
#7276 = LINE('',#7277,#7278);
#7277 = CARTESIAN_POINT('',(0.5,-0.4,3.E-02));
#7278 = VECTOR('',#7279,1.);
#7279 = DIRECTION('',(1.,0.,0.));
#7280 = ORIENTED_EDGE('',*,*,#7179,.T.);
#7281 = ORIENTED_EDGE('',*,*,#7282,.T.);
#7282 = EDGE_CURVE('',#7182,#7268,#7283,.T.);
#7283 = LINE('',#7284,#7285);
#7284 = CARTESIAN_POINT('',(0.5,-0.4,0.77));
#7285 = VECTOR('',#7286,1.);
#7286 = DIRECTION('',(1.,0.,0.));
#7287 = PLANE('',#7288);
#7288 = AXIS2_PLACEMENT_3D('',#7289,#7290,#7291);
#7289 = CARTESIAN_POINT('',(0.5,-0.4,0.));
#7290 = DIRECTION('',(0.,1.,0.));
#7291 = DIRECTION('',(0.,-0.,1.));
#7292 = ADVANCED_FACE('',(#7293),#7312,.T.);
#7293 = FACE_BOUND('',#7294,.T.);
#7294 = EDGE_LOOP('',(#7295,#7296,#7304,#7311));
#7295 = ORIENTED_EDGE('',*,*,#7189,.T.);
#7296 = ORIENTED_EDGE('',*,*,#7297,.T.);
#7297 = EDGE_CURVE('',#7190,#7298,#7300,.T.);
#7298 = VERTEX_POINT('',#7299);
#7299 = CARTESIAN_POINT('',(0.8,-0.37,0.));
#7300 = LINE('',#7301,#7302);
#7301 = CARTESIAN_POINT('',(0.5,-0.37,0.));
#7302 = VECTOR('',#7303,1.);
#7303 = DIRECTION('',(1.,0.,0.));
#7304 = ORIENTED_EDGE('',*,*,#7305,.F.);
#7305 = EDGE_CURVE('',#7266,#7298,#7306,.T.);
#7306 = CIRCLE('',#7307,3.E-02);
#7307 = AXIS2_PLACEMENT_3D('',#7308,#7309,#7310);
#7308 = CARTESIAN_POINT('',(0.8,-0.37,3.E-02));
#7309 = DIRECTION('',(1.,0.,-0.));
#7310 = DIRECTION('',(0.,0.,1.));
#7311 = ORIENTED_EDGE('',*,*,#7275,.F.);
#7312 = CYLINDRICAL_SURFACE('',#7313,3.E-02);
#7313 = AXIS2_PLACEMENT_3D('',#7314,#7315,#7316);
#7314 = CARTESIAN_POINT('',(0.5,-0.37,3.E-02));
#7315 = DIRECTION('',(1.,0.,0.));
#7316 = DIRECTION('',(0.,-1.,0.));
#7317 = ADVANCED_FACE('',(#7318),#7337,.T.);
#7318 = FACE_BOUND('',#7319,.T.);
#7319 = EDGE_LOOP('',(#7320,#7321,#7330,#7336));
#7320 = ORIENTED_EDGE('',*,*,#7282,.T.);
#7321 = ORIENTED_EDGE('',*,*,#7322,.T.);
#7322 = EDGE_CURVE('',#7268,#7323,#7325,.T.);
#7323 = VERTEX_POINT('',#7324);
#7324 = CARTESIAN_POINT('',(0.8,-0.37,0.8));
#7325 = CIRCLE('',#7326,3.E-02);
#7326 = AXIS2_PLACEMENT_3D('',#7327,#7328,#7329);
#7327 = CARTESIAN_POINT('',(0.8,-0.37,0.77));
#7328 = DIRECTION('',(-1.,0.,0.));
#7329 = DIRECTION('',(0.,0.,1.));
#7330 = ORIENTED_EDGE('',*,*,#7331,.F.);
#7331 = EDGE_CURVE('',#7233,#7323,#7332,.T.);
#7332 = LINE('',#7333,#7334);
#7333 = CARTESIAN_POINT('',(0.5,-0.37,0.8));
#7334 = VECTOR('',#7335,1.);
#7335 = DIRECTION('',(1.,0.,0.));
#7336 = ORIENTED_EDGE('',*,*,#7240,.F.);
#7337 = CYLINDRICAL_SURFACE('',#7338,3.E-02);
#7338 = AXIS2_PLACEMENT_3D('',#7339,#7340,#7341);
#7339 = CARTESIAN_POINT('',(0.5,-0.37,0.77));
#7340 = DIRECTION('',(1.,0.,0.));
#7341 = DIRECTION('',(0.,-1.,0.));
#7342 = ADVANCED_FACE('',(#7343),#7361,.F.);
#7343 = FACE_BOUND('',#7344,.F.);
#7344 = EDGE_LOOP('',(#7345,#7346,#7347,#7355));
#7345 = ORIENTED_EDGE('',*,*,#7198,.F.);
#7346 = ORIENTED_EDGE('',*,*,#7297,.T.);
#7347 = ORIENTED_EDGE('',*,*,#7348,.T.);
#7348 = EDGE_CURVE('',#7298,#7349,#7351,.T.);
#7349 = VERTEX_POINT('',#7350);
#7350 = CARTESIAN_POINT('',(0.8,0.37,0.));
#7351 = LINE('',#7352,#7353);
#7352 = CARTESIAN_POINT('',(0.8,-0.4,0.));
#7353 = VECTOR('',#7354,1.);
#7354 = DIRECTION('',(0.,1.,0.));
#7355 = ORIENTED_EDGE('',*,*,#7356,.F.);
#7356 = EDGE_CURVE('',#7199,#7349,#7357,.T.);
#7357 = LINE('',#7358,#7359);
#7358 = CARTESIAN_POINT('',(0.5,0.37,0.));
#7359 = VECTOR('',#7360,1.);
#7360 = DIRECTION('',(1.,0.,0.));
#7361 = PLANE('',#7362);
#7362 = AXIS2_PLACEMENT_3D('',#7363,#7364,#7365);
#7363 = CARTESIAN_POINT('',(0.5,-0.4,0.));
#7364 = DIRECTION('',(0.,0.,1.));
#7365 = DIRECTION('',(1.,0.,-0.));
#7366 = ADVANCED_FACE('',(#7367),#7385,.T.);
#7367 = FACE_BOUND('',#7368,.T.);
#7368 = EDGE_LOOP('',(#7369,#7370,#7371,#7379));
#7369 = ORIENTED_EDGE('',*,*,#7232,.F.);
#7370 = ORIENTED_EDGE('',*,*,#7331,.T.);
#7371 = ORIENTED_EDGE('',*,*,#7372,.T.);
#7372 = EDGE_CURVE('',#7323,#7373,#7375,.T.);
#7373 = VERTEX_POINT('',#7374);
#7374 = CARTESIAN_POINT('',(0.8,0.37,0.8));
#7375 = LINE('',#7376,#7377);
#7376 = CARTESIAN_POINT('',(0.8,-0.4,0.8));
#7377 = VECTOR('',#7378,1.);
#7378 = DIRECTION('',(0.,1.,0.));
#7379 = ORIENTED_EDGE('',*,*,#7380,.F.);
#7380 = EDGE_CURVE('',#7224,#7373,#7381,.T.);
#7381 = LINE('',#7382,#7383);
#7382 = CARTESIAN_POINT('',(0.5,0.37,0.8));
#7383 = VECTOR('',#7384,1.);
#7384 = DIRECTION('',(1.,0.,0.));
#7385 = PLANE('',#7386);
#7386 = AXIS2_PLACEMENT_3D('',#7387,#7388,#7389);
#7387 = CARTESIAN_POINT('',(0.5,-0.4,0.8));
#7388 = DIRECTION('',(0.,0.,1.));
#7389 = DIRECTION('',(1.,0.,-0.));
#7390 = ADVANCED_FACE('',(#7391),#7410,.T.);
#7391 = FACE_BOUND('',#7392,.T.);
#7392 = EDGE_LOOP('',(#7393,#7401,#7408,#7409));
#7393 = ORIENTED_EDGE('',*,*,#7394,.T.);
#7394 = EDGE_CURVE('',#7207,#7395,#7397,.T.);
#7395 = VERTEX_POINT('',#7396);
#7396 = CARTESIAN_POINT('',(0.8,0.4,3.E-02));
#7397 = LINE('',#7398,#7399);
#7398 = CARTESIAN_POINT('',(0.5,0.4,3.E-02));
#7399 = VECTOR('',#7400,1.);
#7400 = DIRECTION('',(1.,0.,0.));
#7401 = ORIENTED_EDGE('',*,*,#7402,.T.);
#7402 = EDGE_CURVE('',#7395,#7349,#7403,.T.);
#7403 = CIRCLE('',#7404,3.E-02);
#7404 = AXIS2_PLACEMENT_3D('',#7405,#7406,#7407);
#7405 = CARTESIAN_POINT('',(0.8,0.37,3.E-02));
#7406 = DIRECTION('',(-1.,0.,0.));
#7407 = DIRECTION('',(0.,0.,1.));
#7408 = ORIENTED_EDGE('',*,*,#7356,.F.);
#7409 = ORIENTED_EDGE('',*,*,#7206,.F.);
#7410 = CYLINDRICAL_SURFACE('',#7411,3.E-02);
#7411 = AXIS2_PLACEMENT_3D('',#7412,#7413,#7414);
#7412 = CARTESIAN_POINT('',(0.5,0.37,3.E-02));
#7413 = DIRECTION('',(1.,0.,0.));
#7414 = DIRECTION('',(-0.,1.,0.));
#7415 = ADVANCED_FACE('',(#7416),#7435,.T.);
#7416 = FACE_BOUND('',#7417,.T.);
#7417 = EDGE_LOOP('',(#7418,#7419,#7420,#7429));
#7418 = ORIENTED_EDGE('',*,*,#7223,.T.);
#7419 = ORIENTED_EDGE('',*,*,#7380,.T.);
#7420 = ORIENTED_EDGE('',*,*,#7421,.F.);
#7421 = EDGE_CURVE('',#7422,#7373,#7424,.T.);
#7422 = VERTEX_POINT('',#7423);
#7423 = CARTESIAN_POINT('',(0.8,0.4,0.77));
#7424 = CIRCLE('',#7425,3.E-02);
#7425 = AXIS2_PLACEMENT_3D('',#7426,#7427,#7428);
#7426 = CARTESIAN_POINT('',(0.8,0.37,0.77));
#7427 = DIRECTION('',(1.,0.,-0.));
#7428 = DIRECTION('',(0.,0.,1.));
#7429 = ORIENTED_EDGE('',*,*,#7430,.F.);
#7430 = EDGE_CURVE('',#7216,#7422,#7431,.T.);
#7431 = LINE('',#7432,#7433);
#7432 = CARTESIAN_POINT('',(0.5,0.4,0.77));
#7433 = VECTOR('',#7434,1.);
#7434 = DIRECTION('',(1.,0.,0.));
#7435 = CYLINDRICAL_SURFACE('',#7436,3.E-02);
#7436 = AXIS2_PLACEMENT_3D('',#7437,#7438,#7439);
#7437 = CARTESIAN_POINT('',(0.5,0.37,0.77));
#7438 = DIRECTION('',(1.,0.,0.));
#7439 = DIRECTION('',(-0.,1.,0.));
#7440 = ADVANCED_FACE('',(#7441),#7452,.T.);
#7441 = FACE_BOUND('',#7442,.T.);
#7442 = EDGE_LOOP('',(#7443,#7449,#7450,#7451));
#7443 = ORIENTED_EDGE('',*,*,#7444,.F.);
#7444 = EDGE_CURVE('',#7395,#7422,#7445,.T.);
#7445 = LINE('',#7446,#7447);
#7446 = CARTESIAN_POINT('',(0.8,0.4,0.));
#7447 = VECTOR('',#7448,1.);
#7448 = DIRECTION('',(0.,0.,1.));
#7449 = ORIENTED_EDGE('',*,*,#7394,.F.);
#7450 = ORIENTED_EDGE('',*,*,#7215,.T.);
#7451 = ORIENTED_EDGE('',*,*,#7430,.T.);
#7452 = PLANE('',#7453);
#7453 = AXIS2_PLACEMENT_3D('',#7454,#7455,#7456);
#7454 = CARTESIAN_POINT('',(0.5,0.4,0.));
#7455 = DIRECTION('',(0.,1.,0.));
#7456 = DIRECTION('',(0.,-0.,1.));
#7457 = ADVANCED_FACE('',(#7458),#7468,.T.);
#7458 = FACE_BOUND('',#7459,.T.);
#7459 = EDGE_LOOP('',(#7460,#7461,#7462,#7463,#7464,#7465,#7466,#7467));
#7460 = ORIENTED_EDGE('',*,*,#7265,.F.);
#7461 = ORIENTED_EDGE('',*,*,#7305,.T.);
#7462 = ORIENTED_EDGE('',*,*,#7348,.T.);
#7463 = ORIENTED_EDGE('',*,*,#7402,.F.);
#7464 = ORIENTED_EDGE('',*,*,#7444,.T.);
#7465 = ORIENTED_EDGE('',*,*,#7421,.T.);
#7466 = ORIENTED_EDGE('',*,*,#7372,.F.);
#7467 = ORIENTED_EDGE('',*,*,#7322,.F.);
#7468 = PLANE('',#7469);
#7469 = AXIS2_PLACEMENT_3D('',#7470,#7471,#7472);
#7470 = CARTESIAN_POINT('',(0.8,-0.4,0.));
#7471 = DIRECTION('',(1.,0.,0.));
#7472 = DIRECTION('',(0.,0.,1.));
#7473 = ( GEOMETRIC_REPRESENTATION_CONTEXT(3) 
GLOBAL_UNCERTAINTY_ASSIGNED_CONTEXT((#7477)) 
GLOBAL_UNIT_ASSIGNED_CONTEXT((#7474,#7475,#7476)) REPRESENTATION_CONTEXT
('Context #1','3D Context with UNIT and UNCERTAINTY') );
#7474 = ( LENGTH_UNIT() NAMED_UNIT(*) SI_UNIT(.MILLI.,.METRE.) );
#7475 = ( NAMED_UNIT(*) PLANE_ANGLE_UNIT() SI_UNIT($,.RADIAN.) );
#7476 = ( NAMED_UNIT(*) SI_UNIT($,.STERADIAN.) SOLID_ANGLE_UNIT() );
#7477 = UNCERTAINTY_MEASURE_WITH_UNIT(LENGTH_MEASURE(1.E-07),#7474,
  'distance_accuracy_value','confusion accuracy');
#7478 = CONTEXT_DEPENDENT_SHAPE_REPRESENTATION(#7479,#7481);
#7479 = ( REPRESENTATION_RELATIONSHIP('','',#6618,#10) 
REPRESENTATION_RELATIONSHIP_WITH_TRANSFORMATION(#7480) 
SHAPE_REPRESENTATION_RELATIONSHIP() );
#7480 = ITEM_DEFINED_TRANSFORMATION('','',#11,#27);
#7481 = PRODUCT_DEFINITION_SHAPE('Placement','Placement of an item',
  #7482);
#7482 = NEXT_ASSEMBLY_USAGE_OCCURRENCE('4','C1','',#5,#6613,$);
#7483 = PRODUCT_RELATED_PRODUCT_CATEGORY('part',$,(#6615));
#7484 = SHAPE_DEFINITION_REPRESENTATION(#7485,#7491);
#7485 = PRODUCT_DEFINITION_SHAPE('','',#7486);
#7486 = PRODUCT_DEFINITION('design','',#7487,#7490);
#7487 = PRODUCT_DEFINITION_FORMATION('','',#7488);
#7488 = PRODUCT('R_0603_1608Metric','R_0603_1608Metric','',(#7489));
#7489 = PRODUCT_CONTEXT('',#2,'mechanical');
#7490 = PRODUCT_DEFINITION_CONTEXT('part definition',#2,'design');
#7491 = ADVANCED_BREP_SHAPE_REPRESENTATION('',(#11,#7492),#8282);
#7492 = MANIFOLD_SOLID_BREP('',#7493);
#7493 = CLOSED_SHELL('',(#7494,#7534,#7617,#7642,#7667,#7734,#7751,#7768
    ,#7817,#7834,#7851,#7900,#7917,#7986,#8017,#8041,#8110,#8134,#8151,
    #8168,#8185,#8202,#8219,#8236,#8253,#8270));
#7494 = ADVANCED_FACE('',(#7495),#7529,.F.);
#7495 = FACE_BOUND('',#7496,.F.);
#7496 = EDGE_LOOP('',(#7497,#7507,#7515,#7523));
#7497 = ORIENTED_EDGE('',*,*,#7498,.F.);
#7498 = EDGE_CURVE('',#7499,#7501,#7503,.T.);
#7499 = VERTEX_POINT('',#7500);
#7500 = CARTESIAN_POINT('',(-0.8,-0.4,4.5E-02));
#7501 = VERTEX_POINT('',#7502);
#7502 = CARTESIAN_POINT('',(-0.8,-0.4,0.405));
#7503 = LINE('',#7504,#7505);
#7504 = CARTESIAN_POINT('',(-0.8,-0.4,0.));
#7505 = VECTOR('',#7506,1.);
#7506 = DIRECTION('',(0.,0.,1.));
#7507 = ORIENTED_EDGE('',*,*,#7508,.T.);
#7508 = EDGE_CURVE('',#7499,#7509,#7511,.T.);
#7509 = VERTEX_POINT('',#7510);
#7510 = CARTESIAN_POINT('',(-0.8,0.4,4.5E-02));
#7511 = LINE('',#7512,#7513);
#7512 = CARTESIAN_POINT('',(-0.8,-0.4,4.5E-02));
#7513 = VECTOR('',#7514,1.);
#7514 = DIRECTION('',(0.,1.,0.));
#7515 = ORIENTED_EDGE('',*,*,#7516,.T.);
#7516 = EDGE_CURVE('',#7509,#7517,#7519,.T.);
#7517 = VERTEX_POINT('',#7518);
#7518 = CARTESIAN_POINT('',(-0.8,0.4,0.405));
#7519 = LINE('',#7520,#7521);
#7520 = CARTESIAN_POINT('',(-0.8,0.4,0.));
#7521 = VECTOR('',#7522,1.);
#7522 = DIRECTION('',(0.,0.,1.));
#7523 = ORIENTED_EDGE('',*,*,#7524,.F.);
#7524 = EDGE_CURVE('',#7501,#7517,#7525,.T.);
#7525 = LINE('',#7526,#7527);
#7526 = CARTESIAN_POINT('',(-0.8,-0.4,0.405));
#7527 = VECTOR('',#7528,1.);
#7528 = DIRECTION('',(0.,1.,0.));
#7529 = PLANE('',#7530);
#7530 = AXIS2_PLACEMENT_3D('',#7531,#7532,#7533);
#7531 = CARTESIAN_POINT('',(-0.8,-0.4,0.));
#7532 = DIRECTION('',(1.,0.,0.));
#7533 = DIRECTION('',(0.,0.,1.));
#7534 = ADVANCED_FACE('',(#7535),#7612,.F.);
#7535 = FACE_BOUND('',#7536,.F.);
#7536 = EDGE_LOOP('',(#7537,#7547,#7554,#7555,#7564,#7572,#7581,#7589,
    #7597,#7605));
#7537 = ORIENTED_EDGE('',*,*,#7538,.F.);
#7538 = EDGE_CURVE('',#7539,#7541,#7543,.T.);
#7539 = VERTEX_POINT('',#7540);
#7540 = CARTESIAN_POINT('',(-0.755,-0.4,-2.775557561563E-17));
#7541 = VERTEX_POINT('',#7542);
#7542 = CARTESIAN_POINT('',(-0.545,-0.4,-2.775557561563E-17));
#7543 = LINE('',#7544,#7545);
#7544 = CARTESIAN_POINT('',(-0.8,-0.4,0.));
#7545 = VECTOR('',#7546,1.);
#7546 = DIRECTION('',(1.,0.,0.));
#7547 = ORIENTED_EDGE('',*,*,#7548,.F.);
#7548 = EDGE_CURVE('',#7499,#7539,#7549,.T.);
#7549 = CIRCLE('',#7550,4.5E-02);
#7550 = AXIS2_PLACEMENT_3D('',#7551,#7552,#7553);
#7551 = CARTESIAN_POINT('',(-0.755,-0.4,4.5E-02));
#7552 = DIRECTION('',(0.,-1.,0.));
#7553 = DIRECTION('',(0.,0.,1.));
#7554 = ORIENTED_EDGE('',*,*,#7498,.T.);
#7555 = ORIENTED_EDGE('',*,*,#7556,.T.);
#7556 = EDGE_CURVE('',#7501,#7557,#7559,.T.);
#7557 = VERTEX_POINT('',#7558);
#7558 = CARTESIAN_POINT('',(-0.755,-0.4,0.45));
#7559 = CIRCLE('',#7560,4.5E-02);
#7560 = AXIS2_PLACEMENT_3D('',#7561,#7562,#7563);
#7561 = CARTESIAN_POINT('',(-0.755,-0.4,0.405));
#7562 = DIRECTION('',(0.,1.,0.));
#7563 = DIRECTION('',(0.,-0.,1.));
#7564 = ORIENTED_EDGE('',*,*,#7565,.T.);
#7565 = EDGE_CURVE('',#7557,#7566,#7568,.T.);
#7566 = VERTEX_POINT('',#7567);
#7567 = CARTESIAN_POINT('',(-0.545,-0.4,0.45));
#7568 = LINE('',#7569,#7570);
#7569 = CARTESIAN_POINT('',(-0.8,-0.4,0.45));
#7570 = VECTOR('',#7571,1.);
#7571 = DIRECTION('',(1.,0.,0.));
#7572 = ORIENTED_EDGE('',*,*,#7573,.F.);
#7573 = EDGE_CURVE('',#7574,#7566,#7576,.T.);
#7574 = VERTEX_POINT('',#7575);
#7575 = CARTESIAN_POINT('',(-0.5,-0.4,0.405));
#7576 = CIRCLE('',#7577,4.5E-02);
#7577 = AXIS2_PLACEMENT_3D('',#7578,#7579,#7580);
#7578 = CARTESIAN_POINT('',(-0.545,-0.4,0.405));
#7579 = DIRECTION('',(0.,-1.,0.));
#7580 = DIRECTION('',(0.,0.,1.));
#7581 = ORIENTED_EDGE('',*,*,#7582,.F.);
#7582 = EDGE_CURVE('',#7583,#7574,#7585,.T.);
#7583 = VERTEX_POINT('',#7584);
#7584 = CARTESIAN_POINT('',(-0.755,-0.4,0.405));
#7585 = LINE('',#7586,#7587);
#7586 = CARTESIAN_POINT('',(-0.755,-0.4,0.405));
#7587 = VECTOR('',#7588,1.);
#7588 = DIRECTION('',(1.,0.,0.));
#7589 = ORIENTED_EDGE('',*,*,#7590,.F.);
#7590 = EDGE_CURVE('',#7591,#7583,#7593,.T.);
#7591 = VERTEX_POINT('',#7592);
#7592 = CARTESIAN_POINT('',(-0.755,-0.4,4.5E-02));
#7593 = LINE('',#7594,#7595);
#7594 = CARTESIAN_POINT('',(-0.755,-0.4,4.5E-02));
#7595 = VECTOR('',#7596,1.);
#7596 = DIRECTION('',(0.,0.,1.));
#7597 = ORIENTED_EDGE('',*,*,#7598,.T.);
#7598 = EDGE_CURVE('',#7591,#7599,#7601,.T.);
#7599 = VERTEX_POINT('',#7600);
#7600 = CARTESIAN_POINT('',(-0.5,-0.4,4.5E-02));
#7601 = LINE('',#7602,#7603);
#7602 = CARTESIAN_POINT('',(-0.755,-0.4,4.5E-02));
#7603 = VECTOR('',#7604,1.);
#7604 = DIRECTION('',(1.,0.,0.));
#7605 = ORIENTED_EDGE('',*,*,#7606,.T.);
#7606 = EDGE_CURVE('',#7599,#7541,#7607,.T.);
#7607 = CIRCLE('',#7608,4.5E-02);
#7608 = AXIS2_PLACEMENT_3D('',#7609,#7610,#7611);
#7609 = CARTESIAN_POINT('',(-0.545,-0.4,4.5E-02));
#7610 = DIRECTION('',(0.,1.,0.));
#7611 = DIRECTION('',(0.,-0.,1.));
#7612 = PLANE('',#7613);
#7613 = AXIS2_PLACEMENT_3D('',#7614,#7615,#7616);
#7614 = CARTESIAN_POINT('',(-0.8,-0.4,0.));
#7615 = DIRECTION('',(0.,1.,0.));
#7616 = DIRECTION('',(0.,-0.,1.));
#7617 = ADVANCED_FACE('',(#7618),#7637,.T.);
#7618 = FACE_BOUND('',#7619,.T.);
#7619 = EDGE_LOOP('',(#7620,#7621,#7630,#7636));
#7620 = ORIENTED_EDGE('',*,*,#7508,.T.);
#7621 = ORIENTED_EDGE('',*,*,#7622,.T.);
#7622 = EDGE_CURVE('',#7509,#7623,#7625,.T.);
#7623 = VERTEX_POINT('',#7624);
#7624 = CARTESIAN_POINT('',(-0.755,0.4,-2.775557561563E-17));
#7625 = CIRCLE('',#7626,4.5E-02);
#7626 = AXIS2_PLACEMENT_3D('',#7627,#7628,#7629);
#7627 = CARTESIAN_POINT('',(-0.755,0.4,4.5E-02));
#7628 = DIRECTION('',(0.,-1.,0.));
#7629 = DIRECTION('',(0.,0.,1.));
#7630 = ORIENTED_EDGE('',*,*,#7631,.F.);
#7631 = EDGE_CURVE('',#7539,#7623,#7632,.T.);
#7632 = LINE('',#7633,#7634);
#7633 = CARTESIAN_POINT('',(-0.755,-0.4,-2.775557561563E-17));
#7634 = VECTOR('',#7635,1.);
#7635 = DIRECTION('',(0.,1.,0.));
#7636 = ORIENTED_EDGE('',*,*,#7548,.F.);
#7637 = CYLINDRICAL_SURFACE('',#7638,4.5E-02);
#7638 = AXIS2_PLACEMENT_3D('',#7639,#7640,#7641);
#7639 = CARTESIAN_POINT('',(-0.755,-0.4,4.5E-02));
#7640 = DIRECTION('',(0.,1.,0.));
#7641 = DIRECTION('',(-1.,0.,0.));
#7642 = ADVANCED_FACE('',(#7643),#7662,.T.);
#7643 = FACE_BOUND('',#7644,.T.);
#7644 = EDGE_LOOP('',(#7645,#7646,#7654,#7661));
#7645 = ORIENTED_EDGE('',*,*,#7556,.T.);
#7646 = ORIENTED_EDGE('',*,*,#7647,.T.);
#7647 = EDGE_CURVE('',#7557,#7648,#7650,.T.);
#7648 = VERTEX_POINT('',#7649);
#7649 = CARTESIAN_POINT('',(-0.755,0.4,0.45));
#7650 = LINE('',#7651,#7652);
#7651 = CARTESIAN_POINT('',(-0.755,-0.4,0.45));
#7652 = VECTOR('',#7653,1.);
#7653 = DIRECTION('',(0.,1.,0.));
#7654 = ORIENTED_EDGE('',*,*,#7655,.F.);
#7655 = EDGE_CURVE('',#7517,#7648,#7656,.T.);
#7656 = CIRCLE('',#7657,4.5E-02);
#7657 = AXIS2_PLACEMENT_3D('',#7658,#7659,#7660);
#7658 = CARTESIAN_POINT('',(-0.755,0.4,0.405));
#7659 = DIRECTION('',(0.,1.,0.));
#7660 = DIRECTION('',(0.,-0.,1.));
#7661 = ORIENTED_EDGE('',*,*,#7524,.F.);
#7662 = CYLINDRICAL_SURFACE('',#7663,4.5E-02);
#7663 = AXIS2_PLACEMENT_3D('',#7664,#7665,#7666);
#7664 = CARTESIAN_POINT('',(-0.755,-0.4,0.405));
#7665 = DIRECTION('',(0.,1.,0.));
#7666 = DIRECTION('',(-1.,0.,0.));
#7667 = ADVANCED_FACE('',(#7668),#7729,.T.);
#7668 = FACE_BOUND('',#7669,.T.);
#7669 = EDGE_LOOP('',(#7670,#7678,#7679,#7680,#7681,#7689,#7698,#7706,
    #7714,#7722));
#7670 = ORIENTED_EDGE('',*,*,#7671,.F.);
#7671 = EDGE_CURVE('',#7623,#7672,#7674,.T.);
#7672 = VERTEX_POINT('',#7673);
#7673 = CARTESIAN_POINT('',(-0.545,0.4,-2.775557561563E-17));
#7674 = LINE('',#7675,#7676);
#7675 = CARTESIAN_POINT('',(-0.8,0.4,0.));
#7676 = VECTOR('',#7677,1.);
#7677 = DIRECTION('',(1.,0.,0.));
#7678 = ORIENTED_EDGE('',*,*,#7622,.F.);
#7679 = ORIENTED_EDGE('',*,*,#7516,.T.);
#7680 = ORIENTED_EDGE('',*,*,#7655,.T.);
#7681 = ORIENTED_EDGE('',*,*,#7682,.T.);
#7682 = EDGE_CURVE('',#7648,#7683,#7685,.T.);
#7683 = VERTEX_POINT('',#7684);
#7684 = CARTESIAN_POINT('',(-0.545,0.4,0.45));
#7685 = LINE('',#7686,#7687);
#7686 = CARTESIAN_POINT('',(-0.8,0.4,0.45));
#7687 = VECTOR('',#7688,1.);
#7688 = DIRECTION('',(1.,0.,0.));
#7689 = ORIENTED_EDGE('',*,*,#7690,.F.);
#7690 = EDGE_CURVE('',#7691,#7683,#7693,.T.);
#7691 = VERTEX_POINT('',#7692);
#7692 = CARTESIAN_POINT('',(-0.5,0.4,0.405));
#7693 = CIRCLE('',#7694,4.5E-02);
#7694 = AXIS2_PLACEMENT_3D('',#7695,#7696,#7697);
#7695 = CARTESIAN_POINT('',(-0.545,0.4,0.405));
#7696 = DIRECTION('',(0.,-1.,0.));
#7697 = DIRECTION('',(0.,0.,1.));
#7698 = ORIENTED_EDGE('',*,*,#7699,.F.);
#7699 = EDGE_CURVE('',#7700,#7691,#7702,.T.);
#7700 = VERTEX_POINT('',#7701);
#7701 = CARTESIAN_POINT('',(-0.755,0.4,0.405));
#7702 = LINE('',#7703,#7704);
#7703 = CARTESIAN_POINT('',(-0.755,0.4,0.405));
#7704 = VECTOR('',#7705,1.);
#7705 = DIRECTION('',(1.,0.,0.));
#7706 = ORIENTED_EDGE('',*,*,#7707,.F.);
#7707 = EDGE_CURVE('',#7708,#7700,#7710,.T.);
#7708 = VERTEX_POINT('',#7709);
#7709 = CARTESIAN_POINT('',(-0.755,0.4,4.5E-02));
#7710 = LINE('',#7711,#7712);
#7711 = CARTESIAN_POINT('',(-0.755,0.4,4.5E-02));
#7712 = VECTOR('',#7713,1.);
#7713 = DIRECTION('',(0.,0.,1.));
#7714 = ORIENTED_EDGE('',*,*,#7715,.T.);
#7715 = EDGE_CURVE('',#7708,#7716,#7718,.T.);
#7716 = VERTEX_POINT('',#7717);
#7717 = CARTESIAN_POINT('',(-0.5,0.4,4.5E-02));
#7718 = LINE('',#7719,#7720);
#7719 = CARTESIAN_POINT('',(-0.755,0.4,4.5E-02));
#7720 = VECTOR('',#7721,1.);
#7721 = DIRECTION('',(1.,0.,0.));
#7722 = ORIENTED_EDGE('',*,*,#7723,.T.);
#7723 = EDGE_CURVE('',#7716,#7672,#7724,.T.);
#7724 = CIRCLE('',#7725,4.5E-02);
#7725 = AXIS2_PLACEMENT_3D('',#7726,#7727,#7728);
#7726 = CARTESIAN_POINT('',(-0.545,0.4,4.5E-02));
#7727 = DIRECTION('',(0.,1.,0.));
#7728 = DIRECTION('',(0.,-0.,1.));
#7729 = PLANE('',#7730);
#7730 = AXIS2_PLACEMENT_3D('',#7731,#7732,#7733);
#7731 = CARTESIAN_POINT('',(-0.8,0.4,0.));
#7732 = DIRECTION('',(0.,1.,0.));
#7733 = DIRECTION('',(0.,-0.,1.));
#7734 = ADVANCED_FACE('',(#7735),#7746,.F.);
#7735 = FACE_BOUND('',#7736,.F.);
#7736 = EDGE_LOOP('',(#7737,#7738,#7739,#7740));
#7737 = ORIENTED_EDGE('',*,*,#7671,.F.);
#7738 = ORIENTED_EDGE('',*,*,#7631,.F.);
#7739 = ORIENTED_EDGE('',*,*,#7538,.T.);
#7740 = ORIENTED_EDGE('',*,*,#7741,.T.);
#7741 = EDGE_CURVE('',#7541,#7672,#7742,.T.);
#7742 = LINE('',#7743,#7744);
#7743 = CARTESIAN_POINT('',(-0.545,-0.4,-2.775557561563E-17));
#7744 = VECTOR('',#7745,1.);
#7745 = DIRECTION('',(0.,1.,0.));
#7746 = PLANE('',#7747);
#7747 = AXIS2_PLACEMENT_3D('',#7748,#7749,#7750);
#7748 = CARTESIAN_POINT('',(-0.8,-0.4,0.));
#7749 = DIRECTION('',(0.,0.,1.));
#7750 = DIRECTION('',(1.,0.,-0.));
#7751 = ADVANCED_FACE('',(#7752),#7763,.T.);
#7752 = FACE_BOUND('',#7753,.T.);
#7753 = EDGE_LOOP('',(#7754,#7755,#7756,#7757));
#7754 = ORIENTED_EDGE('',*,*,#7606,.T.);
#7755 = ORIENTED_EDGE('',*,*,#7741,.T.);
#7756 = ORIENTED_EDGE('',*,*,#7723,.F.);
#7757 = ORIENTED_EDGE('',*,*,#7758,.F.);
#7758 = EDGE_CURVE('',#7599,#7716,#7759,.T.);
#7759 = LINE('',#7760,#7761);
#7760 = CARTESIAN_POINT('',(-0.5,-0.4,4.5E-02));
#7761 = VECTOR('',#7762,1.);
#7762 = DIRECTION('',(0.,1.,0.));
#7763 = CYLINDRICAL_SURFACE('',#7764,4.5E-02);
#7764 = AXIS2_PLACEMENT_3D('',#7765,#7766,#7767);
#7765 = CARTESIAN_POINT('',(-0.545,-0.4,4.5E-02));
#7766 = DIRECTION('',(0.,1.,0.));
#7767 = DIRECTION('',(1.,0.,0.));
#7768 = ADVANCED_FACE('',(#7769),#7812,.F.);
#7769 = FACE_BOUND('',#7770,.F.);
#7770 = EDGE_LOOP('',(#7771,#7772,#7773,#7774,#7782,#7790,#7798,#7806));
#7771 = ORIENTED_EDGE('',*,*,#7598,.F.);
#7772 = ORIENTED_EDGE('',*,*,#7590,.T.);
#7773 = ORIENTED_EDGE('',*,*,#7582,.T.);
#7774 = ORIENTED_EDGE('',*,*,#7775,.T.);
#7775 = EDGE_CURVE('',#7574,#7776,#7778,.T.);
#7776 = VERTEX_POINT('',#7777);
#7777 = CARTESIAN_POINT('',(0.5,-0.4,0.405));
#7778 = LINE('',#7779,#7780);
#7779 = CARTESIAN_POINT('',(-0.5,-0.4,0.405));
#7780 = VECTOR('',#7781,1.);
#7781 = DIRECTION('',(1.,0.,0.));
#7782 = ORIENTED_EDGE('',*,*,#7783,.T.);
#7783 = EDGE_CURVE('',#7776,#7784,#7786,.T.);
#7784 = VERTEX_POINT('',#7785);
#7785 = CARTESIAN_POINT('',(0.755,-0.4,0.405));
#7786 = LINE('',#7787,#7788);
#7787 = CARTESIAN_POINT('',(-0.755,-0.4,0.405));
#7788 = VECTOR('',#7789,1.);
#7789 = DIRECTION('',(1.,0.,0.));
#7790 = ORIENTED_EDGE('',*,*,#7791,.F.);
#7791 = EDGE_CURVE('',#7792,#7784,#7794,.T.);
#7792 = VERTEX_POINT('',#7793);
#7793 = CARTESIAN_POINT('',(0.755,-0.4,4.5E-02));
#7794 = LINE('',#7795,#7796);
#7795 = CARTESIAN_POINT('',(0.755,-0.4,4.5E-02));
#7796 = VECTOR('',#7797,1.);
#7797 = DIRECTION('',(0.,0.,1.));
#7798 = ORIENTED_EDGE('',*,*,#7799,.F.);
#7799 = EDGE_CURVE('',#7800,#7792,#7802,.T.);
#7800 = VERTEX_POINT('',#7801);
#7801 = CARTESIAN_POINT('',(0.5,-0.4,4.5E-02));
#7802 = LINE('',#7803,#7804);
#7803 = CARTESIAN_POINT('',(-0.755,-0.4,4.5E-02));
#7804 = VECTOR('',#7805,1.);
#7805 = DIRECTION('',(1.,0.,0.));
#7806 = ORIENTED_EDGE('',*,*,#7807,.F.);
#7807 = EDGE_CURVE('',#7599,#7800,#7808,.T.);
#7808 = LINE('',#7809,#7810);
#7809 = CARTESIAN_POINT('',(-0.755,-0.4,4.5E-02));
#7810 = VECTOR('',#7811,1.);
#7811 = DIRECTION('',(1.,0.,0.));
#7812 = PLANE('',#7813);
#7813 = AXIS2_PLACEMENT_3D('',#7814,#7815,#7816);
#7814 = CARTESIAN_POINT('',(-0.755,-0.4,4.5E-02));
#7815 = DIRECTION('',(0.,1.,0.));
#7816 = DIRECTION('',(0.,-0.,1.));
#7817 = ADVANCED_FACE('',(#7818),#7829,.T.);
#7818 = FACE_BOUND('',#7819,.T.);
#7819 = EDGE_LOOP('',(#7820,#7821,#7822,#7823));
#7820 = ORIENTED_EDGE('',*,*,#7682,.F.);
#7821 = ORIENTED_EDGE('',*,*,#7647,.F.);
#7822 = ORIENTED_EDGE('',*,*,#7565,.T.);
#7823 = ORIENTED_EDGE('',*,*,#7824,.T.);
#7824 = EDGE_CURVE('',#7566,#7683,#7825,.T.);
#7825 = LINE('',#7826,#7827);
#7826 = CARTESIAN_POINT('',(-0.545,-0.4,0.45));
#7827 = VECTOR('',#7828,1.);
#7828 = DIRECTION('',(0.,1.,0.));
#7829 = PLANE('',#7830);
#7830 = AXIS2_PLACEMENT_3D('',#7831,#7832,#7833);
#7831 = CARTESIAN_POINT('',(-0.8,-0.4,0.45));
#7832 = DIRECTION('',(0.,0.,1.));
#7833 = DIRECTION('',(1.,0.,-0.));
#7834 = ADVANCED_FACE('',(#7835),#7846,.T.);
#7835 = FACE_BOUND('',#7836,.T.);
#7836 = EDGE_LOOP('',(#7837,#7843,#7844,#7845));
#7837 = ORIENTED_EDGE('',*,*,#7838,.T.);
#7838 = EDGE_CURVE('',#7574,#7691,#7839,.T.);
#7839 = LINE('',#7840,#7841);
#7840 = CARTESIAN_POINT('',(-0.5,-0.4,0.405));
#7841 = VECTOR('',#7842,1.);
#7842 = DIRECTION('',(0.,1.,0.));
#7843 = ORIENTED_EDGE('',*,*,#7690,.T.);
#7844 = ORIENTED_EDGE('',*,*,#7824,.F.);
#7845 = ORIENTED_EDGE('',*,*,#7573,.F.);
#7846 = CYLINDRICAL_SURFACE('',#7847,4.5E-02);
#7847 = AXIS2_PLACEMENT_3D('',#7848,#7849,#7850);
#7848 = CARTESIAN_POINT('',(-0.545,-0.4,0.405));
#7849 = DIRECTION('',(0.,1.,0.));
#7850 = DIRECTION('',(1.,0.,0.));
#7851 = ADVANCED_FACE('',(#7852),#7895,.T.);
#7852 = FACE_BOUND('',#7853,.T.);
#7853 = EDGE_LOOP('',(#7854,#7855,#7856,#7857,#7865,#7873,#7881,#7889));
#7854 = ORIENTED_EDGE('',*,*,#7715,.F.);
#7855 = ORIENTED_EDGE('',*,*,#7707,.T.);
#7856 = ORIENTED_EDGE('',*,*,#7699,.T.);
#7857 = ORIENTED_EDGE('',*,*,#7858,.T.);
#7858 = EDGE_CURVE('',#7691,#7859,#7861,.T.);
#7859 = VERTEX_POINT('',#7860);
#7860 = CARTESIAN_POINT('',(0.5,0.4,0.405));
#7861 = LINE('',#7862,#7863);
#7862 = CARTESIAN_POINT('',(-0.5,0.4,0.405));
#7863 = VECTOR('',#7864,1.);
#7864 = DIRECTION('',(1.,0.,0.));
#7865 = ORIENTED_EDGE('',*,*,#7866,.T.);
#7866 = EDGE_CURVE('',#7859,#7867,#7869,.T.);
#7867 = VERTEX_POINT('',#7868);
#7868 = CARTESIAN_POINT('',(0.755,0.4,0.405));
#7869 = LINE('',#7870,#7871);
#7870 = CARTESIAN_POINT('',(-0.755,0.4,0.405));
#7871 = VECTOR('',#7872,1.);
#7872 = DIRECTION('',(1.,0.,0.));
#7873 = ORIENTED_EDGE('',*,*,#7874,.F.);
#7874 = EDGE_CURVE('',#7875,#7867,#7877,.T.);
#7875 = VERTEX_POINT('',#7876);
#7876 = CARTESIAN_POINT('',(0.755,0.4,4.5E-02));
#7877 = LINE('',#7878,#7879);
#7878 = CARTESIAN_POINT('',(0.755,0.4,4.5E-02));
#7879 = VECTOR('',#7880,1.);
#7880 = DIRECTION('',(0.,0.,1.));
#7881 = ORIENTED_EDGE('',*,*,#7882,.F.);
#7882 = EDGE_CURVE('',#7883,#7875,#7885,.T.);
#7883 = VERTEX_POINT('',#7884);
#7884 = CARTESIAN_POINT('',(0.5,0.4,4.5E-02));
#7885 = LINE('',#7886,#7887);
#7886 = CARTESIAN_POINT('',(-0.755,0.4,4.5E-02));
#7887 = VECTOR('',#7888,1.);
#7888 = DIRECTION('',(1.,0.,0.));
#7889 = ORIENTED_EDGE('',*,*,#7890,.F.);
#7890 = EDGE_CURVE('',#7716,#7883,#7891,.T.);
#7891 = LINE('',#7892,#7893);
#7892 = CARTESIAN_POINT('',(-0.755,0.4,4.5E-02));
#7893 = VECTOR('',#7894,1.);
#7894 = DIRECTION('',(1.,0.,0.));
#7895 = PLANE('',#7896);
#7896 = AXIS2_PLACEMENT_3D('',#7897,#7898,#7899);
#7897 = CARTESIAN_POINT('',(-0.755,0.4,4.5E-02));
#7898 = DIRECTION('',(0.,1.,0.));
#7899 = DIRECTION('',(0.,-0.,1.));
#7900 = ADVANCED_FACE('',(#7901),#7912,.F.);
#7901 = FACE_BOUND('',#7902,.F.);
#7902 = EDGE_LOOP('',(#7903,#7904,#7905,#7911));
#7903 = ORIENTED_EDGE('',*,*,#7758,.F.);
#7904 = ORIENTED_EDGE('',*,*,#7807,.T.);
#7905 = ORIENTED_EDGE('',*,*,#7906,.T.);
#7906 = EDGE_CURVE('',#7800,#7883,#7907,.T.);
#7907 = LINE('',#7908,#7909);
#7908 = CARTESIAN_POINT('',(0.5,-0.4,4.5E-02));
#7909 = VECTOR('',#7910,1.);
#7910 = DIRECTION('',(0.,1.,0.));
#7911 = ORIENTED_EDGE('',*,*,#7890,.F.);
#7912 = PLANE('',#7913);
#7913 = AXIS2_PLACEMENT_3D('',#7914,#7915,#7916);
#7914 = CARTESIAN_POINT('',(-0.755,-0.4,4.5E-02));
#7915 = DIRECTION('',(0.,0.,1.));
#7916 = DIRECTION('',(1.,0.,-0.));
#7917 = ADVANCED_FACE('',(#7918),#7981,.F.);
#7918 = FACE_BOUND('',#7919,.F.);
#7919 = EDGE_LOOP('',(#7920,#7930,#7937,#7938,#7939,#7940,#7949,#7957,
    #7966,#7974));
#7920 = ORIENTED_EDGE('',*,*,#7921,.F.);
#7921 = EDGE_CURVE('',#7922,#7924,#7926,.T.);
#7922 = VERTEX_POINT('',#7923);
#7923 = CARTESIAN_POINT('',(0.545,-0.4,-2.775557561563E-17));
#7924 = VERTEX_POINT('',#7925);
#7925 = CARTESIAN_POINT('',(0.755,-0.4,-2.775557561563E-17));
#7926 = LINE('',#7927,#7928);
#7927 = CARTESIAN_POINT('',(0.5,-0.4,0.));
#7928 = VECTOR('',#7929,1.);
#7929 = DIRECTION('',(1.,0.,0.));
#7930 = ORIENTED_EDGE('',*,*,#7931,.F.);
#7931 = EDGE_CURVE('',#7800,#7922,#7932,.T.);
#7932 = CIRCLE('',#7933,4.5E-02);
#7933 = AXIS2_PLACEMENT_3D('',#7934,#7935,#7936);
#7934 = CARTESIAN_POINT('',(0.545,-0.4,4.5E-02));
#7935 = DIRECTION('',(0.,-1.,0.));
#7936 = DIRECTION('',(0.,0.,1.));
#7937 = ORIENTED_EDGE('',*,*,#7799,.T.);
#7938 = ORIENTED_EDGE('',*,*,#7791,.T.);
#7939 = ORIENTED_EDGE('',*,*,#7783,.F.);
#7940 = ORIENTED_EDGE('',*,*,#7941,.T.);
#7941 = EDGE_CURVE('',#7776,#7942,#7944,.T.);
#7942 = VERTEX_POINT('',#7943);
#7943 = CARTESIAN_POINT('',(0.545,-0.4,0.45));
#7944 = CIRCLE('',#7945,4.5E-02);
#7945 = AXIS2_PLACEMENT_3D('',#7946,#7947,#7948);
#7946 = CARTESIAN_POINT('',(0.545,-0.4,0.405));
#7947 = DIRECTION('',(0.,1.,0.));
#7948 = DIRECTION('',(0.,-0.,1.));
#7949 = ORIENTED_EDGE('',*,*,#7950,.T.);
#7950 = EDGE_CURVE('',#7942,#7951,#7953,.T.);
#7951 = VERTEX_POINT('',#7952);
#7952 = CARTESIAN_POINT('',(0.755,-0.4,0.45));
#7953 = LINE('',#7954,#7955);
#7954 = CARTESIAN_POINT('',(0.5,-0.4,0.45));
#7955 = VECTOR('',#7956,1.);
#7956 = DIRECTION('',(1.,0.,0.));
#7957 = ORIENTED_EDGE('',*,*,#7958,.F.);
#7958 = EDGE_CURVE('',#7959,#7951,#7961,.T.);
#7959 = VERTEX_POINT('',#7960);
#7960 = CARTESIAN_POINT('',(0.8,-0.4,0.405));
#7961 = CIRCLE('',#7962,4.5E-02);
#7962 = AXIS2_PLACEMENT_3D('',#7963,#7964,#7965);
#7963 = CARTESIAN_POINT('',(0.755,-0.4,0.405));
#7964 = DIRECTION('',(0.,-1.,0.));
#7965 = DIRECTION('',(0.,0.,1.));
#7966 = ORIENTED_EDGE('',*,*,#7967,.F.);
#7967 = EDGE_CURVE('',#7968,#7959,#7970,.T.);
#7968 = VERTEX_POINT('',#7969);
#7969 = CARTESIAN_POINT('',(0.8,-0.4,4.5E-02));
#7970 = LINE('',#7971,#7972);
#7971 = CARTESIAN_POINT('',(0.8,-0.4,0.));
#7972 = VECTOR('',#7973,1.);
#7973 = DIRECTION('',(0.,0.,1.));
#7974 = ORIENTED_EDGE('',*,*,#7975,.T.);
#7975 = EDGE_CURVE('',#7968,#7924,#7976,.T.);
#7976 = CIRCLE('',#7977,4.5E-02);
#7977 = AXIS2_PLACEMENT_3D('',#7978,#7979,#7980);
#7978 = CARTESIAN_POINT('',(0.755,-0.4,4.5E-02));
#7979 = DIRECTION('',(0.,1.,0.));
#7980 = DIRECTION('',(0.,-0.,1.));
#7981 = PLANE('',#7982);
#7982 = AXIS2_PLACEMENT_3D('',#7983,#7984,#7985);
#7983 = CARTESIAN_POINT('',(0.5,-0.4,0.));
#7984 = DIRECTION('',(0.,1.,0.));
#7985 = DIRECTION('',(0.,-0.,1.));
#7986 = ADVANCED_FACE('',(#7987),#8012,.F.);
#7987 = FACE_BOUND('',#7988,.F.);
#7988 = EDGE_LOOP('',(#7989,#7990,#7998,#8006));
#7989 = ORIENTED_EDGE('',*,*,#7775,.F.);
#7990 = ORIENTED_EDGE('',*,*,#7991,.T.);
#7991 = EDGE_CURVE('',#7574,#7992,#7994,.T.);
#7992 = VERTEX_POINT('',#7993);
#7993 = CARTESIAN_POINT('',(-0.5,-0.4,0.45));
#7994 = LINE('',#7995,#7996);
#7995 = CARTESIAN_POINT('',(-0.5,-0.4,0.405));
#7996 = VECTOR('',#7997,1.);
#7997 = DIRECTION('',(0.,0.,1.));
#7998 = ORIENTED_EDGE('',*,*,#7999,.T.);
#7999 = EDGE_CURVE('',#7992,#8000,#8002,.T.);
#8000 = VERTEX_POINT('',#8001);
#8001 = CARTESIAN_POINT('',(0.5,-0.4,0.45));
#8002 = LINE('',#8003,#8004);
#8003 = CARTESIAN_POINT('',(-0.5,-0.4,0.45));
#8004 = VECTOR('',#8005,1.);
#8005 = DIRECTION('',(1.,0.,0.));
#8006 = ORIENTED_EDGE('',*,*,#8007,.F.);
#8007 = EDGE_CURVE('',#7776,#8000,#8008,.T.);
#8008 = LINE('',#8009,#8010);
#8009 = CARTESIAN_POINT('',(0.5,-0.4,0.405));
#8010 = VECTOR('',#8011,1.);
#8011 = DIRECTION('',(0.,0.,1.));
#8012 = PLANE('',#8013);
#8013 = AXIS2_PLACEMENT_3D('',#8014,#8015,#8016);
#8014 = CARTESIAN_POINT('',(-0.5,-0.4,0.405));
#8015 = DIRECTION('',(0.,1.,0.));
#8016 = DIRECTION('',(0.,-0.,1.));
#8017 = ADVANCED_FACE('',(#8018),#8036,.F.);
#8018 = FACE_BOUND('',#8019,.F.);
#8019 = EDGE_LOOP('',(#8020,#8021,#8022,#8030));
#8020 = ORIENTED_EDGE('',*,*,#7991,.F.);
#8021 = ORIENTED_EDGE('',*,*,#7838,.T.);
#8022 = ORIENTED_EDGE('',*,*,#8023,.T.);
#8023 = EDGE_CURVE('',#7691,#8024,#8026,.T.);
#8024 = VERTEX_POINT('',#8025);
#8025 = CARTESIAN_POINT('',(-0.5,0.4,0.45));
#8026 = LINE('',#8027,#8028);
#8027 = CARTESIAN_POINT('',(-0.5,0.4,0.405));
#8028 = VECTOR('',#8029,1.);
#8029 = DIRECTION('',(0.,0.,1.));
#8030 = ORIENTED_EDGE('',*,*,#8031,.F.);
#8031 = EDGE_CURVE('',#7992,#8024,#8032,.T.);
#8032 = LINE('',#8033,#8034);
#8033 = CARTESIAN_POINT('',(-0.5,-0.4,0.45));
#8034 = VECTOR('',#8035,1.);
#8035 = DIRECTION('',(0.,1.,0.));
#8036 = PLANE('',#8037);
#8037 = AXIS2_PLACEMENT_3D('',#8038,#8039,#8040);
#8038 = CARTESIAN_POINT('',(-0.5,-0.4,0.405));
#8039 = DIRECTION('',(1.,0.,0.));
#8040 = DIRECTION('',(0.,0.,1.));
#8041 = ADVANCED_FACE('',(#8042),#8105,.T.);
#8042 = FACE_BOUND('',#8043,.T.);
#8043 = EDGE_LOOP('',(#8044,#8054,#8061,#8062,#8063,#8064,#8073,#8081,
    #8090,#8098));
#8044 = ORIENTED_EDGE('',*,*,#8045,.F.);
#8045 = EDGE_CURVE('',#8046,#8048,#8050,.T.);
#8046 = VERTEX_POINT('',#8047);
#8047 = CARTESIAN_POINT('',(0.545,0.4,-2.775557561563E-17));
#8048 = VERTEX_POINT('',#8049);
#8049 = CARTESIAN_POINT('',(0.755,0.4,-2.775557561563E-17));
#8050 = LINE('',#8051,#8052);
#8051 = CARTESIAN_POINT('',(0.5,0.4,0.));
#8052 = VECTOR('',#8053,1.);
#8053 = DIRECTION('',(1.,0.,0.));
#8054 = ORIENTED_EDGE('',*,*,#8055,.F.);
#8055 = EDGE_CURVE('',#7883,#8046,#8056,.T.);
#8056 = CIRCLE('',#8057,4.5E-02);
#8057 = AXIS2_PLACEMENT_3D('',#8058,#8059,#8060);
#8058 = CARTESIAN_POINT('',(0.545,0.4,4.5E-02));
#8059 = DIRECTION('',(0.,-1.,0.));
#8060 = DIRECTION('',(0.,0.,1.));
#8061 = ORIENTED_EDGE('',*,*,#7882,.T.);
#8062 = ORIENTED_EDGE('',*,*,#7874,.T.);
#8063 = ORIENTED_EDGE('',*,*,#7866,.F.);
#8064 = ORIENTED_EDGE('',*,*,#8065,.T.);
#8065 = EDGE_CURVE('',#7859,#8066,#8068,.T.);
#8066 = VERTEX_POINT('',#8067);
#8067 = CARTESIAN_POINT('',(0.545,0.4,0.45));
#8068 = CIRCLE('',#8069,4.5E-02);
#8069 = AXIS2_PLACEMENT_3D('',#8070,#8071,#8072);
#8070 = CARTESIAN_POINT('',(0.545,0.4,0.405));
#8071 = DIRECTION('',(0.,1.,0.));
#8072 = DIRECTION('',(0.,-0.,1.));
#8073 = ORIENTED_EDGE('',*,*,#8074,.T.);
#8074 = EDGE_CURVE('',#8066,#8075,#8077,.T.);
#8075 = VERTEX_POINT('',#8076);
#8076 = CARTESIAN_POINT('',(0.755,0.4,0.45));
#8077 = LINE('',#8078,#8079);
#8078 = CARTESIAN_POINT('',(0.5,0.4,0.45));
#8079 = VECTOR('',#8080,1.);
#8080 = DIRECTION('',(1.,0.,0.));
#8081 = ORIENTED_EDGE('',*,*,#8082,.F.);
#8082 = EDGE_CURVE('',#8083,#8075,#8085,.T.);
#8083 = VERTEX_POINT('',#8084);
#8084 = CARTESIAN_POINT('',(0.8,0.4,0.405));
#8085 = CIRCLE('',#8086,4.5E-02);
#8086 = AXIS2_PLACEMENT_3D('',#8087,#8088,#8089);
#8087 = CARTESIAN_POINT('',(0.755,0.4,0.405));
#8088 = DIRECTION('',(0.,-1.,0.));
#8089 = DIRECTION('',(0.,0.,1.));
#8090 = ORIENTED_EDGE('',*,*,#8091,.F.);
#8091 = EDGE_CURVE('',#8092,#8083,#8094,.T.);
#8092 = VERTEX_POINT('',#8093);
#8093 = CARTESIAN_POINT('',(0.8,0.4,4.5E-02));
#8094 = LINE('',#8095,#8096);
#8095 = CARTESIAN_POINT('',(0.8,0.4,0.));
#8096 = VECTOR('',#8097,1.);
#8097 = DIRECTION('',(0.,0.,1.));
#8098 = ORIENTED_EDGE('',*,*,#8099,.T.);
#8099 = EDGE_CURVE('',#8092,#8048,#8100,.T.);
#8100 = CIRCLE('',#8101,4.5E-02);
#8101 = AXIS2_PLACEMENT_3D('',#8102,#8103,#8104);
#8102 = CARTESIAN_POINT('',(0.755,0.4,4.5E-02));
#8103 = DIRECTION('',(0.,1.,0.));
#8104 = DIRECTION('',(0.,-0.,1.));
#8105 = PLANE('',#8106);
#8106 = AXIS2_PLACEMENT_3D('',#8107,#8108,#8109);
#8107 = CARTESIAN_POINT('',(0.5,0.4,0.));
#8108 = DIRECTION('',(0.,1.,0.));
#8109 = DIRECTION('',(0.,-0.,1.));
#8110 = ADVANCED_FACE('',(#8111),#8129,.T.);
#8111 = FACE_BOUND('',#8112,.T.);
#8112 = EDGE_LOOP('',(#8113,#8114,#8115,#8123));
#8113 = ORIENTED_EDGE('',*,*,#7858,.F.);
#8114 = ORIENTED_EDGE('',*,*,#8023,.T.);
#8115 = ORIENTED_EDGE('',*,*,#8116,.T.);
#8116 = EDGE_CURVE('',#8024,#8117,#8119,.T.);
#8117 = VERTEX_POINT('',#8118);
#8118 = CARTESIAN_POINT('',(0.5,0.4,0.45));
#8119 = LINE('',#8120,#8121);
#8120 = CARTESIAN_POINT('',(-0.5,0.4,0.45));
#8121 = VECTOR('',#8122,1.);
#8122 = DIRECTION('',(1.,0.,0.));
#8123 = ORIENTED_EDGE('',*,*,#8124,.F.);
#8124 = EDGE_CURVE('',#7859,#8117,#8125,.T.);
#8125 = LINE('',#8126,#8127);
#8126 = CARTESIAN_POINT('',(0.5,0.4,0.405));
#8127 = VECTOR('',#8128,1.);
#8128 = DIRECTION('',(0.,0.,1.));
#8129 = PLANE('',#8130);
#8130 = AXIS2_PLACEMENT_3D('',#8131,#8132,#8133);
#8131 = CARTESIAN_POINT('',(-0.5,0.4,0.405));
#8132 = DIRECTION('',(0.,1.,0.));
#8133 = DIRECTION('',(0.,-0.,1.));
#8134 = ADVANCED_FACE('',(#8135),#8146,.T.);
#8135 = FACE_BOUND('',#8136,.T.);
#8136 = EDGE_LOOP('',(#8137,#8138,#8139,#8145));
#8137 = ORIENTED_EDGE('',*,*,#7906,.T.);
#8138 = ORIENTED_EDGE('',*,*,#8055,.T.);
#8139 = ORIENTED_EDGE('',*,*,#8140,.F.);
#8140 = EDGE_CURVE('',#7922,#8046,#8141,.T.);
#8141 = LINE('',#8142,#8143);
#8142 = CARTESIAN_POINT('',(0.545,-0.4,-2.775557561563E-17));
#8143 = VECTOR('',#8144,1.);
#8144 = DIRECTION('',(0.,1.,0.));
#8145 = ORIENTED_EDGE('',*,*,#7931,.F.);
#8146 = CYLINDRICAL_SURFACE('',#8147,4.5E-02);
#8147 = AXIS2_PLACEMENT_3D('',#8148,#8149,#8150);
#8148 = CARTESIAN_POINT('',(0.545,-0.4,4.5E-02));
#8149 = DIRECTION('',(0.,1.,0.));
#8150 = DIRECTION('',(-1.,0.,0.));
#8151 = ADVANCED_FACE('',(#8152),#8163,.F.);
#8152 = FACE_BOUND('',#8153,.F.);
#8153 = EDGE_LOOP('',(#8154,#8155,#8156,#8157));
#8154 = ORIENTED_EDGE('',*,*,#8045,.F.);
#8155 = ORIENTED_EDGE('',*,*,#8140,.F.);
#8156 = ORIENTED_EDGE('',*,*,#7921,.T.);
#8157 = ORIENTED_EDGE('',*,*,#8158,.T.);
#8158 = EDGE_CURVE('',#7924,#8048,#8159,.T.);
#8159 = LINE('',#8160,#8161);
#8160 = CARTESIAN_POINT('',(0.755,-0.4,-2.775557561563E-17));
#8161 = VECTOR('',#8162,1.);
#8162 = DIRECTION('',(0.,1.,0.));
#8163 = PLANE('',#8164);
#8164 = AXIS2_PLACEMENT_3D('',#8165,#8166,#8167);
#8165 = CARTESIAN_POINT('',(0.5,-0.4,0.));
#8166 = DIRECTION('',(0.,0.,1.));
#8167 = DIRECTION('',(1.,0.,-0.));
#8168 = ADVANCED_FACE('',(#8169),#8180,.T.);
#8169 = FACE_BOUND('',#8170,.T.);
#8170 = EDGE_LOOP('',(#8171,#8172,#8173,#8174));
#8171 = ORIENTED_EDGE('',*,*,#7975,.T.);
#8172 = ORIENTED_EDGE('',*,*,#8158,.T.);
#8173 = ORIENTED_EDGE('',*,*,#8099,.F.);
#8174 = ORIENTED_EDGE('',*,*,#8175,.F.);
#8175 = EDGE_CURVE('',#7968,#8092,#8176,.T.);
#8176 = LINE('',#8177,#8178);
#8177 = CARTESIAN_POINT('',(0.8,-0.4,4.5E-02));
#8178 = VECTOR('',#8179,1.);
#8179 = DIRECTION('',(0.,1.,0.));
#8180 = CYLINDRICAL_SURFACE('',#8181,4.5E-02);
#8181 = AXIS2_PLACEMENT_3D('',#8182,#8183,#8184);
#8182 = CARTESIAN_POINT('',(0.755,-0.4,4.5E-02));
#8183 = DIRECTION('',(0.,1.,0.));
#8184 = DIRECTION('',(1.,0.,0.));
#8185 = ADVANCED_FACE('',(#8186),#8197,.T.);
#8186 = FACE_BOUND('',#8187,.T.);
#8187 = EDGE_LOOP('',(#8188,#8189,#8190,#8191));
#8188 = ORIENTED_EDGE('',*,*,#7967,.F.);
#8189 = ORIENTED_EDGE('',*,*,#8175,.T.);
#8190 = ORIENTED_EDGE('',*,*,#8091,.T.);
#8191 = ORIENTED_EDGE('',*,*,#8192,.F.);
#8192 = EDGE_CURVE('',#7959,#8083,#8193,.T.);
#8193 = LINE('',#8194,#8195);
#8194 = CARTESIAN_POINT('',(0.8,-0.4,0.405));
#8195 = VECTOR('',#8196,1.);
#8196 = DIRECTION('',(0.,1.,0.));
#8197 = PLANE('',#8198);
#8198 = AXIS2_PLACEMENT_3D('',#8199,#8200,#8201);
#8199 = CARTESIAN_POINT('',(0.8,-0.4,0.));
#8200 = DIRECTION('',(1.,0.,0.));
#8201 = DIRECTION('',(0.,0.,1.));
#8202 = ADVANCED_FACE('',(#8203),#8214,.T.);
#8203 = FACE_BOUND('',#8204,.T.);
#8204 = EDGE_LOOP('',(#8205,#8206,#8207,#8213));
#8205 = ORIENTED_EDGE('',*,*,#8192,.T.);
#8206 = ORIENTED_EDGE('',*,*,#8082,.T.);
#8207 = ORIENTED_EDGE('',*,*,#8208,.F.);
#8208 = EDGE_CURVE('',#7951,#8075,#8209,.T.);
#8209 = LINE('',#8210,#8211);
#8210 = CARTESIAN_POINT('',(0.755,-0.4,0.45));
#8211 = VECTOR('',#8212,1.);
#8212 = DIRECTION('',(0.,1.,0.));
#8213 = ORIENTED_EDGE('',*,*,#7958,.F.);
#8214 = CYLINDRICAL_SURFACE('',#8215,4.5E-02);
#8215 = AXIS2_PLACEMENT_3D('',#8216,#8217,#8218);
#8216 = CARTESIAN_POINT('',(0.755,-0.4,0.405));
#8217 = DIRECTION('',(0.,1.,0.));
#8218 = DIRECTION('',(1.,0.,0.));
#8219 = ADVANCED_FACE('',(#8220),#8231,.T.);
#8220 = FACE_BOUND('',#8221,.T.);
#8221 = EDGE_LOOP('',(#8222,#8223,#8229,#8230));
#8222 = ORIENTED_EDGE('',*,*,#8074,.F.);
#8223 = ORIENTED_EDGE('',*,*,#8224,.F.);
#8224 = EDGE_CURVE('',#7942,#8066,#8225,.T.);
#8225 = LINE('',#8226,#8227);
#8226 = CARTESIAN_POINT('',(0.545,-0.4,0.45));
#8227 = VECTOR('',#8228,1.);
#8228 = DIRECTION('',(0.,1.,0.));
#8229 = ORIENTED_EDGE('',*,*,#7950,.T.);
#8230 = ORIENTED_EDGE('',*,*,#8208,.T.);
#8231 = PLANE('',#8232);
#8232 = AXIS2_PLACEMENT_3D('',#8233,#8234,#8235);
#8233 = CARTESIAN_POINT('',(0.5,-0.4,0.45));
#8234 = DIRECTION('',(0.,0.,1.));
#8235 = DIRECTION('',(1.,0.,-0.));
#8236 = ADVANCED_FACE('',(#8237),#8248,.T.);
#8237 = FACE_BOUND('',#8238,.T.);
#8238 = EDGE_LOOP('',(#8239,#8240,#8241,#8242));
#8239 = ORIENTED_EDGE('',*,*,#7941,.T.);
#8240 = ORIENTED_EDGE('',*,*,#8224,.T.);
#8241 = ORIENTED_EDGE('',*,*,#8065,.F.);
#8242 = ORIENTED_EDGE('',*,*,#8243,.F.);
#8243 = EDGE_CURVE('',#7776,#7859,#8244,.T.);
#8244 = LINE('',#8245,#8246);
#8245 = CARTESIAN_POINT('',(0.5,-0.4,0.405));
#8246 = VECTOR('',#8247,1.);
#8247 = DIRECTION('',(0.,1.,0.));
#8248 = CYLINDRICAL_SURFACE('',#8249,4.5E-02);
#8249 = AXIS2_PLACEMENT_3D('',#8250,#8251,#8252);
#8250 = CARTESIAN_POINT('',(0.545,-0.4,0.405));
#8251 = DIRECTION('',(0.,1.,0.));
#8252 = DIRECTION('',(-1.,0.,0.));
#8253 = ADVANCED_FACE('',(#8254),#8265,.T.);
#8254 = FACE_BOUND('',#8255,.T.);
#8255 = EDGE_LOOP('',(#8256,#8257,#8258,#8259));
#8256 = ORIENTED_EDGE('',*,*,#8007,.F.);
#8257 = ORIENTED_EDGE('',*,*,#8243,.T.);
#8258 = ORIENTED_EDGE('',*,*,#8124,.T.);
#8259 = ORIENTED_EDGE('',*,*,#8260,.F.);
#8260 = EDGE_CURVE('',#8000,#8117,#8261,.T.);
#8261 = LINE('',#8262,#8263);
#8262 = CARTESIAN_POINT('',(0.5,-0.4,0.45));
#8263 = VECTOR('',#8264,1.);
#8264 = DIRECTION('',(0.,1.,0.));
#8265 = PLANE('',#8266);
#8266 = AXIS2_PLACEMENT_3D('',#8267,#8268,#8269);
#8267 = CARTESIAN_POINT('',(0.5,-0.4,0.405));
#8268 = DIRECTION('',(1.,0.,0.));
#8269 = DIRECTION('',(0.,0.,1.));
#8270 = ADVANCED_FACE('',(#8271),#8277,.T.);
#8271 = FACE_BOUND('',#8272,.T.);
#8272 = EDGE_LOOP('',(#8273,#8274,#8275,#8276));
#8273 = ORIENTED_EDGE('',*,*,#8031,.F.);
#8274 = ORIENTED_EDGE('',*,*,#7999,.T.);
#8275 = ORIENTED_EDGE('',*,*,#8260,.T.);
#8276 = ORIENTED_EDGE('',*,*,#8116,.F.);
#8277 = PLANE('',#8278);
#8278 = AXIS2_PLACEMENT_3D('',#8279,#8280,#8281);
#8279 = CARTESIAN_POINT('',(-0.5,-0.4,0.45));
#8280 = DIRECTION('',(0.,0.,1.));
#8281 = DIRECTION('',(1.,0.,-0.));
#8282 = ( GEOMETRIC_REPRESENTATION_CONTEXT(3) 
GLOBAL_UNCERTAINTY_ASSIGNED_CONTEXT((#8286)) 
GLOBAL_UNIT_ASSIGNED_CONTEXT((#8283,#8284,#8285)) REPRESENTATION_CONTEXT
('Context #1','3D Context with UNIT and UNCERTAINTY') );
#8283 = ( LENGTH_UNIT() NAMED_UNIT(*) SI_UNIT(.MILLI.,.METRE.) );
#8284 = ( NAMED_UNIT(*) PLANE_ANGLE_UNIT() SI_UNIT($,.RADIAN.) );
#8285 = ( NAMED_UNIT(*) SI_UNIT($,.STERADIAN.) SOLID_ANGLE_UNIT() );
#8286 = UNCERTAINTY_MEASURE_WITH_UNIT(LENGTH_MEASURE(1.E-07),#8283,
  'distance_accuracy_value','confusion accuracy');
#8287 = CONTEXT_DEPENDENT_SHAPE_REPRESENTATION(#8288,#8290);
#8288 = ( REPRESENTATION_RELATIONSHIP('','',#7491,#10) 
REPRESENTATION_RELATIONSHIP_WITH_TRANSFORMATION(#8289) 
SHAPE_REPRESENTATION_RELATIONSHIP() );
#8289 = ITEM_DEFINED_TRANSFORMATION('','',#11,#31);
#8290 = PRODUCT_DEFINITION_SHAPE('Placement','Placement of an item',
  #8291);
#8291 = NEXT_ASSEMBLY_USAGE_OCCURRENCE('5','R1','',#5,#7486,$);
#8292 = PRODUCT_RELATED_PRODUCT_CATEGORY('part',$,(#7488));
#8293 = CONTEXT_DEPENDENT_SHAPE_REPRESENTATION(#8294,#8296);
#8294 = ( REPRESENTATION_RELATIONSHIP('','',#96,#10) 
REPRESENTATION_RELATIONSHIP_WITH_TRANSFORMATION(#8295) 
SHAPE_REPRESENTATION_RELATIONSHIP() );
#8295 = ITEM_DEFINED_TRANSFORMATION('','',#11,#35);
#8296 = PRODUCT_DEFINITION_SHAPE('Placement','Placement of an item',
  #8297);
#8297 = NEXT_ASSEMBLY_USAGE_OCCURRENCE('6','Q1','',#5,#91,$);
#8298 = SHAPE_DEFINITION_REPRESENTATION(#8299,#8305);
#8299 = PRODUCT_DEFINITION_SHAPE('','',#8300);
#8300 = PRODUCT_DEFINITION('design','',#8301,#8304);
#8301 = PRODUCT_DEFINITION_FORMATION('','',#8302);
#8302 = PRODUCT('kicad_embedded_30374B39E40BA345F2F60E163620BAAF',
  'kicad_embedded_30374B39E40BA345F2F60E163620BAAF','',(#8303));
#8303 = PRODUCT_CONTEXT('',#2,'mechanical');
#8304 = PRODUCT_DEFINITION_CONTEXT('part definition',#2,'design');
#8305 = SHAPE_REPRESENTATION('',(#11,#8306,#8310,#8314,#8318,#8322),
  #8326);
#8306 = AXIS2_PLACEMENT_3D('',#8307,#8308,#8309);
#8307 = CARTESIAN_POINT('',(0.,0.,0.));
#8308 = DIRECTION('',(0.,0.,1.));
#8309 = DIRECTION('',(1.,0.,0.));
#8310 = AXIS2_PLACEMENT_3D('',#8311,#8312,#8313);
#8311 = CARTESIAN_POINT('',(0.,0.,0.));
#8312 = DIRECTION('',(0.,0.,1.));
#8313 = DIRECTION('',(1.,0.,0.));
#8314 = AXIS2_PLACEMENT_3D('',#8315,#8316,#8317);
#8315 = CARTESIAN_POINT('',(0.,0.,0.));
#8316 = DIRECTION('',(0.,0.,1.));
#8317 = DIRECTION('',(1.,0.,0.));
#8318 = AXIS2_PLACEMENT_3D('',#8319,#8320,#8321);
#8319 = CARTESIAN_POINT('',(0.,0.,0.));
#8320 = DIRECTION('',(0.,0.,1.));
#8321 = DIRECTION('',(1.,0.,0.));
#8322 = AXIS2_PLACEMENT_3D('',#8323,#8324,#8325);
#8323 = CARTESIAN_POINT('',(0.,0.,0.));
#8324 = DIRECTION('',(0.,0.,1.));
#8325 = DIRECTION('',(1.,0.,0.));
#8326 = ( GEOMETRIC_REPRESENTATION_CONTEXT(3) 
GLOBAL_UNCERTAINTY_ASSIGNED_CONTEXT((#8330)) 
GLOBAL_UNIT_ASSIGNED_CONTEXT((#8327,#8328,#8329)) REPRESENTATION_CONTEXT
('Context #1','3D Context with UNIT and UNCERTAINTY') );
#8327 = ( LENGTH_UNIT() NAMED_UNIT(*) SI_UNIT(.MILLI.,.METRE.) );
#8328 = ( NAMED_UNIT(*) PLANE_ANGLE_UNIT() SI_UNIT($,.RADIAN.) );
#8329 = ( NAMED_UNIT(*) SI_UNIT($,.STERADIAN.) SOLID_ANGLE_UNIT() );
#8330 = UNCERTAINTY_MEASURE_WITH_UNIT(LENGTH_MEASURE(1.E-07),#8327,
  'distance_accuracy_value','confusion accuracy');
#8331 = CONTEXT_DEPENDENT_SHAPE_REPRESENTATION(#8332,#8334);
#8332 = ( REPRESENTATION_RELATIONSHIP('','',#8305,#10) 
REPRESENTATION_RELATIONSHIP_WITH_TRANSFORMATION(#8333) 
SHAPE_REPRESENTATION_RELATIONSHIP() );
#8333 = ITEM_DEFINED_TRANSFORMATION('','',#11,#39);
#8334 = PRODUCT_DEFINITION_SHAPE('Placement','Placement of an item',
  #8335);
#8335 = NEXT_ASSEMBLY_USAGE_OCCURRENCE('12','D4','',#5,#8300,$);
#8336 = PRODUCT_RELATED_PRODUCT_CATEGORY('part',$,(#8302));
#8337 = SHAPE_DEFINITION_REPRESENTATION(#8338,#8344);
#8338 = PRODUCT_DEFINITION_SHAPE('','',#8339);
#8339 = PRODUCT_DEFINITION('design','',#8340,#8343);
#8340 = PRODUCT_DEFINITION_FORMATION('','',#8341);
#8341 = PRODUCT('1^Vishay_-_VSMB10940.step','1^Vishay_-_VSMB10940.step',
  '',(#8342));
#8342 = PRODUCT_CONTEXT('',#2,'mechanical');
#8343 = PRODUCT_DEFINITION_CONTEXT('part definition',#2,'design');
#8344 = ADVANCED_BREP_SHAPE_REPRESENTATION('',(#11,#8345),#8503);
#8345 = MANIFOLD_SOLID_BREP('',#8346);
#8346 = CLOSED_SHELL('',(#8347,#8372,#8439,#8455,#8473,#8491));
#8347 = ADVANCED_FACE('',(#8348),#8367,.F.);
#8348 = FACE_BOUND('',#8349,.T.);
#8349 = EDGE_LOOP('',(#8350,#8361));
#8350 = ORIENTED_EDGE('',*,*,#8351,.F.);
#8351 = EDGE_CURVE('',#8352,#8354,#8356,.T.);
#8352 = VERTEX_POINT('',#8353);
#8353 = CARTESIAN_POINT('',(0.95,0.,0.));
#8354 = VERTEX_POINT('',#8355);
#8355 = CARTESIAN_POINT('',(-0.95,0.,0.));
#8356 = CIRCLE('',#8357,0.95);
#8357 = AXIS2_PLACEMENT_3D('',#8358,#8359,#8360);
#8358 = CARTESIAN_POINT('',(0.,0.,0.));
#8359 = DIRECTION('',(0.,0.,1.));
#8360 = DIRECTION('',(6.123233995737E-17,1.,-0.));
#8361 = ORIENTED_EDGE('',*,*,#8362,.F.);
#8362 = EDGE_CURVE('',#8354,#8352,#8363,.T.);
#8363 = LINE('',#8364,#8365);
#8364 = CARTESIAN_POINT('',(-0.550407239175,0.,0.));
#8365 = VECTOR('',#8366,1.);
#8366 = DIRECTION('',(1.,0.,0.));
#8367 = PLANE('',#8368);
#8368 = AXIS2_PLACEMENT_3D('',#8369,#8370,#8371);
#8369 = CARTESIAN_POINT('',(6.227919220931E-17,-0.299177760839,0.));
#8370 = DIRECTION('',(0.,0.,1.));
#8371 = DIRECTION('',(1.,0.,-0.));
#8372 = ADVANCED_FACE('',(#8373),#8434,.T.);
#8373 = FACE_BOUND('',#8374,.T.);
#8374 = EDGE_LOOP('',(#8375,#8384,#8392,#8401,#8409,#8418,#8426,#8433));
#8375 = ORIENTED_EDGE('',*,*,#8376,.F.);
#8376 = EDGE_CURVE('',#8377,#8352,#8379,.T.);
#8377 = VERTEX_POINT('',#8378);
#8378 = CARTESIAN_POINT('',(1.,0.,5.E-02));
#8379 = CIRCLE('',#8380,5.E-02);
#8380 = AXIS2_PLACEMENT_3D('',#8381,#8382,#8383);
#8381 = CARTESIAN_POINT('',(0.95,0.,5.E-02));
#8382 = DIRECTION('',(-0.,1.,0.));
#8383 = DIRECTION('',(1.,0.,0.));
#8384 = ORIENTED_EDGE('',*,*,#8385,.T.);
#8385 = EDGE_CURVE('',#8377,#8386,#8388,.T.);
#8386 = VERTEX_POINT('',#8387);
#8387 = CARTESIAN_POINT('',(1.,0.,0.95));
#8388 = LINE('',#8389,#8390);
#8389 = CARTESIAN_POINT('',(1.,0.,0.));
#8390 = VECTOR('',#8391,1.);
#8391 = DIRECTION('',(0.,0.,1.));
#8392 = ORIENTED_EDGE('',*,*,#8393,.F.);
#8393 = EDGE_CURVE('',#8394,#8386,#8396,.T.);
#8394 = VERTEX_POINT('',#8395);
#8395 = CARTESIAN_POINT('',(0.95,0.,1.));
#8396 = CIRCLE('',#8397,5.E-02);
#8397 = AXIS2_PLACEMENT_3D('',#8398,#8399,#8400);
#8398 = CARTESIAN_POINT('',(0.95,0.,0.95));
#8399 = DIRECTION('',(-0.,1.,0.));
#8400 = DIRECTION('',(1.,0.,0.));
#8401 = ORIENTED_EDGE('',*,*,#8402,.T.);
#8402 = EDGE_CURVE('',#8394,#8403,#8405,.T.);
#8403 = VERTEX_POINT('',#8404);
#8404 = CARTESIAN_POINT('',(-0.95,0.,1.));
#8405 = LINE('',#8406,#8407);
#8406 = CARTESIAN_POINT('',(-0.550407239175,0.,1.));
#8407 = VECTOR('',#8408,1.);
#8408 = DIRECTION('',(-1.,0.,0.));
#8409 = ORIENTED_EDGE('',*,*,#8410,.F.);
#8410 = EDGE_CURVE('',#8411,#8403,#8413,.T.);
#8411 = VERTEX_POINT('',#8412);
#8412 = CARTESIAN_POINT('',(-1.,0.,0.95));
#8413 = CIRCLE('',#8414,5.E-02);
#8414 = AXIS2_PLACEMENT_3D('',#8415,#8416,#8417);
#8415 = CARTESIAN_POINT('',(-0.95,0.,0.95));
#8416 = DIRECTION('',(0.,1.,0.));
#8417 = DIRECTION('',(-1.,0.,0.));
#8418 = ORIENTED_EDGE('',*,*,#8419,.F.);
#8419 = EDGE_CURVE('',#8420,#8411,#8422,.T.);
#8420 = VERTEX_POINT('',#8421);
#8421 = CARTESIAN_POINT('',(-1.,0.,5.E-02));
#8422 = LINE('',#8423,#8424);
#8423 = CARTESIAN_POINT('',(-1.,0.,0.));
#8424 = VECTOR('',#8425,1.);
#8425 = DIRECTION('',(0.,0.,1.));
#8426 = ORIENTED_EDGE('',*,*,#8427,.F.);
#8427 = EDGE_CURVE('',#8354,#8420,#8428,.T.);
#8428 = CIRCLE('',#8429,5.E-02);
#8429 = AXIS2_PLACEMENT_3D('',#8430,#8431,#8432);
#8430 = CARTESIAN_POINT('',(-0.95,0.,5.E-02));
#8431 = DIRECTION('',(0.,1.,0.));
#8432 = DIRECTION('',(-1.,0.,0.));
#8433 = ORIENTED_EDGE('',*,*,#8362,.T.);
#8434 = PLANE('',#8435);
#8435 = AXIS2_PLACEMENT_3D('',#8436,#8437,#8438);
#8436 = CARTESIAN_POINT('',(-1.10081447835,0.,1.));
#8437 = DIRECTION('',(0.,-1.,0.));
#8438 = DIRECTION('',(0.,0.,-1.));
#8439 = ADVANCED_FACE('',(#8440),#8450,.T.);
#8440 = FACE_BOUND('',#8441,.T.);
#8441 = EDGE_LOOP('',(#8442,#8449));
#8442 = ORIENTED_EDGE('',*,*,#8443,.F.);
#8443 = EDGE_CURVE('',#8403,#8394,#8444,.T.);
#8444 = CIRCLE('',#8445,0.95);
#8445 = AXIS2_PLACEMENT_3D('',#8446,#8447,#8448);
#8446 = CARTESIAN_POINT('',(0.,0.,1.));
#8447 = DIRECTION('',(0.,0.,-1.));
#8448 = DIRECTION('',(6.123233995737E-17,1.,0.));
#8449 = ORIENTED_EDGE('',*,*,#8402,.F.);
#8450 = PLANE('',#8451);
#8451 = AXIS2_PLACEMENT_3D('',#8452,#8453,#8454);
#8452 = CARTESIAN_POINT('',(6.227919220931E-17,-0.299177760839,1.));
#8453 = DIRECTION('',(0.,0.,1.));
#8454 = DIRECTION('',(1.,0.,-0.));
#8455 = ADVANCED_FACE('',(#8456),#8468,.T.);
#8456 = FACE_BOUND('',#8457,.T.);
#8457 = EDGE_LOOP('',(#8458,#8459,#8460,#8461));
#8458 = ORIENTED_EDGE('',*,*,#8410,.T.);
#8459 = ORIENTED_EDGE('',*,*,#8443,.T.);
#8460 = ORIENTED_EDGE('',*,*,#8393,.T.);
#8461 = ORIENTED_EDGE('',*,*,#8462,.T.);
#8462 = EDGE_CURVE('',#8386,#8411,#8463,.T.);
#8463 = CIRCLE('',#8464,1.);
#8464 = AXIS2_PLACEMENT_3D('',#8465,#8466,#8467);
#8465 = CARTESIAN_POINT('',(0.,0.,0.95));
#8466 = DIRECTION('',(0.,0.,1.));
#8467 = DIRECTION('',(6.123233995737E-17,1.,-0.));
#8468 = TOROIDAL_SURFACE('',#8469,0.95,5.E-02);
#8469 = AXIS2_PLACEMENT_3D('',#8470,#8471,#8472);
#8470 = CARTESIAN_POINT('',(0.,0.,0.95));
#8471 = DIRECTION('',(0.,0.,1.));
#8472 = DIRECTION('',(1.,0.,-0.));
#8473 = ADVANCED_FACE('',(#8474),#8486,.T.);
#8474 = FACE_BOUND('',#8475,.T.);
#8475 = EDGE_LOOP('',(#8476,#8483,#8484,#8485));
#8476 = ORIENTED_EDGE('',*,*,#8477,.F.);
#8477 = EDGE_CURVE('',#8420,#8377,#8478,.T.);
#8478 = CIRCLE('',#8479,1.);
#8479 = AXIS2_PLACEMENT_3D('',#8480,#8481,#8482);
#8480 = CARTESIAN_POINT('',(0.,0.,5.E-02));
#8481 = DIRECTION('',(0.,0.,-1.));
#8482 = DIRECTION('',(6.123233995737E-17,1.,0.));
#8483 = ORIENTED_EDGE('',*,*,#8419,.T.);
#8484 = ORIENTED_EDGE('',*,*,#8462,.F.);
#8485 = ORIENTED_EDGE('',*,*,#8385,.F.);
#8486 = CYLINDRICAL_SURFACE('',#8487,1.);
#8487 = AXIS2_PLACEMENT_3D('',#8488,#8489,#8490);
#8488 = CARTESIAN_POINT('',(0.,0.,0.));
#8489 = DIRECTION('',(0.,0.,1.));
#8490 = DIRECTION('',(1.,0.,-0.));
#8491 = ADVANCED_FACE('',(#8492),#8498,.T.);
#8492 = FACE_BOUND('',#8493,.T.);
#8493 = EDGE_LOOP('',(#8494,#8495,#8496,#8497));
#8494 = ORIENTED_EDGE('',*,*,#8427,.T.);
#8495 = ORIENTED_EDGE('',*,*,#8477,.T.);
#8496 = ORIENTED_EDGE('',*,*,#8376,.T.);
#8497 = ORIENTED_EDGE('',*,*,#8351,.T.);
#8498 = TOROIDAL_SURFACE('',#8499,0.95,5.E-02);
#8499 = AXIS2_PLACEMENT_3D('',#8500,#8501,#8502);
#8500 = CARTESIAN_POINT('',(0.,0.,5.E-02));
#8501 = DIRECTION('',(0.,0.,1.));
#8502 = DIRECTION('',(1.,0.,-0.));
#8503 = ( GEOMETRIC_REPRESENTATION_CONTEXT(3) 
GLOBAL_UNCERTAINTY_ASSIGNED_CONTEXT((#8507)) 
GLOBAL_UNIT_ASSIGNED_CONTEXT((#8504,#8505,#8506)) REPRESENTATION_CONTEXT
('Context #1','3D Context with UNIT and UNCERTAINTY') );
#8504 = ( LENGTH_UNIT() NAMED_UNIT(*) SI_UNIT(.MILLI.,.METRE.) );
#8505 = ( NAMED_UNIT(*) PLANE_ANGLE_UNIT() SI_UNIT($,.RADIAN.) );
#8506 = ( NAMED_UNIT(*) SI_UNIT($,.STERADIAN.) SOLID_ANGLE_UNIT() );
#8507 = UNCERTAINTY_MEASURE_WITH_UNIT(LENGTH_MEASURE(1.E-07),#8504,
  'distance_accuracy_value','confusion accuracy');
#8508 = CONTEXT_DEPENDENT_SHAPE_REPRESENTATION(#8509,#8511);
#8509 = ( REPRESENTATION_RELATIONSHIP('','',#8344,#8305) 
REPRESENTATION_RELATIONSHIP_WITH_TRANSFORMATION(#8510) 
SHAPE_REPRESENTATION_RELATIONSHIP() );
#8510 = ITEM_DEFINED_TRANSFORMATION('','',#11,#8306);
#8511 = PRODUCT_DEFINITION_SHAPE('Placement','Placement of an item',
  #8512);
#8512 = NEXT_ASSEMBLY_USAGE_OCCURRENCE('7','NAUO1','',#8300,#8339,$);
#8513 = PRODUCT_RELATED_PRODUCT_CATEGORY('part',$,(#8341));
#8514 = SHAPE_DEFINITION_REPRESENTATION(#8515,#8521);
#8515 = PRODUCT_DEFINITION_SHAPE('','',#8516);
#8516 = PRODUCT_DEFINITION('design','',#8517,#8520);
#8517 = PRODUCT_DEFINITION_FORMATION('','',#8518);
#8518 = PRODUCT('2^Vishay_-_VSMB10940.step','2^Vishay_-_VSMB10940.step',
  '',(#8519));
#8519 = PRODUCT_CONTEXT('',#2,'mechanical');
#8520 = PRODUCT_DEFINITION_CONTEXT('part definition',#2,'design');
#8521 = ADVANCED_BREP_SHAPE_REPRESENTATION('',(#11,#8522),#8812);
#8522 = MANIFOLD_SOLID_BREP('',#8523);
#8523 = CLOSED_SHELL('',(#8524,#8600,#8632,#8664,#8688,#8713,#8745,#8762
    ,#8779,#8796));
#8524 = ADVANCED_FACE('',(#8525),#8595,.T.);
#8525 = FACE_BOUND('',#8526,.T.);
#8526 = EDGE_LOOP('',(#8527,#8537,#8546,#8554,#8563,#8571,#8580,#8588));
#8527 = ORIENTED_EDGE('',*,*,#8528,.T.);
#8528 = EDGE_CURVE('',#8529,#8531,#8533,.T.);
#8529 = VERTEX_POINT('',#8530);
#8530 = CARTESIAN_POINT('',(0.45,-1.,0.999));
#8531 = VERTEX_POINT('',#8532);
#8532 = CARTESIAN_POINT('',(-0.449998888888,-1.,0.999));
#8533 = LINE('',#8534,#8535);
#8534 = CARTESIAN_POINT('',(-0.525,-1.,0.999));
#8535 = VECTOR('',#8536,1.);
#8536 = DIRECTION('',(-1.,0.,0.));
#8537 = ORIENTED_EDGE('',*,*,#8538,.T.);
#8538 = EDGE_CURVE('',#8531,#8539,#8541,.T.);
#8539 = VERTEX_POINT('',#8540);
#8540 = CARTESIAN_POINT('',(-0.15,-1.,0.575735931288));
#8541 = CIRCLE('',#8542,0.45);
#8542 = AXIS2_PLACEMENT_3D('',#8543,#8544,#8545);
#8543 = CARTESIAN_POINT('',(0.,-1.,1.));
#8544 = DIRECTION('',(0.,-1.,0.));
#8545 = DIRECTION('',(-1.,-0.,-4.818676322158E-16));
#8546 = ORIENTED_EDGE('',*,*,#8547,.T.);
#8547 = EDGE_CURVE('',#8539,#8548,#8550,.T.);
#8548 = VERTEX_POINT('',#8549);
#8549 = CARTESIAN_POINT('',(-0.15,-1.,0.424264068712));
#8550 = LINE('',#8551,#8552);
#8551 = CARTESIAN_POINT('',(-0.15,-1.,0.212132034356));
#8552 = VECTOR('',#8553,1.);
#8553 = DIRECTION('',(0.,0.,-1.));
#8554 = ORIENTED_EDGE('',*,*,#8555,.T.);
#8555 = EDGE_CURVE('',#8548,#8556,#8558,.T.);
#8556 = VERTEX_POINT('',#8557);
#8557 = CARTESIAN_POINT('',(-0.45,-1.,0.));
#8558 = CIRCLE('',#8559,0.45);
#8559 = AXIS2_PLACEMENT_3D('',#8560,#8561,#8562);
#8560 = CARTESIAN_POINT('',(0.,-1.,0.));
#8561 = DIRECTION('',(0.,-1.,0.));
#8562 = DIRECTION('',(-0.333333333333,0.,0.942809041582));
#8563 = ORIENTED_EDGE('',*,*,#8564,.T.);
#8564 = EDGE_CURVE('',#8556,#8565,#8567,.T.);
#8565 = VERTEX_POINT('',#8566);
#8566 = CARTESIAN_POINT('',(0.45,-1.,0.));
#8567 = LINE('',#8568,#8569);
#8568 = CARTESIAN_POINT('',(-1.5,-1.,0.));
#8569 = VECTOR('',#8570,1.);
#8570 = DIRECTION('',(1.,0.,0.));
#8571 = ORIENTED_EDGE('',*,*,#8572,.T.);
#8572 = EDGE_CURVE('',#8565,#8573,#8575,.T.);
#8573 = VERTEX_POINT('',#8574);
#8574 = CARTESIAN_POINT('',(0.15,-1.,0.424264068712));
#8575 = CIRCLE('',#8576,0.45);
#8576 = AXIS2_PLACEMENT_3D('',#8577,#8578,#8579);
#8577 = CARTESIAN_POINT('',(0.,-1.,0.));
#8578 = DIRECTION('',(0.,-1.,0.));
#8579 = DIRECTION('',(1.,0.,0.));
#8580 = ORIENTED_EDGE('',*,*,#8581,.T.);
#8581 = EDGE_CURVE('',#8573,#8582,#8584,.T.);
#8582 = VERTEX_POINT('',#8583);
#8583 = CARTESIAN_POINT('',(0.15,-1.,0.575735931288));
#8584 = LINE('',#8585,#8586);
#8585 = CARTESIAN_POINT('',(0.15,-1.,0.287867965644));
#8586 = VECTOR('',#8587,1.);
#8587 = DIRECTION('',(0.,0.,1.));
#8588 = ORIENTED_EDGE('',*,*,#8589,.T.);
#8589 = EDGE_CURVE('',#8582,#8529,#8590,.T.);
#8590 = CIRCLE('',#8591,0.45);
#8591 = AXIS2_PLACEMENT_3D('',#8592,#8593,#8594);
#8592 = CARTESIAN_POINT('',(0.,-1.,1.));
#8593 = DIRECTION('',(0.,-1.,0.));
#8594 = DIRECTION('',(0.333333333333,0.,-0.942809041582));
#8595 = PLANE('',#8596);
#8596 = AXIS2_PLACEMENT_3D('',#8597,#8598,#8599);
#8597 = CARTESIAN_POINT('',(-1.5,-1.,0.));
#8598 = DIRECTION('',(0.,-1.,0.));
#8599 = DIRECTION('',(0.,0.,-1.));
#8600 = ADVANCED_FACE('',(#8601),#8627,.T.);
#8601 = FACE_BOUND('',#8602,.T.);
#8602 = EDGE_LOOP('',(#8603,#8611,#8620,#8626));
#8603 = ORIENTED_EDGE('',*,*,#8604,.T.);
#8604 = EDGE_CURVE('',#8531,#8605,#8607,.T.);
#8605 = VERTEX_POINT('',#8606);
#8606 = CARTESIAN_POINT('',(-0.449998888888,-2.E-02,0.999));
#8607 = LINE('',#8608,#8609);
#8608 = CARTESIAN_POINT('',(-0.449998888888,-1.,0.999));
#8609 = VECTOR('',#8610,1.);
#8610 = DIRECTION('',(0.,1.,0.));
#8611 = ORIENTED_EDGE('',*,*,#8612,.F.);
#8612 = EDGE_CURVE('',#8613,#8605,#8615,.T.);
#8613 = VERTEX_POINT('',#8614);
#8614 = CARTESIAN_POINT('',(-0.15,-2.E-02,0.575735931288));
#8615 = CIRCLE('',#8616,0.45);
#8616 = AXIS2_PLACEMENT_3D('',#8617,#8618,#8619);
#8617 = CARTESIAN_POINT('',(0.,-2.E-02,1.));
#8618 = DIRECTION('',(0.,1.,0.));
#8619 = DIRECTION('',(0.999997530861,-0.,2.222222222223E-03));
#8620 = ORIENTED_EDGE('',*,*,#8621,.F.);
#8621 = EDGE_CURVE('',#8539,#8613,#8622,.T.);
#8622 = LINE('',#8623,#8624);
#8623 = CARTESIAN_POINT('',(-0.15,-1.,0.575735931288));
#8624 = VECTOR('',#8625,1.);
#8625 = DIRECTION('',(0.,1.,0.));
#8626 = ORIENTED_EDGE('',*,*,#8538,.F.);
#8627 = CYLINDRICAL_SURFACE('',#8628,0.45);
#8628 = AXIS2_PLACEMENT_3D('',#8629,#8630,#8631);
#8629 = CARTESIAN_POINT('',(0.,-1.,1.));
#8630 = DIRECTION('',(0.,1.,0.));
#8631 = DIRECTION('',(-1.,0.,-4.818676322158E-16));
#8632 = ADVANCED_FACE('',(#8633),#8659,.T.);
#8633 = FACE_BOUND('',#8634,.T.);
#8634 = EDGE_LOOP('',(#8635,#8643,#8644,#8652));
#8635 = ORIENTED_EDGE('',*,*,#8636,.T.);
#8636 = EDGE_CURVE('',#8637,#8529,#8639,.T.);
#8637 = VERTEX_POINT('',#8638);
#8638 = CARTESIAN_POINT('',(0.45,-2.E-02,0.999));
#8639 = LINE('',#8640,#8641);
#8640 = CARTESIAN_POINT('',(0.449998888888,-1.,0.999));
#8641 = VECTOR('',#8642,1.);
#8642 = DIRECTION('',(0.,-1.,0.));
#8643 = ORIENTED_EDGE('',*,*,#8589,.F.);
#8644 = ORIENTED_EDGE('',*,*,#8645,.T.);
#8645 = EDGE_CURVE('',#8582,#8646,#8648,.T.);
#8646 = VERTEX_POINT('',#8647);
#8647 = CARTESIAN_POINT('',(0.15,-2.E-02,0.575735931288));
#8648 = LINE('',#8649,#8650);
#8649 = CARTESIAN_POINT('',(0.15,-1.,0.575735931288));
#8650 = VECTOR('',#8651,1.);
#8651 = DIRECTION('',(0.,1.,0.));
#8652 = ORIENTED_EDGE('',*,*,#8653,.F.);
#8653 = EDGE_CURVE('',#8637,#8646,#8654,.T.);
#8654 = CIRCLE('',#8655,0.45);
#8655 = AXIS2_PLACEMENT_3D('',#8656,#8657,#8658);
#8656 = CARTESIAN_POINT('',(0.,-2.E-02,1.));
#8657 = DIRECTION('',(0.,1.,0.));
#8658 = DIRECTION('',(-0.333333333333,0.,0.942809041582));
#8659 = CYLINDRICAL_SURFACE('',#8660,0.45);
#8660 = AXIS2_PLACEMENT_3D('',#8661,#8662,#8663);
#8661 = CARTESIAN_POINT('',(0.,-1.,1.));
#8662 = DIRECTION('',(0.,1.,0.));
#8663 = DIRECTION('',(0.333333333333,0.,-0.942809041582));
#8664 = ADVANCED_FACE('',(#8665),#8683,.T.);
#8665 = FACE_BOUND('',#8666,.T.);
#8666 = EDGE_LOOP('',(#8667,#8668,#8676,#8682));
#8667 = ORIENTED_EDGE('',*,*,#8581,.F.);
#8668 = ORIENTED_EDGE('',*,*,#8669,.T.);
#8669 = EDGE_CURVE('',#8573,#8670,#8672,.T.);
#8670 = VERTEX_POINT('',#8671);
#8671 = CARTESIAN_POINT('',(0.15,-2.E-02,0.424264068712));
#8672 = LINE('',#8673,#8674);
#8673 = CARTESIAN_POINT('',(0.15,-1.,0.424264068712));
#8674 = VECTOR('',#8675,1.);
#8675 = DIRECTION('',(0.,1.,0.));
#8676 = ORIENTED_EDGE('',*,*,#8677,.F.);
#8677 = EDGE_CURVE('',#8646,#8670,#8678,.T.);
#8678 = LINE('',#8679,#8680);
#8679 = CARTESIAN_POINT('',(0.15,-2.E-02,0.537617966261));
#8680 = VECTOR('',#8681,1.);
#8681 = DIRECTION('',(0.,0.,-1.));
#8682 = ORIENTED_EDGE('',*,*,#8645,.F.);
#8683 = PLANE('',#8684);
#8684 = AXIS2_PLACEMENT_3D('',#8685,#8686,#8687);
#8685 = CARTESIAN_POINT('',(0.15,-1.,0.575735931288));
#8686 = DIRECTION('',(1.,0.,0.));
#8687 = DIRECTION('',(-0.,1.,0.));
#8688 = ADVANCED_FACE('',(#8689),#8708,.T.);
#8689 = FACE_BOUND('',#8690,.T.);
#8690 = EDGE_LOOP('',(#8691,#8692,#8700,#8707));
#8691 = ORIENTED_EDGE('',*,*,#8572,.F.);
#8692 = ORIENTED_EDGE('',*,*,#8693,.F.);
#8693 = EDGE_CURVE('',#8694,#8565,#8696,.T.);
#8694 = VERTEX_POINT('',#8695);
#8695 = CARTESIAN_POINT('',(0.45,-2.E-02,0.));
#8696 = LINE('',#8697,#8698);
#8697 = CARTESIAN_POINT('',(0.45,-1.,0.));
#8698 = VECTOR('',#8699,1.);
#8699 = DIRECTION('',(0.,-1.,0.));
#8700 = ORIENTED_EDGE('',*,*,#8701,.F.);
#8701 = EDGE_CURVE('',#8670,#8694,#8702,.T.);
#8702 = CIRCLE('',#8703,0.45);
#8703 = AXIS2_PLACEMENT_3D('',#8704,#8705,#8706);
#8704 = CARTESIAN_POINT('',(0.,-2.E-02,0.));
#8705 = DIRECTION('',(0.,1.,0.));
#8706 = DIRECTION('',(-1.,0.,0.));
#8707 = ORIENTED_EDGE('',*,*,#8669,.F.);
#8708 = CYLINDRICAL_SURFACE('',#8709,0.45);
#8709 = AXIS2_PLACEMENT_3D('',#8710,#8711,#8712);
#8710 = CARTESIAN_POINT('',(0.,-1.,0.));
#8711 = DIRECTION('',(0.,1.,0.));
#8712 = DIRECTION('',(1.,0.,0.));
#8713 = ADVANCED_FACE('',(#8714),#8740,.T.);
#8714 = FACE_BOUND('',#8715,.T.);
#8715 = EDGE_LOOP('',(#8716,#8717,#8725,#8734));
#8716 = ORIENTED_EDGE('',*,*,#8555,.F.);
#8717 = ORIENTED_EDGE('',*,*,#8718,.T.);
#8718 = EDGE_CURVE('',#8548,#8719,#8721,.T.);
#8719 = VERTEX_POINT('',#8720);
#8720 = CARTESIAN_POINT('',(-0.15,-2.E-02,0.424264068712));
#8721 = LINE('',#8722,#8723);
#8722 = CARTESIAN_POINT('',(-0.15,-1.,0.424264068712));
#8723 = VECTOR('',#8724,1.);
#8724 = DIRECTION('',(0.,1.,0.));
#8725 = ORIENTED_EDGE('',*,*,#8726,.F.);
#8726 = EDGE_CURVE('',#8727,#8719,#8729,.T.);
#8727 = VERTEX_POINT('',#8728);
#8728 = CARTESIAN_POINT('',(-0.45,-2.E-02,0.));
#8729 = CIRCLE('',#8730,0.45);
#8730 = AXIS2_PLACEMENT_3D('',#8731,#8732,#8733);
#8731 = CARTESIAN_POINT('',(0.,-2.E-02,0.));
#8732 = DIRECTION('',(0.,1.,0.));
#8733 = DIRECTION('',(0.333333333333,0.,-0.942809041582));
#8734 = ORIENTED_EDGE('',*,*,#8735,.F.);
#8735 = EDGE_CURVE('',#8556,#8727,#8736,.T.);
#8736 = LINE('',#8737,#8738);
#8737 = CARTESIAN_POINT('',(-0.45,-1.,0.));
#8738 = VECTOR('',#8739,1.);
#8739 = DIRECTION('',(0.,1.,0.));
#8740 = CYLINDRICAL_SURFACE('',#8741,0.45);
#8741 = AXIS2_PLACEMENT_3D('',#8742,#8743,#8744);
#8742 = CARTESIAN_POINT('',(0.,-1.,0.));
#8743 = DIRECTION('',(0.,1.,0.));
#8744 = DIRECTION('',(-0.333333333333,0.,0.942809041582));
#8745 = ADVANCED_FACE('',(#8746),#8757,.T.);
#8746 = FACE_BOUND('',#8747,.T.);
#8747 = EDGE_LOOP('',(#8748,#8749,#8750,#8756));
#8748 = ORIENTED_EDGE('',*,*,#8547,.F.);
#8749 = ORIENTED_EDGE('',*,*,#8621,.T.);
#8750 = ORIENTED_EDGE('',*,*,#8751,.F.);
#8751 = EDGE_CURVE('',#8719,#8613,#8752,.T.);
#8752 = LINE('',#8753,#8754);
#8753 = CARTESIAN_POINT('',(-0.15,-2.E-02,0.461882034973));
#8754 = VECTOR('',#8755,1.);
#8755 = DIRECTION('',(0.,0.,1.));
#8756 = ORIENTED_EDGE('',*,*,#8718,.F.);
#8757 = PLANE('',#8758);
#8758 = AXIS2_PLACEMENT_3D('',#8759,#8760,#8761);
#8759 = CARTESIAN_POINT('',(-0.15,-1.,0.424264068712));
#8760 = DIRECTION('',(-1.,0.,0.));
#8761 = DIRECTION('',(0.,0.,1.));
#8762 = ADVANCED_FACE('',(#8763),#8774,.F.);
#8763 = FACE_BOUND('',#8764,.T.);
#8764 = EDGE_LOOP('',(#8765,#8766,#8767,#8773));
#8765 = ORIENTED_EDGE('',*,*,#8528,.F.);
#8766 = ORIENTED_EDGE('',*,*,#8636,.F.);
#8767 = ORIENTED_EDGE('',*,*,#8768,.F.);
#8768 = EDGE_CURVE('',#8605,#8637,#8769,.T.);
#8769 = LINE('',#8770,#8771);
#8770 = CARTESIAN_POINT('',(-0.224999444444,-2.E-02,0.999));
#8771 = VECTOR('',#8772,1.);
#8772 = DIRECTION('',(1.,0.,0.));
#8773 = ORIENTED_EDGE('',*,*,#8604,.F.);
#8774 = PLANE('',#8775);
#8775 = AXIS2_PLACEMENT_3D('',#8776,#8777,#8778);
#8776 = CARTESIAN_POINT('',(0.45,-1.,0.999));
#8777 = DIRECTION('',(0.,0.,-1.));
#8778 = DIRECTION('',(0.,-1.,0.));
#8779 = ADVANCED_FACE('',(#8780),#8791,.F.);
#8780 = FACE_BOUND('',#8781,.T.);
#8781 = EDGE_LOOP('',(#8782,#8783,#8789,#8790));
#8782 = ORIENTED_EDGE('',*,*,#8735,.T.);
#8783 = ORIENTED_EDGE('',*,*,#8784,.F.);
#8784 = EDGE_CURVE('',#8694,#8727,#8785,.T.);
#8785 = LINE('',#8786,#8787);
#8786 = CARTESIAN_POINT('',(3.113959610465E-17,-2.E-02,0.));
#8787 = VECTOR('',#8788,1.);
#8788 = DIRECTION('',(-1.,0.,0.));
#8789 = ORIENTED_EDGE('',*,*,#8693,.T.);
#8790 = ORIENTED_EDGE('',*,*,#8564,.F.);
#8791 = PLANE('',#8792);
#8792 = AXIS2_PLACEMENT_3D('',#8793,#8794,#8795);
#8793 = CARTESIAN_POINT('',(6.227919220931E-17,-0.299177760839,0.));
#8794 = DIRECTION('',(0.,0.,1.));
#8795 = DIRECTION('',(1.,0.,-0.));
#8796 = ADVANCED_FACE('',(#8797),#8807,.F.);
#8797 = FACE_BOUND('',#8798,.T.);
#8798 = EDGE_LOOP('',(#8799,#8800,#8801,#8802,#8803,#8804,#8805,#8806));
#8799 = ORIENTED_EDGE('',*,*,#8726,.T.);
#8800 = ORIENTED_EDGE('',*,*,#8751,.T.);
#8801 = ORIENTED_EDGE('',*,*,#8612,.T.);
#8802 = ORIENTED_EDGE('',*,*,#8768,.T.);
#8803 = ORIENTED_EDGE('',*,*,#8653,.T.);
#8804 = ORIENTED_EDGE('',*,*,#8677,.T.);
#8805 = ORIENTED_EDGE('',*,*,#8701,.T.);
#8806 = ORIENTED_EDGE('',*,*,#8784,.T.);
#8807 = PLANE('',#8808);
#8808 = AXIS2_PLACEMENT_3D('',#8809,#8810,#8811);
#8809 = CARTESIAN_POINT('',(0.,-2.E-02,0.499500001235));
#8810 = DIRECTION('',(0.,-1.,0.));
#8811 = DIRECTION('',(0.,0.,-1.));
#8812 = ( GEOMETRIC_REPRESENTATION_CONTEXT(3) 
GLOBAL_UNCERTAINTY_ASSIGNED_CONTEXT((#8816)) 
GLOBAL_UNIT_ASSIGNED_CONTEXT((#8813,#8814,#8815)) REPRESENTATION_CONTEXT
('Context #1','3D Context with UNIT and UNCERTAINTY') );
#8813 = ( LENGTH_UNIT() NAMED_UNIT(*) SI_UNIT(.MILLI.,.METRE.) );
#8814 = ( NAMED_UNIT(*) PLANE_ANGLE_UNIT() SI_UNIT($,.RADIAN.) );
#8815 = ( NAMED_UNIT(*) SI_UNIT($,.STERADIAN.) SOLID_ANGLE_UNIT() );
#8816 = UNCERTAINTY_MEASURE_WITH_UNIT(LENGTH_MEASURE(2.E-07),#8813,
  'distance_accuracy_value','confusion accuracy');
#8817 = CONTEXT_DEPENDENT_SHAPE_REPRESENTATION(#8818,#8820);
#8818 = ( REPRESENTATION_RELATIONSHIP('','',#8521,#8305) 
REPRESENTATION_RELATIONSHIP_WITH_TRANSFORMATION(#8819) 
SHAPE_REPRESENTATION_RELATIONSHIP() );
#8819 = ITEM_DEFINED_TRANSFORMATION('','',#11,#8310);
#8820 = PRODUCT_DEFINITION_SHAPE('Placement','Placement of an item',
  #8821);
#8821 = NEXT_ASSEMBLY_USAGE_OCCURRENCE('8','NAUO2','',#8300,#8516,$);
#8822 = PRODUCT_RELATED_PRODUCT_CATEGORY('part',$,(#8518));
#8823 = SHAPE_DEFINITION_REPRESENTATION(#8824,#8830);
#8824 = PRODUCT_DEFINITION_SHAPE('','',#8825);
#8825 = PRODUCT_DEFINITION('design','',#8826,#8829);
#8826 = PRODUCT_DEFINITION_FORMATION('','',#8827);
#8827 = PRODUCT('3^Vishay_-_VSMB10940.step','3^Vishay_-_VSMB10940.step',
  '',(#8828));
#8828 = PRODUCT_CONTEXT('',#2,'mechanical');
#8829 = PRODUCT_DEFINITION_CONTEXT('part definition',#2,'design');
#8830 = ADVANCED_BREP_SHAPE_REPRESENTATION('',(#11,#8831),#9525);
#8831 = MANIFOLD_SOLID_BREP('',#8832);
#8832 = CLOSED_SHELL('',(#8833,#8941,#8981,#9071,#9147,#9169,#9186,#9203
    ,#9225,#9242,#9259,#9271,#9365,#9387,#9404,#9426,#9443,#9455,#9467,
    #9484,#9501,#9513));
#8833 = ADVANCED_FACE('',(#8834),#8936,.F.);
#8834 = FACE_BOUND('',#8835,.T.);
#8835 = EDGE_LOOP('',(#8836,#8846,#8855,#8863,#8872,#8880,#8889,#8897,
    #8906,#8914,#8922,#8930));
#8836 = ORIENTED_EDGE('',*,*,#8837,.T.);
#8837 = EDGE_CURVE('',#8838,#8840,#8842,.T.);
#8838 = VERTEX_POINT('',#8839);
#8839 = CARTESIAN_POINT('',(-1.4,-0.98,0.));
#8840 = VERTEX_POINT('',#8841);
#8841 = CARTESIAN_POINT('',(-0.45,-0.98,0.));
#8842 = LINE('',#8843,#8844);
#8843 = CARTESIAN_POINT('',(-0.7,-0.98,0.));
#8844 = VECTOR('',#8845,1.);
#8845 = DIRECTION('',(1.,0.,0.));
#8846 = ORIENTED_EDGE('',*,*,#8847,.F.);
#8847 = EDGE_CURVE('',#8848,#8840,#8850,.T.);
#8848 = VERTEX_POINT('',#8849);
#8849 = CARTESIAN_POINT('',(-0.15,-0.98,0.424264068712));
#8850 = CIRCLE('',#8851,0.45);
#8851 = AXIS2_PLACEMENT_3D('',#8852,#8853,#8854);
#8852 = CARTESIAN_POINT('',(0.,-0.98,0.));
#8853 = DIRECTION('',(0.,-1.,0.));
#8854 = DIRECTION('',(-0.333333333333,0.,0.942809041582));
#8855 = ORIENTED_EDGE('',*,*,#8856,.F.);
#8856 = EDGE_CURVE('',#8857,#8848,#8859,.T.);
#8857 = VERTEX_POINT('',#8858);
#8858 = CARTESIAN_POINT('',(-0.15,-0.98,0.575735931288));
#8859 = LINE('',#8860,#8861);
#8860 = CARTESIAN_POINT('',(-0.15,-0.98,0.445281409505));
#8861 = VECTOR('',#8862,1.);
#8862 = DIRECTION('',(0.,0.,-1.));
#8863 = ORIENTED_EDGE('',*,*,#8864,.F.);
#8864 = EDGE_CURVE('',#8865,#8857,#8867,.T.);
#8865 = VERTEX_POINT('',#8866);
#8866 = CARTESIAN_POINT('',(-0.449998888888,-0.98,0.999));
#8867 = CIRCLE('',#8868,0.45);
#8868 = AXIS2_PLACEMENT_3D('',#8869,#8870,#8871);
#8869 = CARTESIAN_POINT('',(0.,-0.98,1.));
#8870 = DIRECTION('',(0.,-1.,0.));
#8871 = DIRECTION('',(-1.,-0.,-4.818676322158E-16));
#8872 = ORIENTED_EDGE('',*,*,#8873,.F.);
#8873 = EDGE_CURVE('',#8874,#8865,#8876,.T.);
#8874 = VERTEX_POINT('',#8875);
#8875 = CARTESIAN_POINT('',(0.45,-0.98,0.999));
#8876 = LINE('',#8877,#8878);
#8877 = CARTESIAN_POINT('',(-0.449998888888,-0.98,0.999));
#8878 = VECTOR('',#8879,1.);
#8879 = DIRECTION('',(-1.,0.,0.));
#8880 = ORIENTED_EDGE('',*,*,#8881,.F.);
#8881 = EDGE_CURVE('',#8882,#8874,#8884,.T.);
#8882 = VERTEX_POINT('',#8883);
#8883 = CARTESIAN_POINT('',(0.15,-0.98,0.575735931288));
#8884 = CIRCLE('',#8885,0.45);
#8885 = AXIS2_PLACEMENT_3D('',#8886,#8887,#8888);
#8886 = CARTESIAN_POINT('',(0.,-0.98,1.));
#8887 = DIRECTION('',(0.,-1.,0.));
#8888 = DIRECTION('',(0.333333333333,0.,-0.942809041582));
#8889 = ORIENTED_EDGE('',*,*,#8890,.F.);
#8890 = EDGE_CURVE('',#8891,#8882,#8893,.T.);
#8891 = VERTEX_POINT('',#8892);
#8892 = CARTESIAN_POINT('',(0.15,-0.98,0.424264068712));
#8893 = LINE('',#8894,#8895);
#8894 = CARTESIAN_POINT('',(0.15,-0.98,0.521017340793));
#8895 = VECTOR('',#8896,1.);
#8896 = DIRECTION('',(0.,0.,1.));
#8897 = ORIENTED_EDGE('',*,*,#8898,.F.);
#8898 = EDGE_CURVE('',#8899,#8891,#8901,.T.);
#8899 = VERTEX_POINT('',#8900);
#8900 = CARTESIAN_POINT('',(0.45,-0.98,0.));
#8901 = CIRCLE('',#8902,0.45);
#8902 = AXIS2_PLACEMENT_3D('',#8903,#8904,#8905);
#8903 = CARTESIAN_POINT('',(0.,-0.98,0.));
#8904 = DIRECTION('',(0.,-1.,0.));
#8905 = DIRECTION('',(1.,0.,0.));
#8906 = ORIENTED_EDGE('',*,*,#8907,.T.);
#8907 = EDGE_CURVE('',#8899,#8908,#8910,.T.);
#8908 = VERTEX_POINT('',#8909);
#8909 = CARTESIAN_POINT('',(1.4,-0.98,0.));
#8910 = LINE('',#8911,#8912);
#8911 = CARTESIAN_POINT('',(-0.7,-0.98,0.));
#8912 = VECTOR('',#8913,1.);
#8913 = DIRECTION('',(1.,0.,0.));
#8914 = ORIENTED_EDGE('',*,*,#8915,.T.);
#8915 = EDGE_CURVE('',#8908,#8916,#8918,.T.);
#8916 = VERTEX_POINT('',#8917);
#8917 = CARTESIAN_POINT('',(1.4,-0.98,1.));
#8918 = LINE('',#8919,#8920);
#8919 = CARTESIAN_POINT('',(1.4,-0.98,1.));
#8920 = VECTOR('',#8921,1.);
#8921 = DIRECTION('',(0.,0.,1.));
#8922 = ORIENTED_EDGE('',*,*,#8923,.T.);
#8923 = EDGE_CURVE('',#8916,#8924,#8926,.T.);
#8924 = VERTEX_POINT('',#8925);
#8925 = CARTESIAN_POINT('',(-1.4,-0.98,1.));
#8926 = LINE('',#8927,#8928);
#8927 = CARTESIAN_POINT('',(-0.7,-0.98,1.));
#8928 = VECTOR('',#8929,1.);
#8929 = DIRECTION('',(-1.,0.,0.));
#8930 = ORIENTED_EDGE('',*,*,#8931,.F.);
#8931 = EDGE_CURVE('',#8838,#8924,#8932,.T.);
#8932 = LINE('',#8933,#8934);
#8933 = CARTESIAN_POINT('',(-1.4,-0.98,1.));
#8934 = VECTOR('',#8935,1.);
#8935 = DIRECTION('',(0.,0.,1.));
#8936 = PLANE('',#8937);
#8937 = AXIS2_PLACEMENT_3D('',#8938,#8939,#8940);
#8938 = CARTESIAN_POINT('',(-1.102873578776E-02,-0.98,0.466298750299));
#8939 = DIRECTION('',(-0.,1.,0.));
#8940 = DIRECTION('',(1.,0.,0.));
#8941 = ADVANCED_FACE('',(#8942),#8976,.T.);
#8942 = FACE_BOUND('',#8943,.T.);
#8943 = EDGE_LOOP('',(#8944,#8954,#8962,#8970));
#8944 = ORIENTED_EDGE('',*,*,#8945,.F.);
#8945 = EDGE_CURVE('',#8946,#8948,#8950,.T.);
#8946 = VERTEX_POINT('',#8947);
#8947 = CARTESIAN_POINT('',(1.1,0.,0.));
#8948 = VERTEX_POINT('',#8949);
#8949 = CARTESIAN_POINT('',(1.1,0.,1.));
#8950 = LINE('',#8951,#8952);
#8951 = CARTESIAN_POINT('',(1.1,0.,0.5));
#8952 = VECTOR('',#8953,1.);
#8953 = DIRECTION('',(0.,0.,1.));
#8954 = ORIENTED_EDGE('',*,*,#8955,.T.);
#8955 = EDGE_CURVE('',#8946,#8956,#8958,.T.);
#8956 = VERTEX_POINT('',#8957);
#8957 = CARTESIAN_POINT('',(-1.1,0.,0.));
#8958 = LINE('',#8959,#8960);
#8959 = CARTESIAN_POINT('',(-1.,0.,0.));
#8960 = VECTOR('',#8961,1.);
#8961 = DIRECTION('',(-1.,0.,0.));
#8962 = ORIENTED_EDGE('',*,*,#8963,.F.);
#8963 = EDGE_CURVE('',#8964,#8956,#8966,.T.);
#8964 = VERTEX_POINT('',#8965);
#8965 = CARTESIAN_POINT('',(-1.1,0.,1.));
#8966 = LINE('',#8967,#8968);
#8967 = CARTESIAN_POINT('',(-1.1,0.,0.5));
#8968 = VECTOR('',#8969,1.);
#8969 = DIRECTION('',(0.,0.,-1.));
#8970 = ORIENTED_EDGE('',*,*,#8971,.F.);
#8971 = EDGE_CURVE('',#8948,#8964,#8972,.T.);
#8972 = LINE('',#8973,#8974);
#8973 = CARTESIAN_POINT('',(-1.,0.,1.));
#8974 = VECTOR('',#8975,1.);
#8975 = DIRECTION('',(-1.,0.,0.));
#8976 = PLANE('',#8977);
#8977 = AXIS2_PLACEMENT_3D('',#8978,#8979,#8980);
#8978 = CARTESIAN_POINT('',(-1.,0.,0.));
#8979 = DIRECTION('',(-0.,1.,0.));
#8980 = DIRECTION('',(1.,0.,0.));
#8981 = ADVANCED_FACE('',(#8982),#9066,.T.);
#8982 = FACE_BOUND('',#8983,.T.);
#8983 = EDGE_LOOP('',(#8984,#8992,#8993,#9001,#9009,#9018,#9026,#9033,
    #9034,#9043,#9051,#9060));
#8984 = ORIENTED_EDGE('',*,*,#8985,.F.);
#8985 = EDGE_CURVE('',#8948,#8986,#8988,.T.);
#8986 = VERTEX_POINT('',#8987);
#8987 = CARTESIAN_POINT('',(1.1,-2.E-02,1.));
#8988 = LINE('',#8989,#8990);
#8989 = CARTESIAN_POINT('',(1.1,-0.337498859454,1.));
#8990 = VECTOR('',#8991,1.);
#8991 = DIRECTION('',(0.,-1.,0.));
#8992 = ORIENTED_EDGE('',*,*,#8971,.T.);
#8993 = ORIENTED_EDGE('',*,*,#8994,.F.);
#8994 = EDGE_CURVE('',#8995,#8964,#8997,.T.);
#8995 = VERTEX_POINT('',#8996);
#8996 = CARTESIAN_POINT('',(-1.1,-2.E-02,1.));
#8997 = LINE('',#8998,#8999);
#8998 = CARTESIAN_POINT('',(-1.1,3.832109861486E-02,1.));
#8999 = VECTOR('',#9000,1.);
#9000 = DIRECTION('',(0.,1.,0.));
#9001 = ORIENTED_EDGE('',*,*,#9002,.F.);
#9002 = EDGE_CURVE('',#9003,#8995,#9005,.T.);
#9003 = VERTEX_POINT('',#9004);
#9004 = CARTESIAN_POINT('',(-1.4,-2.E-02,1.));
#9005 = LINE('',#9006,#9007);
#9006 = CARTESIAN_POINT('',(0.7,-2.E-02,1.));
#9007 = VECTOR('',#9008,1.);
#9008 = DIRECTION('',(1.,-6.195440985631E-18,0.));
#9009 = ORIENTED_EDGE('',*,*,#9010,.F.);
#9010 = EDGE_CURVE('',#9011,#9003,#9013,.T.);
#9011 = VERTEX_POINT('',#9012);
#9012 = CARTESIAN_POINT('',(-1.48,-0.1,1.));
#9013 = CIRCLE('',#9014,8.E-02);
#9014 = AXIS2_PLACEMENT_3D('',#9015,#9016,#9017);
#9015 = CARTESIAN_POINT('',(-1.4,-0.1,1.));
#9016 = DIRECTION('',(0.,0.,-1.));
#9017 = DIRECTION('',(0.,1.,0.));
#9018 = ORIENTED_EDGE('',*,*,#9019,.F.);
#9019 = EDGE_CURVE('',#9020,#9011,#9022,.T.);
#9020 = VERTEX_POINT('',#9021);
#9021 = CARTESIAN_POINT('',(-1.48,-0.9,1.));
#9022 = LINE('',#9023,#9024);
#9023 = CARTESIAN_POINT('',(-1.48,-0.19958888042,1.));
#9024 = VECTOR('',#9025,1.);
#9025 = DIRECTION('',(0.,1.,0.));
#9026 = ORIENTED_EDGE('',*,*,#9027,.F.);
#9027 = EDGE_CURVE('',#8924,#9020,#9028,.T.);
#9028 = CIRCLE('',#9029,8.E-02);
#9029 = AXIS2_PLACEMENT_3D('',#9030,#9031,#9032);
#9030 = CARTESIAN_POINT('',(-1.4,-0.9,1.));
#9031 = DIRECTION('',(0.,0.,-1.));
#9032 = DIRECTION('',(-1.,-4.065758146821E-15,-0.));
#9033 = ORIENTED_EDGE('',*,*,#8923,.F.);
#9034 = ORIENTED_EDGE('',*,*,#9035,.F.);
#9035 = EDGE_CURVE('',#9036,#8916,#9038,.T.);
#9036 = VERTEX_POINT('',#9037);
#9037 = CARTESIAN_POINT('',(1.48,-0.9,1.));
#9038 = CIRCLE('',#9039,8.E-02);
#9039 = AXIS2_PLACEMENT_3D('',#9040,#9041,#9042);
#9040 = CARTESIAN_POINT('',(1.4,-0.9,1.));
#9041 = DIRECTION('',(0.,0.,-1.));
#9042 = DIRECTION('',(0.,-1.,0.));
#9043 = ORIENTED_EDGE('',*,*,#9044,.F.);
#9044 = EDGE_CURVE('',#9045,#9036,#9047,.T.);
#9045 = VERTEX_POINT('',#9046);
#9046 = CARTESIAN_POINT('',(1.48,-0.1,1.));
#9047 = LINE('',#9048,#9049);
#9048 = CARTESIAN_POINT('',(1.48,-0.59958888042,1.));
#9049 = VECTOR('',#9050,1.);
#9050 = DIRECTION('',(-3.469446951954E-16,-1.,0.));
#9051 = ORIENTED_EDGE('',*,*,#9052,.F.);
#9052 = EDGE_CURVE('',#9053,#9045,#9055,.T.);
#9053 = VERTEX_POINT('',#9054);
#9054 = CARTESIAN_POINT('',(1.4,-2.E-02,1.));
#9055 = CIRCLE('',#9056,8.E-02);
#9056 = AXIS2_PLACEMENT_3D('',#9057,#9058,#9059);
#9057 = CARTESIAN_POINT('',(1.4,-0.1,1.));
#9058 = DIRECTION('',(0.,0.,-1.));
#9059 = DIRECTION('',(1.,0.,0.));
#9060 = ORIENTED_EDGE('',*,*,#9061,.F.);
#9061 = EDGE_CURVE('',#8986,#9053,#9062,.T.);
#9062 = LINE('',#9063,#9064);
#9063 = CARTESIAN_POINT('',(0.7,-2.E-02,1.));
#9064 = VECTOR('',#9065,1.);
#9065 = DIRECTION('',(1.,-6.195440985631E-18,0.));
#9066 = PLANE('',#9067);
#9067 = AXIS2_PLACEMENT_3D('',#9068,#9069,#9070);
#9068 = CARTESIAN_POINT('',(6.227919220931E-17,-0.299177760839,1.));
#9069 = DIRECTION('',(0.,0.,1.));
#9070 = DIRECTION('',(1.,0.,-0.));
#9071 = ADVANCED_FACE('',(#9072),#9142,.T.);
#9072 = FACE_BOUND('',#9073,.T.);
#9073 = EDGE_LOOP('',(#9074,#9085,#9093,#9102,#9110,#9119,#9127,#9136));
#9074 = ORIENTED_EDGE('',*,*,#9075,.F.);
#9075 = EDGE_CURVE('',#9076,#9078,#9080,.T.);
#9076 = VERTEX_POINT('',#9077);
#9077 = CARTESIAN_POINT('',(-0.45,-2.E-02,0.));
#9078 = VERTEX_POINT('',#9079);
#9079 = CARTESIAN_POINT('',(-0.15,-2.E-02,0.424264068712));
#9080 = CIRCLE('',#9081,0.45);
#9081 = AXIS2_PLACEMENT_3D('',#9082,#9083,#9084);
#9082 = CARTESIAN_POINT('',(0.,-2.E-02,0.));
#9083 = DIRECTION('',(0.,1.,0.));
#9084 = DIRECTION('',(0.333333333333,0.,-0.942809041582));
#9085 = ORIENTED_EDGE('',*,*,#9086,.F.);
#9086 = EDGE_CURVE('',#9087,#9076,#9089,.T.);
#9087 = VERTEX_POINT('',#9088);
#9088 = CARTESIAN_POINT('',(0.45,-2.E-02,0.));
#9089 = LINE('',#9090,#9091);
#9090 = CARTESIAN_POINT('',(3.113959610465E-17,-2.E-02,0.));
#9091 = VECTOR('',#9092,1.);
#9092 = DIRECTION('',(-1.,0.,0.));
#9093 = ORIENTED_EDGE('',*,*,#9094,.F.);
#9094 = EDGE_CURVE('',#9095,#9087,#9097,.T.);
#9095 = VERTEX_POINT('',#9096);
#9096 = CARTESIAN_POINT('',(0.15,-2.E-02,0.424264068712));
#9097 = CIRCLE('',#9098,0.45);
#9098 = AXIS2_PLACEMENT_3D('',#9099,#9100,#9101);
#9099 = CARTESIAN_POINT('',(0.,-2.E-02,0.));
#9100 = DIRECTION('',(0.,1.,0.));
#9101 = DIRECTION('',(-1.,0.,0.));
#9102 = ORIENTED_EDGE('',*,*,#9103,.F.);
#9103 = EDGE_CURVE('',#9104,#9095,#9106,.T.);
#9104 = VERTEX_POINT('',#9105);
#9105 = CARTESIAN_POINT('',(0.15,-2.E-02,0.575735931288));
#9106 = LINE('',#9107,#9108);
#9107 = CARTESIAN_POINT('',(0.15,-2.E-02,0.537617966261));
#9108 = VECTOR('',#9109,1.);
#9109 = DIRECTION('',(0.,0.,-1.));
#9110 = ORIENTED_EDGE('',*,*,#9111,.F.);
#9111 = EDGE_CURVE('',#9112,#9104,#9114,.T.);
#9112 = VERTEX_POINT('',#9113);
#9113 = CARTESIAN_POINT('',(0.45,-2.E-02,0.999));
#9114 = CIRCLE('',#9115,0.45);
#9115 = AXIS2_PLACEMENT_3D('',#9116,#9117,#9118);
#9116 = CARTESIAN_POINT('',(0.,-2.E-02,1.));
#9117 = DIRECTION('',(0.,1.,0.));
#9118 = DIRECTION('',(-0.333333333333,0.,0.942809041582));
#9119 = ORIENTED_EDGE('',*,*,#9120,.F.);
#9120 = EDGE_CURVE('',#9121,#9112,#9123,.T.);
#9121 = VERTEX_POINT('',#9122);
#9122 = CARTESIAN_POINT('',(-0.449998888888,-2.E-02,0.999));
#9123 = LINE('',#9124,#9125);
#9124 = CARTESIAN_POINT('',(-0.224999444444,-2.E-02,0.999));
#9125 = VECTOR('',#9126,1.);
#9126 = DIRECTION('',(1.,0.,0.));
#9127 = ORIENTED_EDGE('',*,*,#9128,.F.);
#9128 = EDGE_CURVE('',#9129,#9121,#9131,.T.);
#9129 = VERTEX_POINT('',#9130);
#9130 = CARTESIAN_POINT('',(-0.15,-2.E-02,0.575735931288));
#9131 = CIRCLE('',#9132,0.45);
#9132 = AXIS2_PLACEMENT_3D('',#9133,#9134,#9135);
#9133 = CARTESIAN_POINT('',(0.,-2.E-02,1.));
#9134 = DIRECTION('',(0.,1.,0.));
#9135 = DIRECTION('',(0.999997530861,-0.,2.222222222223E-03));
#9136 = ORIENTED_EDGE('',*,*,#9137,.F.);
#9137 = EDGE_CURVE('',#9078,#9129,#9138,.T.);
#9138 = LINE('',#9139,#9140);
#9139 = CARTESIAN_POINT('',(-0.15,-2.E-02,0.461882034973));
#9140 = VECTOR('',#9141,1.);
#9141 = DIRECTION('',(0.,0.,1.));
#9142 = PLANE('',#9143);
#9143 = AXIS2_PLACEMENT_3D('',#9144,#9145,#9146);
#9144 = CARTESIAN_POINT('',(0.,-2.E-02,0.499500001235));
#9145 = DIRECTION('',(0.,-1.,0.));
#9146 = DIRECTION('',(0.,0.,-1.));
#9147 = ADVANCED_FACE('',(#9148),#9164,.F.);
#9148 = FACE_BOUND('',#9149,.F.);
#9149 = EDGE_LOOP('',(#9150,#9156,#9157,#9163));
#9150 = ORIENTED_EDGE('',*,*,#9151,.T.);
#9151 = EDGE_CURVE('',#8848,#9078,#9152,.T.);
#9152 = LINE('',#9153,#9154);
#9153 = CARTESIAN_POINT('',(-0.15,-1.,0.424264068712));
#9154 = VECTOR('',#9155,1.);
#9155 = DIRECTION('',(0.,1.,0.));
#9156 = ORIENTED_EDGE('',*,*,#9075,.F.);
#9157 = ORIENTED_EDGE('',*,*,#9158,.T.);
#9158 = EDGE_CURVE('',#9076,#8840,#9159,.T.);
#9159 = LINE('',#9160,#9161);
#9160 = CARTESIAN_POINT('',(-0.45,-1.,0.));
#9161 = VECTOR('',#9162,1.);
#9162 = DIRECTION('',(0.,-1.,0.));
#9163 = ORIENTED_EDGE('',*,*,#8847,.F.);
#9164 = CYLINDRICAL_SURFACE('',#9165,0.45);
#9165 = AXIS2_PLACEMENT_3D('',#9166,#9167,#9168);
#9166 = CARTESIAN_POINT('',(0.,-1.,0.));
#9167 = DIRECTION('',(0.,1.,0.));
#9168 = DIRECTION('',(0.333333333333,0.,-0.942809041582));
#9169 = ADVANCED_FACE('',(#9170),#9181,.F.);
#9170 = FACE_BOUND('',#9171,.T.);
#9171 = EDGE_LOOP('',(#9172,#9173,#9174,#9175));
#9172 = ORIENTED_EDGE('',*,*,#8856,.T.);
#9173 = ORIENTED_EDGE('',*,*,#9151,.T.);
#9174 = ORIENTED_EDGE('',*,*,#9137,.T.);
#9175 = ORIENTED_EDGE('',*,*,#9176,.F.);
#9176 = EDGE_CURVE('',#8857,#9129,#9177,.T.);
#9177 = LINE('',#9178,#9179);
#9178 = CARTESIAN_POINT('',(-0.15,-1.,0.575735931288));
#9179 = VECTOR('',#9180,1.);
#9180 = DIRECTION('',(0.,1.,0.));
#9181 = PLANE('',#9182);
#9182 = AXIS2_PLACEMENT_3D('',#9183,#9184,#9185);
#9183 = CARTESIAN_POINT('',(-0.15,-1.,0.424264068712));
#9184 = DIRECTION('',(-1.,0.,0.));
#9185 = DIRECTION('',(0.,0.,1.));
#9186 = ADVANCED_FACE('',(#9187),#9198,.F.);
#9187 = FACE_BOUND('',#9188,.F.);
#9188 = EDGE_LOOP('',(#9189,#9195,#9196,#9197));
#9189 = ORIENTED_EDGE('',*,*,#9190,.T.);
#9190 = EDGE_CURVE('',#8865,#9121,#9191,.T.);
#9191 = LINE('',#9192,#9193);
#9192 = CARTESIAN_POINT('',(-0.449998888888,-1.,0.999));
#9193 = VECTOR('',#9194,1.);
#9194 = DIRECTION('',(0.,1.,0.));
#9195 = ORIENTED_EDGE('',*,*,#9128,.F.);
#9196 = ORIENTED_EDGE('',*,*,#9176,.F.);
#9197 = ORIENTED_EDGE('',*,*,#8864,.F.);
#9198 = CYLINDRICAL_SURFACE('',#9199,0.45);
#9199 = AXIS2_PLACEMENT_3D('',#9200,#9201,#9202);
#9200 = CARTESIAN_POINT('',(0.,-1.,1.));
#9201 = DIRECTION('',(0.,1.,0.));
#9202 = DIRECTION('',(0.999997530861,-0.,2.222222222223E-03));
#9203 = ADVANCED_FACE('',(#9204),#9220,.F.);
#9204 = FACE_BOUND('',#9205,.F.);
#9205 = EDGE_LOOP('',(#9206,#9212,#9213,#9219));
#9206 = ORIENTED_EDGE('',*,*,#9207,.T.);
#9207 = EDGE_CURVE('',#8899,#9087,#9208,.T.);
#9208 = LINE('',#9209,#9210);
#9209 = CARTESIAN_POINT('',(0.45,-1.,0.));
#9210 = VECTOR('',#9211,1.);
#9211 = DIRECTION('',(0.,1.,0.));
#9212 = ORIENTED_EDGE('',*,*,#9094,.F.);
#9213 = ORIENTED_EDGE('',*,*,#9214,.F.);
#9214 = EDGE_CURVE('',#8891,#9095,#9215,.T.);
#9215 = LINE('',#9216,#9217);
#9216 = CARTESIAN_POINT('',(0.15,-1.,0.424264068712));
#9217 = VECTOR('',#9218,1.);
#9218 = DIRECTION('',(0.,1.,0.));
#9219 = ORIENTED_EDGE('',*,*,#8898,.F.);
#9220 = CYLINDRICAL_SURFACE('',#9221,0.45);
#9221 = AXIS2_PLACEMENT_3D('',#9222,#9223,#9224);
#9222 = CARTESIAN_POINT('',(0.,-1.,0.));
#9223 = DIRECTION('',(0.,1.,0.));
#9224 = DIRECTION('',(-1.,0.,0.));
#9225 = ADVANCED_FACE('',(#9226),#9237,.F.);
#9226 = FACE_BOUND('',#9227,.T.);
#9227 = EDGE_LOOP('',(#9228,#9229,#9235,#9236));
#9228 = ORIENTED_EDGE('',*,*,#8890,.T.);
#9229 = ORIENTED_EDGE('',*,*,#9230,.T.);
#9230 = EDGE_CURVE('',#8882,#9104,#9231,.T.);
#9231 = LINE('',#9232,#9233);
#9232 = CARTESIAN_POINT('',(0.15,-1.,0.575735931288));
#9233 = VECTOR('',#9234,1.);
#9234 = DIRECTION('',(0.,1.,0.));
#9235 = ORIENTED_EDGE('',*,*,#9103,.T.);
#9236 = ORIENTED_EDGE('',*,*,#9214,.F.);
#9237 = PLANE('',#9238);
#9238 = AXIS2_PLACEMENT_3D('',#9239,#9240,#9241);
#9239 = CARTESIAN_POINT('',(0.15,-1.,0.575735931288));
#9240 = DIRECTION('',(1.,0.,0.));
#9241 = DIRECTION('',(-0.,1.,0.));
#9242 = ADVANCED_FACE('',(#9243),#9254,.F.);
#9243 = FACE_BOUND('',#9244,.F.);
#9244 = EDGE_LOOP('',(#9245,#9246,#9247,#9253));
#9245 = ORIENTED_EDGE('',*,*,#9230,.T.);
#9246 = ORIENTED_EDGE('',*,*,#9111,.F.);
#9247 = ORIENTED_EDGE('',*,*,#9248,.F.);
#9248 = EDGE_CURVE('',#8874,#9112,#9249,.T.);
#9249 = LINE('',#9250,#9251);
#9250 = CARTESIAN_POINT('',(0.45,-1.,0.999));
#9251 = VECTOR('',#9252,1.);
#9252 = DIRECTION('',(0.,1.,0.));
#9253 = ORIENTED_EDGE('',*,*,#8881,.F.);
#9254 = CYLINDRICAL_SURFACE('',#9255,0.45);
#9255 = AXIS2_PLACEMENT_3D('',#9256,#9257,#9258);
#9256 = CARTESIAN_POINT('',(0.,-1.,1.));
#9257 = DIRECTION('',(0.,1.,0.));
#9258 = DIRECTION('',(-0.333333333333,0.,0.942809041582));
#9259 = ADVANCED_FACE('',(#9260),#9266,.F.);
#9260 = FACE_BOUND('',#9261,.T.);
#9261 = EDGE_LOOP('',(#9262,#9263,#9264,#9265));
#9262 = ORIENTED_EDGE('',*,*,#8873,.T.);
#9263 = ORIENTED_EDGE('',*,*,#9190,.T.);
#9264 = ORIENTED_EDGE('',*,*,#9120,.T.);
#9265 = ORIENTED_EDGE('',*,*,#9248,.F.);
#9266 = PLANE('',#9267);
#9267 = AXIS2_PLACEMENT_3D('',#9268,#9269,#9270);
#9268 = CARTESIAN_POINT('',(-0.449998888888,-1.,0.999));
#9269 = DIRECTION('',(0.,0.,1.));
#9270 = DIRECTION('',(1.,0.,-0.));
#9271 = ADVANCED_FACE('',(#9272),#9360,.F.);
#9272 = FACE_BOUND('',#9273,.T.);
#9273 = EDGE_LOOP('',(#9274,#9282,#9290,#9299,#9307,#9314,#9315,#9316,
    #9317,#9318,#9319,#9328,#9336,#9345,#9353,#9359));
#9274 = ORIENTED_EDGE('',*,*,#9275,.F.);
#9275 = EDGE_CURVE('',#9276,#8946,#9278,.T.);
#9276 = VERTEX_POINT('',#9277);
#9277 = CARTESIAN_POINT('',(1.1,-2.E-02,0.));
#9278 = LINE('',#9279,#9280);
#9279 = CARTESIAN_POINT('',(1.1,-0.337498859454,0.));
#9280 = VECTOR('',#9281,1.);
#9281 = DIRECTION('',(0.,1.,0.));
#9282 = ORIENTED_EDGE('',*,*,#9283,.F.);
#9283 = EDGE_CURVE('',#9284,#9276,#9286,.T.);
#9284 = VERTEX_POINT('',#9285);
#9285 = CARTESIAN_POINT('',(1.4,-2.E-02,0.));
#9286 = LINE('',#9287,#9288);
#9287 = CARTESIAN_POINT('',(0.7,-2.E-02,0.));
#9288 = VECTOR('',#9289,1.);
#9289 = DIRECTION('',(-1.,6.195440985631E-18,0.));
#9290 = ORIENTED_EDGE('',*,*,#9291,.F.);
#9291 = EDGE_CURVE('',#9292,#9284,#9294,.T.);
#9292 = VERTEX_POINT('',#9293);
#9293 = CARTESIAN_POINT('',(1.48,-0.1,0.));
#9294 = CIRCLE('',#9295,8.E-02);
#9295 = AXIS2_PLACEMENT_3D('',#9296,#9297,#9298);
#9296 = CARTESIAN_POINT('',(1.4,-0.1,0.));
#9297 = DIRECTION('',(0.,0.,1.));
#9298 = DIRECTION('',(1.,0.,-0.));
#9299 = ORIENTED_EDGE('',*,*,#9300,.F.);
#9300 = EDGE_CURVE('',#9301,#9292,#9303,.T.);
#9301 = VERTEX_POINT('',#9302);
#9302 = CARTESIAN_POINT('',(1.48,-0.9,0.));
#9303 = LINE('',#9304,#9305);
#9304 = CARTESIAN_POINT('',(1.48,-0.59958888042,0.));
#9305 = VECTOR('',#9306,1.);
#9306 = DIRECTION('',(3.469446951954E-16,1.,0.));
#9307 = ORIENTED_EDGE('',*,*,#9308,.F.);
#9308 = EDGE_CURVE('',#8908,#9301,#9309,.T.);
#9309 = CIRCLE('',#9310,8.E-02);
#9310 = AXIS2_PLACEMENT_3D('',#9311,#9312,#9313);
#9311 = CARTESIAN_POINT('',(1.4,-0.9,0.));
#9312 = DIRECTION('',(0.,0.,1.));
#9313 = DIRECTION('',(0.,-1.,0.));
#9314 = ORIENTED_EDGE('',*,*,#8907,.F.);
#9315 = ORIENTED_EDGE('',*,*,#9207,.T.);
#9316 = ORIENTED_EDGE('',*,*,#9086,.T.);
#9317 = ORIENTED_EDGE('',*,*,#9158,.T.);
#9318 = ORIENTED_EDGE('',*,*,#8837,.F.);
#9319 = ORIENTED_EDGE('',*,*,#9320,.F.);
#9320 = EDGE_CURVE('',#9321,#8838,#9323,.T.);
#9321 = VERTEX_POINT('',#9322);
#9322 = CARTESIAN_POINT('',(-1.48,-0.9,0.));
#9323 = CIRCLE('',#9324,8.E-02);
#9324 = AXIS2_PLACEMENT_3D('',#9325,#9326,#9327);
#9325 = CARTESIAN_POINT('',(-1.4,-0.9,0.));
#9326 = DIRECTION('',(0.,0.,1.));
#9327 = DIRECTION('',(-1.,-4.065758146821E-15,0.));
#9328 = ORIENTED_EDGE('',*,*,#9329,.F.);
#9329 = EDGE_CURVE('',#9330,#9321,#9332,.T.);
#9330 = VERTEX_POINT('',#9331);
#9331 = CARTESIAN_POINT('',(-1.48,-0.1,0.));
#9332 = LINE('',#9333,#9334);
#9333 = CARTESIAN_POINT('',(-1.48,-0.19958888042,0.));
#9334 = VECTOR('',#9335,1.);
#9335 = DIRECTION('',(0.,-1.,0.));
#9336 = ORIENTED_EDGE('',*,*,#9337,.F.);
#9337 = EDGE_CURVE('',#9338,#9330,#9340,.T.);
#9338 = VERTEX_POINT('',#9339);
#9339 = CARTESIAN_POINT('',(-1.4,-2.E-02,0.));
#9340 = CIRCLE('',#9341,8.E-02);
#9341 = AXIS2_PLACEMENT_3D('',#9342,#9343,#9344);
#9342 = CARTESIAN_POINT('',(-1.4,-0.1,0.));
#9343 = DIRECTION('',(0.,-0.,1.));
#9344 = DIRECTION('',(0.,1.,0.));
#9345 = ORIENTED_EDGE('',*,*,#9346,.F.);
#9346 = EDGE_CURVE('',#9347,#9338,#9349,.T.);
#9347 = VERTEX_POINT('',#9348);
#9348 = CARTESIAN_POINT('',(-1.1,-2.E-02,0.));
#9349 = LINE('',#9350,#9351);
#9350 = CARTESIAN_POINT('',(0.7,-2.E-02,0.));
#9351 = VECTOR('',#9352,1.);
#9352 = DIRECTION('',(-1.,6.195440985631E-18,0.));
#9353 = ORIENTED_EDGE('',*,*,#9354,.F.);
#9354 = EDGE_CURVE('',#8956,#9347,#9355,.T.);
#9355 = LINE('',#9356,#9357);
#9356 = CARTESIAN_POINT('',(-1.1,3.832109861486E-02,0.));
#9357 = VECTOR('',#9358,1.);
#9358 = DIRECTION('',(0.,-1.,0.));
#9359 = ORIENTED_EDGE('',*,*,#8955,.F.);
#9360 = PLANE('',#9361);
#9361 = AXIS2_PLACEMENT_3D('',#9362,#9363,#9364);
#9362 = CARTESIAN_POINT('',(6.227919220931E-17,-0.299177760839,0.));
#9363 = DIRECTION('',(0.,0.,1.));
#9364 = DIRECTION('',(1.,0.,-0.));
#9365 = ADVANCED_FACE('',(#9366),#9382,.T.);
#9366 = FACE_BOUND('',#9367,.T.);
#9367 = EDGE_LOOP('',(#9368,#9369,#9375,#9376));
#9368 = ORIENTED_EDGE('',*,*,#9300,.T.);
#9369 = ORIENTED_EDGE('',*,*,#9370,.T.);
#9370 = EDGE_CURVE('',#9292,#9045,#9371,.T.);
#9371 = LINE('',#9372,#9373);
#9372 = CARTESIAN_POINT('',(1.48,-0.1,1.));
#9373 = VECTOR('',#9374,1.);
#9374 = DIRECTION('',(0.,0.,1.));
#9375 = ORIENTED_EDGE('',*,*,#9044,.T.);
#9376 = ORIENTED_EDGE('',*,*,#9377,.T.);
#9377 = EDGE_CURVE('',#9036,#9301,#9378,.T.);
#9378 = LINE('',#9379,#9380);
#9379 = CARTESIAN_POINT('',(1.48,-0.9,1.));
#9380 = VECTOR('',#9381,1.);
#9381 = DIRECTION('',(0.,0.,-1.));
#9382 = PLANE('',#9383);
#9383 = AXIS2_PLACEMENT_3D('',#9384,#9385,#9386);
#9384 = CARTESIAN_POINT('',(1.48,-0.9,1.));
#9385 = DIRECTION('',(1.,-3.469446951954E-16,0.));
#9386 = DIRECTION('',(-3.469446951954E-16,-1.,0.));
#9387 = ADVANCED_FACE('',(#9388),#9399,.T.);
#9388 = FACE_BOUND('',#9389,.T.);
#9389 = EDGE_LOOP('',(#9390,#9391,#9397,#9398));
#9390 = ORIENTED_EDGE('',*,*,#9291,.T.);
#9391 = ORIENTED_EDGE('',*,*,#9392,.T.);
#9392 = EDGE_CURVE('',#9284,#9053,#9393,.T.);
#9393 = LINE('',#9394,#9395);
#9394 = CARTESIAN_POINT('',(1.4,-2.E-02,1.));
#9395 = VECTOR('',#9396,1.);
#9396 = DIRECTION('',(0.,0.,1.));
#9397 = ORIENTED_EDGE('',*,*,#9052,.T.);
#9398 = ORIENTED_EDGE('',*,*,#9370,.F.);
#9399 = CYLINDRICAL_SURFACE('',#9400,8.E-02);
#9400 = AXIS2_PLACEMENT_3D('',#9401,#9402,#9403);
#9401 = CARTESIAN_POINT('',(1.4,-0.1,1.));
#9402 = DIRECTION('',(0.,0.,1.));
#9403 = DIRECTION('',(1.,0.,-0.));
#9404 = ADVANCED_FACE('',(#9405),#9421,.T.);
#9405 = FACE_BOUND('',#9406,.T.);
#9406 = EDGE_LOOP('',(#9407,#9408,#9414,#9415));
#9407 = ORIENTED_EDGE('',*,*,#9010,.T.);
#9408 = ORIENTED_EDGE('',*,*,#9409,.F.);
#9409 = EDGE_CURVE('',#9338,#9003,#9410,.T.);
#9410 = LINE('',#9411,#9412);
#9411 = CARTESIAN_POINT('',(-1.4,-2.E-02,1.));
#9412 = VECTOR('',#9413,1.);
#9413 = DIRECTION('',(0.,0.,1.));
#9414 = ORIENTED_EDGE('',*,*,#9337,.T.);
#9415 = ORIENTED_EDGE('',*,*,#9416,.T.);
#9416 = EDGE_CURVE('',#9330,#9011,#9417,.T.);
#9417 = LINE('',#9418,#9419);
#9418 = CARTESIAN_POINT('',(-1.48,-0.1,1.));
#9419 = VECTOR('',#9420,1.);
#9420 = DIRECTION('',(0.,0.,1.));
#9421 = CYLINDRICAL_SURFACE('',#9422,8.E-02);
#9422 = AXIS2_PLACEMENT_3D('',#9423,#9424,#9425);
#9423 = CARTESIAN_POINT('',(-1.4,-0.1,1.));
#9424 = DIRECTION('',(0.,0.,1.));
#9425 = DIRECTION('',(0.,1.,0.));
#9426 = ADVANCED_FACE('',(#9427),#9438,.T.);
#9427 = FACE_BOUND('',#9428,.T.);
#9428 = EDGE_LOOP('',(#9429,#9430,#9431,#9432));
#9429 = ORIENTED_EDGE('',*,*,#9019,.T.);
#9430 = ORIENTED_EDGE('',*,*,#9416,.F.);
#9431 = ORIENTED_EDGE('',*,*,#9329,.T.);
#9432 = ORIENTED_EDGE('',*,*,#9433,.T.);
#9433 = EDGE_CURVE('',#9321,#9020,#9434,.T.);
#9434 = LINE('',#9435,#9436);
#9435 = CARTESIAN_POINT('',(-1.48,-0.9,1.));
#9436 = VECTOR('',#9437,1.);
#9437 = DIRECTION('',(0.,0.,1.));
#9438 = PLANE('',#9439);
#9439 = AXIS2_PLACEMENT_3D('',#9440,#9441,#9442);
#9440 = CARTESIAN_POINT('',(-1.48,-0.1,1.));
#9441 = DIRECTION('',(-1.,0.,0.));
#9442 = DIRECTION('',(0.,0.,1.));
#9443 = ADVANCED_FACE('',(#9444),#9450,.T.);
#9444 = FACE_BOUND('',#9445,.T.);
#9445 = EDGE_LOOP('',(#9446,#9447,#9448,#9449));
#9446 = ORIENTED_EDGE('',*,*,#9027,.T.);
#9447 = ORIENTED_EDGE('',*,*,#9433,.F.);
#9448 = ORIENTED_EDGE('',*,*,#9320,.T.);
#9449 = ORIENTED_EDGE('',*,*,#8931,.T.);
#9450 = CYLINDRICAL_SURFACE('',#9451,8.E-02);
#9451 = AXIS2_PLACEMENT_3D('',#9452,#9453,#9454);
#9452 = CARTESIAN_POINT('',(-1.4,-0.9,1.));
#9453 = DIRECTION('',(0.,0.,1.));
#9454 = DIRECTION('',(-1.,-4.065758146821E-15,0.));
#9455 = ADVANCED_FACE('',(#9456),#9462,.T.);
#9456 = FACE_BOUND('',#9457,.T.);
#9457 = EDGE_LOOP('',(#9458,#9459,#9460,#9461));
#9458 = ORIENTED_EDGE('',*,*,#9308,.T.);
#9459 = ORIENTED_EDGE('',*,*,#9377,.F.);
#9460 = ORIENTED_EDGE('',*,*,#9035,.T.);
#9461 = ORIENTED_EDGE('',*,*,#8915,.F.);
#9462 = CYLINDRICAL_SURFACE('',#9463,8.E-02);
#9463 = AXIS2_PLACEMENT_3D('',#9464,#9465,#9466);
#9464 = CARTESIAN_POINT('',(1.4,-0.9,1.));
#9465 = DIRECTION('',(0.,0.,1.));
#9466 = DIRECTION('',(0.,-1.,0.));
#9467 = ADVANCED_FACE('',(#9468),#9479,.T.);
#9468 = FACE_BOUND('',#9469,.T.);
#9469 = EDGE_LOOP('',(#9470,#9471,#9477,#9478));
#9470 = ORIENTED_EDGE('',*,*,#9002,.T.);
#9471 = ORIENTED_EDGE('',*,*,#9472,.F.);
#9472 = EDGE_CURVE('',#9347,#8995,#9473,.T.);
#9473 = LINE('',#9474,#9475);
#9474 = CARTESIAN_POINT('',(-1.1,-2.E-02,1.));
#9475 = VECTOR('',#9476,1.);
#9476 = DIRECTION('',(0.,0.,1.));
#9477 = ORIENTED_EDGE('',*,*,#9346,.T.);
#9478 = ORIENTED_EDGE('',*,*,#9409,.T.);
#9479 = PLANE('',#9480);
#9480 = AXIS2_PLACEMENT_3D('',#9481,#9482,#9483);
#9481 = CARTESIAN_POINT('',(1.4,-2.E-02,1.));
#9482 = DIRECTION('',(6.195440985631E-18,1.,0.));
#9483 = DIRECTION('',(1.,-6.195440985631E-18,0.));
#9484 = ADVANCED_FACE('',(#9485),#9496,.T.);
#9485 = FACE_BOUND('',#9486,.T.);
#9486 = EDGE_LOOP('',(#9487,#9488,#9494,#9495));
#9487 = ORIENTED_EDGE('',*,*,#9283,.T.);
#9488 = ORIENTED_EDGE('',*,*,#9489,.F.);
#9489 = EDGE_CURVE('',#8986,#9276,#9490,.T.);
#9490 = LINE('',#9491,#9492);
#9491 = CARTESIAN_POINT('',(1.1,-2.E-02,1.));
#9492 = VECTOR('',#9493,1.);
#9493 = DIRECTION('',(0.,0.,-1.));
#9494 = ORIENTED_EDGE('',*,*,#9061,.T.);
#9495 = ORIENTED_EDGE('',*,*,#9392,.F.);
#9496 = PLANE('',#9497);
#9497 = AXIS2_PLACEMENT_3D('',#9498,#9499,#9500);
#9498 = CARTESIAN_POINT('',(1.4,-2.E-02,1.));
#9499 = DIRECTION('',(6.195440985631E-18,1.,0.));
#9500 = DIRECTION('',(1.,-6.195440985631E-18,0.));
#9501 = ADVANCED_FACE('',(#9502),#9508,.T.);
#9502 = FACE_BOUND('',#9503,.T.);
#9503 = EDGE_LOOP('',(#9504,#9505,#9506,#9507));
#9504 = ORIENTED_EDGE('',*,*,#8994,.T.);
#9505 = ORIENTED_EDGE('',*,*,#8963,.T.);
#9506 = ORIENTED_EDGE('',*,*,#9354,.T.);
#9507 = ORIENTED_EDGE('',*,*,#9472,.T.);
#9508 = PLANE('',#9509);
#9509 = AXIS2_PLACEMENT_3D('',#9510,#9511,#9512);
#9510 = CARTESIAN_POINT('',(-1.1,0.375819958069,1.));
#9511 = DIRECTION('',(-1.,0.,0.));
#9512 = DIRECTION('',(0.,0.,1.));
#9513 = ADVANCED_FACE('',(#9514),#9520,.T.);
#9514 = FACE_BOUND('',#9515,.T.);
#9515 = EDGE_LOOP('',(#9516,#9517,#9518,#9519));
#9516 = ORIENTED_EDGE('',*,*,#9275,.T.);
#9517 = ORIENTED_EDGE('',*,*,#8945,.T.);
#9518 = ORIENTED_EDGE('',*,*,#8985,.T.);
#9519 = ORIENTED_EDGE('',*,*,#9489,.T.);
#9520 = PLANE('',#9521);
#9521 = AXIS2_PLACEMENT_3D('',#9522,#9523,#9524);
#9522 = CARTESIAN_POINT('',(1.1,-0.375819958069,1.));
#9523 = DIRECTION('',(1.,0.,0.));
#9524 = DIRECTION('',(-0.,1.,0.));
#9525 = ( GEOMETRIC_REPRESENTATION_CONTEXT(3) 
GLOBAL_UNCERTAINTY_ASSIGNED_CONTEXT((#9529)) 
GLOBAL_UNIT_ASSIGNED_CONTEXT((#9526,#9527,#9528)) REPRESENTATION_CONTEXT
('Context #1','3D Context with UNIT and UNCERTAINTY') );
#9526 = ( LENGTH_UNIT() NAMED_UNIT(*) SI_UNIT(.MILLI.,.METRE.) );
#9527 = ( NAMED_UNIT(*) PLANE_ANGLE_UNIT() SI_UNIT($,.RADIAN.) );
#9528 = ( NAMED_UNIT(*) SI_UNIT($,.STERADIAN.) SOLID_ANGLE_UNIT() );
#9529 = UNCERTAINTY_MEASURE_WITH_UNIT(LENGTH_MEASURE(2.E-07),#9526,
  'distance_accuracy_value','confusion accuracy');
#9530 = CONTEXT_DEPENDENT_SHAPE_REPRESENTATION(#9531,#9533);
#9531 = ( REPRESENTATION_RELATIONSHIP('','',#8830,#8305) 
REPRESENTATION_RELATIONSHIP_WITH_TRANSFORMATION(#9532) 
SHAPE_REPRESENTATION_RELATIONSHIP() );
#9532 = ITEM_DEFINED_TRANSFORMATION('','',#11,#8314);
#9533 = PRODUCT_DEFINITION_SHAPE('Placement','Placement of an item',
  #9534);
#9534 = NEXT_ASSEMBLY_USAGE_OCCURRENCE('9','NAUO3','',#8300,#8825,$);
#9535 = PRODUCT_RELATED_PRODUCT_CATEGORY('part',$,(#8827));
#9536 = SHAPE_DEFINITION_REPRESENTATION(#9537,#9543);
#9537 = PRODUCT_DEFINITION_SHAPE('','',#9538);
#9538 = PRODUCT_DEFINITION('design','',#9539,#9542);
#9539 = PRODUCT_DEFINITION_FORMATION('','',#9540);
#9540 = PRODUCT('4.step','4.step','',(#9541));
#9541 = PRODUCT_CONTEXT('',#2,'mechanical');
#9542 = PRODUCT_DEFINITION_CONTEXT('part definition',#2,'design');
#9543 = ADVANCED_BREP_SHAPE_REPRESENTATION('',(#11,#9544),#9694);
#9544 = MANIFOLD_SOLID_BREP('',#9545);
#9545 = CLOSED_SHELL('',(#9546,#9586,#9617,#9648,#9665,#9682));
#9546 = ADVANCED_FACE('',(#9547),#9581,.F.);
#9547 = FACE_BOUND('',#9548,.T.);
#9548 = EDGE_LOOP('',(#9549,#9559,#9567,#9575));
#9549 = ORIENTED_EDGE('',*,*,#9550,.F.);
#9550 = EDGE_CURVE('',#9551,#9553,#9555,.T.);
#9551 = VERTEX_POINT('',#9552);
#9552 = CARTESIAN_POINT('',(-1.,-0.98,0.));
#9553 = VERTEX_POINT('',#9554);
#9554 = CARTESIAN_POINT('',(-0.7,-0.98,0.));
#9555 = LINE('',#9556,#9557);
#9556 = CARTESIAN_POINT('',(-0.7,-0.98,0.));
#9557 = VECTOR('',#9558,1.);
#9558 = DIRECTION('',(1.,0.,0.));
#9559 = ORIENTED_EDGE('',*,*,#9560,.F.);
#9560 = EDGE_CURVE('',#9561,#9551,#9563,.T.);
#9561 = VERTEX_POINT('',#9562);
#9562 = CARTESIAN_POINT('',(-1.,-0.98,1.));
#9563 = LINE('',#9564,#9565);
#9564 = CARTESIAN_POINT('',(-1.,-0.98,0.233149375149));
#9565 = VECTOR('',#9566,1.);
#9566 = DIRECTION('',(0.,0.,-1.));
#9567 = ORIENTED_EDGE('',*,*,#9568,.F.);
#9568 = EDGE_CURVE('',#9569,#9561,#9571,.T.);
#9569 = VERTEX_POINT('',#9570);
#9570 = CARTESIAN_POINT('',(-0.7,-0.98,1.));
#9571 = LINE('',#9572,#9573);
#9572 = CARTESIAN_POINT('',(-0.7,-0.98,1.));
#9573 = VECTOR('',#9574,1.);
#9574 = DIRECTION('',(-1.,0.,0.));
#9575 = ORIENTED_EDGE('',*,*,#9576,.F.);
#9576 = EDGE_CURVE('',#9553,#9569,#9577,.T.);
#9577 = LINE('',#9578,#9579);
#9578 = CARTESIAN_POINT('',(-0.7,-0.98,0.733149375149));
#9579 = VECTOR('',#9580,1.);
#9580 = DIRECTION('',(0.,0.,1.));
#9581 = PLANE('',#9582);
#9582 = AXIS2_PLACEMENT_3D('',#9583,#9584,#9585);
#9583 = CARTESIAN_POINT('',(-1.4,-0.98,1.));
#9584 = DIRECTION('',(0.,-1.,0.));
#9585 = DIRECTION('',(0.,0.,-1.));
#9586 = ADVANCED_FACE('',(#9587),#9612,.T.);
#9587 = FACE_BOUND('',#9588,.T.);
#9588 = EDGE_LOOP('',(#9589,#9590,#9598,#9606));
#9589 = ORIENTED_EDGE('',*,*,#9568,.T.);
#9590 = ORIENTED_EDGE('',*,*,#9591,.T.);
#9591 = EDGE_CURVE('',#9561,#9592,#9594,.T.);
#9592 = VERTEX_POINT('',#9593);
#9593 = CARTESIAN_POINT('',(-1.,-1.,1.));
#9594 = LINE('',#9595,#9596);
#9595 = CARTESIAN_POINT('',(-1.,-0.64958888042,1.));
#9596 = VECTOR('',#9597,1.);
#9597 = DIRECTION('',(0.,-1.,0.));
#9598 = ORIENTED_EDGE('',*,*,#9599,.T.);
#9599 = EDGE_CURVE('',#9592,#9600,#9602,.T.);
#9600 = VERTEX_POINT('',#9601);
#9601 = CARTESIAN_POINT('',(-0.7,-1.,1.));
#9602 = LINE('',#9603,#9604);
#9603 = CARTESIAN_POINT('',(-1.5,-1.,1.));
#9604 = VECTOR('',#9605,1.);
#9605 = DIRECTION('',(1.,0.,0.));
#9606 = ORIENTED_EDGE('',*,*,#9607,.T.);
#9607 = EDGE_CURVE('',#9600,#9569,#9608,.T.);
#9608 = LINE('',#9609,#9610);
#9609 = CARTESIAN_POINT('',(-0.7,-0.64958888042,1.));
#9610 = VECTOR('',#9611,1.);
#9611 = DIRECTION('',(0.,1.,0.));
#9612 = PLANE('',#9613);
#9613 = AXIS2_PLACEMENT_3D('',#9614,#9615,#9616);
#9614 = CARTESIAN_POINT('',(6.227919220931E-17,-0.299177760839,1.));
#9615 = DIRECTION('',(0.,0.,1.));
#9616 = DIRECTION('',(1.,0.,-0.));
#9617 = ADVANCED_FACE('',(#9618),#9643,.F.);
#9618 = FACE_BOUND('',#9619,.T.);
#9619 = EDGE_LOOP('',(#9620,#9621,#9629,#9637));
#9620 = ORIENTED_EDGE('',*,*,#9550,.T.);
#9621 = ORIENTED_EDGE('',*,*,#9622,.T.);
#9622 = EDGE_CURVE('',#9553,#9623,#9625,.T.);
#9623 = VERTEX_POINT('',#9624);
#9624 = CARTESIAN_POINT('',(-0.7,-1.,0.));
#9625 = LINE('',#9626,#9627);
#9626 = CARTESIAN_POINT('',(-0.7,-0.64958888042,0.));
#9627 = VECTOR('',#9628,1.);
#9628 = DIRECTION('',(0.,-1.,0.));
#9629 = ORIENTED_EDGE('',*,*,#9630,.F.);
#9630 = EDGE_CURVE('',#9631,#9623,#9633,.T.);
#9631 = VERTEX_POINT('',#9632);
#9632 = CARTESIAN_POINT('',(-1.,-1.,0.));
#9633 = LINE('',#9634,#9635);
#9634 = CARTESIAN_POINT('',(-1.5,-1.,0.));
#9635 = VECTOR('',#9636,1.);
#9636 = DIRECTION('',(1.,0.,0.));
#9637 = ORIENTED_EDGE('',*,*,#9638,.T.);
#9638 = EDGE_CURVE('',#9631,#9551,#9639,.T.);
#9639 = LINE('',#9640,#9641);
#9640 = CARTESIAN_POINT('',(-1.,-0.64958888042,0.));
#9641 = VECTOR('',#9642,1.);
#9642 = DIRECTION('',(0.,1.,0.));
#9643 = PLANE('',#9644);
#9644 = AXIS2_PLACEMENT_3D('',#9645,#9646,#9647);
#9645 = CARTESIAN_POINT('',(6.227919220931E-17,-0.299177760839,0.));
#9646 = DIRECTION('',(0.,0.,1.));
#9647 = DIRECTION('',(1.,0.,-0.));
#9648 = ADVANCED_FACE('',(#9649),#9660,.T.);
#9649 = FACE_BOUND('',#9650,.T.);
#9650 = EDGE_LOOP('',(#9651,#9657,#9658,#9659));
#9651 = ORIENTED_EDGE('',*,*,#9652,.F.);
#9652 = EDGE_CURVE('',#9623,#9600,#9653,.T.);
#9653 = LINE('',#9654,#9655);
#9654 = CARTESIAN_POINT('',(-0.7,-1.,0.5));
#9655 = VECTOR('',#9656,1.);
#9656 = DIRECTION('',(0.,0.,1.));
#9657 = ORIENTED_EDGE('',*,*,#9622,.F.);
#9658 = ORIENTED_EDGE('',*,*,#9576,.T.);
#9659 = ORIENTED_EDGE('',*,*,#9607,.F.);
#9660 = PLANE('',#9661);
#9661 = AXIS2_PLACEMENT_3D('',#9662,#9663,#9664);
#9662 = CARTESIAN_POINT('',(-0.7,-1.,1.));
#9663 = DIRECTION('',(1.,0.,0.));
#9664 = DIRECTION('',(-0.,1.,0.));
#9665 = ADVANCED_FACE('',(#9666),#9677,.T.);
#9666 = FACE_BOUND('',#9667,.T.);
#9667 = EDGE_LOOP('',(#9668,#9674,#9675,#9676));
#9668 = ORIENTED_EDGE('',*,*,#9669,.F.);
#9669 = EDGE_CURVE('',#9592,#9631,#9670,.T.);
#9670 = LINE('',#9671,#9672);
#9671 = CARTESIAN_POINT('',(-1.,-1.,0.));
#9672 = VECTOR('',#9673,1.);
#9673 = DIRECTION('',(0.,0.,-1.));
#9674 = ORIENTED_EDGE('',*,*,#9591,.F.);
#9675 = ORIENTED_EDGE('',*,*,#9560,.T.);
#9676 = ORIENTED_EDGE('',*,*,#9638,.F.);
#9677 = PLANE('',#9678);
#9678 = AXIS2_PLACEMENT_3D('',#9679,#9680,#9681);
#9679 = CARTESIAN_POINT('',(-1.,-1.,0.));
#9680 = DIRECTION('',(-1.,0.,0.));
#9681 = DIRECTION('',(0.,0.,1.));
#9682 = ADVANCED_FACE('',(#9683),#9689,.T.);
#9683 = FACE_BOUND('',#9684,.T.);
#9684 = EDGE_LOOP('',(#9685,#9686,#9687,#9688));
#9685 = ORIENTED_EDGE('',*,*,#9652,.T.);
#9686 = ORIENTED_EDGE('',*,*,#9599,.F.);
#9687 = ORIENTED_EDGE('',*,*,#9669,.T.);
#9688 = ORIENTED_EDGE('',*,*,#9630,.T.);
#9689 = PLANE('',#9690);
#9690 = AXIS2_PLACEMENT_3D('',#9691,#9692,#9693);
#9691 = CARTESIAN_POINT('',(-1.5,-1.,0.));
#9692 = DIRECTION('',(0.,-1.,0.));
#9693 = DIRECTION('',(0.,0.,-1.));
#9694 = ( GEOMETRIC_REPRESENTATION_CONTEXT(3) 
GLOBAL_UNCERTAINTY_ASSIGNED_CONTEXT((#9698)) 
GLOBAL_UNIT_ASSIGNED_CONTEXT((#9695,#9696,#9697)) REPRESENTATION_CONTEXT
('Context #1','3D Context with UNIT and UNCERTAINTY') );
#9695 = ( LENGTH_UNIT() NAMED_UNIT(*) SI_UNIT(.MILLI.,.METRE.) );
#9696 = ( NAMED_UNIT(*) PLANE_ANGLE_UNIT() SI_UNIT($,.RADIAN.) );
#9697 = ( NAMED_UNIT(*) SI_UNIT($,.STERADIAN.) SOLID_ANGLE_UNIT() );
#9698 = UNCERTAINTY_MEASURE_WITH_UNIT(LENGTH_MEASURE(1.E-07),#9695,
  'distance_accuracy_value','confusion accuracy');
#9699 = CONTEXT_DEPENDENT_SHAPE_REPRESENTATION(#9700,#9702);
#9700 = ( REPRESENTATION_RELATIONSHIP('','',#9543,#8305) 
REPRESENTATION_RELATIONSHIP_WITH_TRANSFORMATION(#9701) 
SHAPE_REPRESENTATION_RELATIONSHIP() );
#9701 = ITEM_DEFINED_TRANSFORMATION('','',#11,#8318);
#9702 = PRODUCT_DEFINITION_SHAPE('Placement','Placement of an item',
  #9703);
#9703 = NEXT_ASSEMBLY_USAGE_OCCURRENCE('10','NAUO4','',#8300,#9538,$);
#9704 = PRODUCT_RELATED_PRODUCT_CATEGORY('part',$,(#9540));
#9705 = SHAPE_DEFINITION_REPRESENTATION(#9706,#9712);
#9706 = PRODUCT_DEFINITION_SHAPE('','',#9707);
#9707 = PRODUCT_DEFINITION('design','',#9708,#9711);
#9708 = PRODUCT_DEFINITION_FORMATION('','',#9709);
#9709 = PRODUCT('5^Vishay_-_VSMB10940.step','5^Vishay_-_VSMB10940.step',
  '',(#9710));
#9710 = PRODUCT_CONTEXT('',#2,'mechanical');
#9711 = PRODUCT_DEFINITION_CONTEXT('part definition',#2,'design');
#9712 = SHAPE_REPRESENTATION('',(#11,#9713,#10205),#10697);
#9713 = MANIFOLD_SOLID_BREP('',#9714);
#9714 = CLOSED_SHELL('',(#9715,#9757,#9799,#9830,#9861,#9894,#9916,#9995
    ,#10020,#10091,#10108,#10130,#10147,#10164,#10181,#10193));
#9715 = ADVANCED_FACE('',(#9716),#9752,.T.);
#9716 = FACE_BOUND('',#9717,.T.);
#9717 = EDGE_LOOP('',(#9718,#9729,#9737,#9746));
#9718 = ORIENTED_EDGE('',*,*,#9719,.T.);
#9719 = EDGE_CURVE('',#9720,#9722,#9724,.T.);
#9720 = VERTEX_POINT('',#9721);
#9721 = CARTESIAN_POINT('',(1.5,-0.1,0.));
#9722 = VERTEX_POINT('',#9723);
#9723 = CARTESIAN_POINT('',(1.470710678119,-2.928932188135E-02,0.));
#9724 = CIRCLE('',#9725,0.1);
#9725 = AXIS2_PLACEMENT_3D('',#9726,#9727,#9728);
#9726 = CARTESIAN_POINT('',(1.4,-0.1,0.));
#9727 = DIRECTION('',(0.,0.,1.));
#9728 = DIRECTION('',(0.707106781187,0.707106781187,-0.));
#9729 = ORIENTED_EDGE('',*,*,#9730,.T.);
#9730 = EDGE_CURVE('',#9722,#9731,#9733,.T.);
#9731 = VERTEX_POINT('',#9732);
#9732 = CARTESIAN_POINT('',(1.470710678119,-2.928932188135E-02,1.));
#9733 = LINE('',#9734,#9735);
#9734 = CARTESIAN_POINT('',(1.470710678119,-2.928932188135E-02,0.));
#9735 = VECTOR('',#9736,1.);
#9736 = DIRECTION('',(0.,0.,1.));
#9737 = ORIENTED_EDGE('',*,*,#9738,.T.);
#9738 = EDGE_CURVE('',#9731,#9739,#9741,.T.);
#9739 = VERTEX_POINT('',#9740);
#9740 = CARTESIAN_POINT('',(1.5,-0.1,1.));
#9741 = CIRCLE('',#9742,0.1);
#9742 = AXIS2_PLACEMENT_3D('',#9743,#9744,#9745);
#9743 = CARTESIAN_POINT('',(1.4,-0.1,1.));
#9744 = DIRECTION('',(0.,0.,-1.));
#9745 = DIRECTION('',(0.707106781187,0.707106781187,0.));
#9746 = ORIENTED_EDGE('',*,*,#9747,.T.);
#9747 = EDGE_CURVE('',#9739,#9720,#9748,.T.);
#9748 = LINE('',#9749,#9750);
#9749 = CARTESIAN_POINT('',(1.5,-0.1,0.));
#9750 = VECTOR('',#9751,1.);
#9751 = DIRECTION('',(0.,0.,-1.));
#9752 = CYLINDRICAL_SURFACE('',#9753,0.1);
#9753 = AXIS2_PLACEMENT_3D('',#9754,#9755,#9756);
#9754 = CARTESIAN_POINT('',(1.4,-0.1,0.));
#9755 = DIRECTION('',(0.,0.,1.));
#9756 = DIRECTION('',(0.707106781187,0.707106781187,-0.));
#9757 = ADVANCED_FACE('',(#9758),#9794,.T.);
#9758 = FACE_BOUND('',#9759,.T.);
#9759 = EDGE_LOOP('',(#9760,#9771,#9779,#9788));
#9760 = ORIENTED_EDGE('',*,*,#9761,.T.);
#9761 = EDGE_CURVE('',#9762,#9764,#9766,.T.);
#9762 = VERTEX_POINT('',#9763);
#9763 = CARTESIAN_POINT('',(1.4,-1.,0.));
#9764 = VERTEX_POINT('',#9765);
#9765 = CARTESIAN_POINT('',(1.470710678119,-0.970710678119,0.));
#9766 = CIRCLE('',#9767,0.1);
#9767 = AXIS2_PLACEMENT_3D('',#9768,#9769,#9770);
#9768 = CARTESIAN_POINT('',(1.4,-0.9,0.));
#9769 = DIRECTION('',(0.,0.,1.));
#9770 = DIRECTION('',(0.707106781187,-0.707106781187,0.));
#9771 = ORIENTED_EDGE('',*,*,#9772,.T.);
#9772 = EDGE_CURVE('',#9764,#9773,#9775,.T.);
#9773 = VERTEX_POINT('',#9774);
#9774 = CARTESIAN_POINT('',(1.470710678119,-0.970710678119,1.));
#9775 = LINE('',#9776,#9777);
#9776 = CARTESIAN_POINT('',(1.470710678119,-0.970710678119,0.));
#9777 = VECTOR('',#9778,1.);
#9778 = DIRECTION('',(0.,0.,1.));
#9779 = ORIENTED_EDGE('',*,*,#9780,.T.);
#9780 = EDGE_CURVE('',#9773,#9781,#9783,.T.);
#9781 = VERTEX_POINT('',#9782);
#9782 = CARTESIAN_POINT('',(1.4,-1.,1.));
#9783 = CIRCLE('',#9784,0.1);
#9784 = AXIS2_PLACEMENT_3D('',#9785,#9786,#9787);
#9785 = CARTESIAN_POINT('',(1.4,-0.9,1.));
#9786 = DIRECTION('',(0.,0.,-1.));
#9787 = DIRECTION('',(0.707106781187,-0.707106781187,0.));
#9788 = ORIENTED_EDGE('',*,*,#9789,.T.);
#9789 = EDGE_CURVE('',#9781,#9762,#9790,.T.);
#9790 = LINE('',#9791,#9792);
#9791 = CARTESIAN_POINT('',(1.4,-1.,0.));
#9792 = VECTOR('',#9793,1.);
#9793 = DIRECTION('',(0.,0.,-1.));
#9794 = CYLINDRICAL_SURFACE('',#9795,0.1);
#9795 = AXIS2_PLACEMENT_3D('',#9796,#9797,#9798);
#9796 = CARTESIAN_POINT('',(1.4,-0.9,0.));
#9797 = DIRECTION('',(0.,0.,1.));
#9798 = DIRECTION('',(0.707106781187,-0.707106781187,0.));
#9799 = ADVANCED_FACE('',(#9800),#9825,.T.);
#9800 = FACE_BOUND('',#9801,.T.);
#9801 = EDGE_LOOP('',(#9802,#9803,#9811,#9819));
#9802 = ORIENTED_EDGE('',*,*,#9789,.F.);
#9803 = ORIENTED_EDGE('',*,*,#9804,.F.);
#9804 = EDGE_CURVE('',#9805,#9781,#9807,.T.);
#9805 = VERTEX_POINT('',#9806);
#9806 = CARTESIAN_POINT('',(1.1,-1.,1.));
#9807 = LINE('',#9808,#9809);
#9808 = CARTESIAN_POINT('',(-1.5,-1.,1.));
#9809 = VECTOR('',#9810,1.);
#9810 = DIRECTION('',(1.,0.,0.));
#9811 = ORIENTED_EDGE('',*,*,#9812,.T.);
#9812 = EDGE_CURVE('',#9805,#9813,#9815,.T.);
#9813 = VERTEX_POINT('',#9814);
#9814 = CARTESIAN_POINT('',(1.1,-1.,0.));
#9815 = LINE('',#9816,#9817);
#9816 = CARTESIAN_POINT('',(1.1,-1.,0.));
#9817 = VECTOR('',#9818,1.);
#9818 = DIRECTION('',(0.,0.,-1.));
#9819 = ORIENTED_EDGE('',*,*,#9820,.T.);
#9820 = EDGE_CURVE('',#9813,#9762,#9821,.T.);
#9821 = LINE('',#9822,#9823);
#9822 = CARTESIAN_POINT('',(-1.5,-1.,0.));
#9823 = VECTOR('',#9824,1.);
#9824 = DIRECTION('',(1.,0.,0.));
#9825 = PLANE('',#9826);
#9826 = AXIS2_PLACEMENT_3D('',#9827,#9828,#9829);
#9827 = CARTESIAN_POINT('',(-1.5,-1.,0.));
#9828 = DIRECTION('',(0.,-1.,0.));
#9829 = DIRECTION('',(0.,0.,-1.));
#9830 = ADVANCED_FACE('',(#9831),#9856,.T.);
#9831 = FACE_BOUND('',#9832,.T.);
#9832 = EDGE_LOOP('',(#9833,#9834,#9842,#9850));
#9833 = ORIENTED_EDGE('',*,*,#9812,.F.);
#9834 = ORIENTED_EDGE('',*,*,#9835,.F.);
#9835 = EDGE_CURVE('',#9836,#9805,#9838,.T.);
#9836 = VERTEX_POINT('',#9837);
#9837 = CARTESIAN_POINT('',(1.1,-0.98,1.));
#9838 = LINE('',#9839,#9840);
#9839 = CARTESIAN_POINT('',(1.1,-0.64958888042,1.));
#9840 = VECTOR('',#9841,1.);
#9841 = DIRECTION('',(0.,-1.,0.));
#9842 = ORIENTED_EDGE('',*,*,#9843,.T.);
#9843 = EDGE_CURVE('',#9836,#9844,#9846,.T.);
#9844 = VERTEX_POINT('',#9845);
#9845 = CARTESIAN_POINT('',(1.1,-0.98,0.));
#9846 = LINE('',#9847,#9848);
#9847 = CARTESIAN_POINT('',(1.1,-0.98,0.233149375149));
#9848 = VECTOR('',#9849,1.);
#9849 = DIRECTION('',(0.,0.,-1.));
#9850 = ORIENTED_EDGE('',*,*,#9851,.F.);
#9851 = EDGE_CURVE('',#9813,#9844,#9852,.T.);
#9852 = LINE('',#9853,#9854);
#9853 = CARTESIAN_POINT('',(1.1,-0.64958888042,0.));
#9854 = VECTOR('',#9855,1.);
#9855 = DIRECTION('',(0.,1.,0.));
#9856 = PLANE('',#9857);
#9857 = AXIS2_PLACEMENT_3D('',#9858,#9859,#9860);
#9858 = CARTESIAN_POINT('',(1.1,-1.,0.));
#9859 = DIRECTION('',(-1.,0.,0.));
#9860 = DIRECTION('',(0.,0.,1.));
#9861 = ADVANCED_FACE('',(#9862),#9889,.T.);
#9862 = FACE_BOUND('',#9863,.T.);
#9863 = EDGE_LOOP('',(#9864,#9865,#9874,#9882));
#9864 = ORIENTED_EDGE('',*,*,#9772,.F.);
#9865 = ORIENTED_EDGE('',*,*,#9866,.T.);
#9866 = EDGE_CURVE('',#9764,#9867,#9869,.T.);
#9867 = VERTEX_POINT('',#9868);
#9868 = CARTESIAN_POINT('',(1.5,-0.9,0.));
#9869 = CIRCLE('',#9870,0.1);
#9870 = AXIS2_PLACEMENT_3D('',#9871,#9872,#9873);
#9871 = CARTESIAN_POINT('',(1.4,-0.9,0.));
#9872 = DIRECTION('',(0.,0.,1.));
#9873 = DIRECTION('',(0.707106781187,-0.707106781187,0.));
#9874 = ORIENTED_EDGE('',*,*,#9875,.T.);
#9875 = EDGE_CURVE('',#9867,#9876,#9878,.T.);
#9876 = VERTEX_POINT('',#9877);
#9877 = CARTESIAN_POINT('',(1.5,-0.9,1.));
#9878 = LINE('',#9879,#9880);
#9879 = CARTESIAN_POINT('',(1.5,-0.9,0.));
#9880 = VECTOR('',#9881,1.);
#9881 = DIRECTION('',(0.,0.,1.));
#9882 = ORIENTED_EDGE('',*,*,#9883,.T.);
#9883 = EDGE_CURVE('',#9876,#9773,#9884,.T.);
#9884 = CIRCLE('',#9885,0.1);
#9885 = AXIS2_PLACEMENT_3D('',#9886,#9887,#9888);
#9886 = CARTESIAN_POINT('',(1.4,-0.9,1.));
#9887 = DIRECTION('',(0.,0.,-1.));
#9888 = DIRECTION('',(0.707106781187,-0.707106781187,0.));
#9889 = CYLINDRICAL_SURFACE('',#9890,0.1);
#9890 = AXIS2_PLACEMENT_3D('',#9891,#9892,#9893);
#9891 = CARTESIAN_POINT('',(1.4,-0.9,0.));
#9892 = DIRECTION('',(0.,0.,1.));
#9893 = DIRECTION('',(0.707106781187,-0.707106781187,0.));
#9894 = ADVANCED_FACE('',(#9895),#9911,.T.);
#9895 = FACE_BOUND('',#9896,.T.);
#9896 = EDGE_LOOP('',(#9897,#9898,#9904,#9905));
#9897 = ORIENTED_EDGE('',*,*,#9747,.F.);
#9898 = ORIENTED_EDGE('',*,*,#9899,.F.);
#9899 = EDGE_CURVE('',#9876,#9739,#9900,.T.);
#9900 = LINE('',#9901,#9902);
#9901 = CARTESIAN_POINT('',(1.5,-1.,1.));
#9902 = VECTOR('',#9903,1.);
#9903 = DIRECTION('',(0.,1.,0.));
#9904 = ORIENTED_EDGE('',*,*,#9875,.F.);
#9905 = ORIENTED_EDGE('',*,*,#9906,.T.);
#9906 = EDGE_CURVE('',#9867,#9720,#9907,.T.);
#9907 = LINE('',#9908,#9909);
#9908 = CARTESIAN_POINT('',(1.5,-1.,0.));
#9909 = VECTOR('',#9910,1.);
#9910 = DIRECTION('',(0.,1.,0.));
#9911 = PLANE('',#9912);
#9912 = AXIS2_PLACEMENT_3D('',#9913,#9914,#9915);
#9913 = CARTESIAN_POINT('',(1.5,-1.,0.));
#9914 = DIRECTION('',(1.,0.,0.));
#9915 = DIRECTION('',(-0.,1.,0.));
#9916 = ADVANCED_FACE('',(#9917),#9990,.F.);
#9917 = FACE_BOUND('',#9918,.T.);
#9918 = EDGE_LOOP('',(#9919,#9929,#9937,#9944,#9945,#9946,#9947,#9948,
    #9949,#9950,#9958,#9967,#9975,#9984));
#9919 = ORIENTED_EDGE('',*,*,#9920,.T.);
#9920 = EDGE_CURVE('',#9921,#9923,#9925,.T.);
#9921 = VERTEX_POINT('',#9922);
#9922 = CARTESIAN_POINT('',(1.1,-2.E-02,0.));
#9923 = VERTEX_POINT('',#9924);
#9924 = CARTESIAN_POINT('',(1.1,0.,0.));
#9925 = LINE('',#9926,#9927);
#9926 = CARTESIAN_POINT('',(1.1,-0.337498859454,0.));
#9927 = VECTOR('',#9928,1.);
#9928 = DIRECTION('',(0.,1.,0.));
#9929 = ORIENTED_EDGE('',*,*,#9930,.F.);
#9930 = EDGE_CURVE('',#9931,#9923,#9933,.T.);
#9931 = VERTEX_POINT('',#9932);
#9932 = CARTESIAN_POINT('',(1.4,0.,0.));
#9933 = LINE('',#9934,#9935);
#9934 = CARTESIAN_POINT('',(-1.,0.,0.));
#9935 = VECTOR('',#9936,1.);
#9936 = DIRECTION('',(-1.,0.,0.));
#9937 = ORIENTED_EDGE('',*,*,#9938,.F.);
#9938 = EDGE_CURVE('',#9722,#9931,#9939,.T.);
#9939 = CIRCLE('',#9940,0.1);
#9940 = AXIS2_PLACEMENT_3D('',#9941,#9942,#9943);
#9941 = CARTESIAN_POINT('',(1.4,-0.1,0.));
#9942 = DIRECTION('',(0.,0.,1.));
#9943 = DIRECTION('',(0.707106781187,0.707106781187,-0.));
#9944 = ORIENTED_EDGE('',*,*,#9719,.F.);
#9945 = ORIENTED_EDGE('',*,*,#9906,.F.);
#9946 = ORIENTED_EDGE('',*,*,#9866,.F.);
#9947 = ORIENTED_EDGE('',*,*,#9761,.F.);
#9948 = ORIENTED_EDGE('',*,*,#9820,.F.);
#9949 = ORIENTED_EDGE('',*,*,#9851,.T.);
#9950 = ORIENTED_EDGE('',*,*,#9951,.T.);
#9951 = EDGE_CURVE('',#9844,#9952,#9954,.T.);
#9952 = VERTEX_POINT('',#9953);
#9953 = CARTESIAN_POINT('',(1.4,-0.98,0.));
#9954 = LINE('',#9955,#9956);
#9955 = CARTESIAN_POINT('',(-0.7,-0.98,0.));
#9956 = VECTOR('',#9957,1.);
#9957 = DIRECTION('',(1.,0.,0.));
#9958 = ORIENTED_EDGE('',*,*,#9959,.T.);
#9959 = EDGE_CURVE('',#9952,#9960,#9962,.T.);
#9960 = VERTEX_POINT('',#9961);
#9961 = CARTESIAN_POINT('',(1.48,-0.9,0.));
#9962 = CIRCLE('',#9963,8.E-02);
#9963 = AXIS2_PLACEMENT_3D('',#9964,#9965,#9966);
#9964 = CARTESIAN_POINT('',(1.4,-0.9,0.));
#9965 = DIRECTION('',(0.,0.,1.));
#9966 = DIRECTION('',(0.,-1.,0.));
#9967 = ORIENTED_EDGE('',*,*,#9968,.T.);
#9968 = EDGE_CURVE('',#9960,#9969,#9971,.T.);
#9969 = VERTEX_POINT('',#9970);
#9970 = CARTESIAN_POINT('',(1.48,-0.1,0.));
#9971 = LINE('',#9972,#9973);
#9972 = CARTESIAN_POINT('',(1.48,-0.59958888042,0.));
#9973 = VECTOR('',#9974,1.);
#9974 = DIRECTION('',(3.469446951954E-16,1.,0.));
#9975 = ORIENTED_EDGE('',*,*,#9976,.T.);
#9976 = EDGE_CURVE('',#9969,#9977,#9979,.T.);
#9977 = VERTEX_POINT('',#9978);
#9978 = CARTESIAN_POINT('',(1.4,-2.E-02,0.));
#9979 = CIRCLE('',#9980,8.E-02);
#9980 = AXIS2_PLACEMENT_3D('',#9981,#9982,#9983);
#9981 = CARTESIAN_POINT('',(1.4,-0.1,0.));
#9982 = DIRECTION('',(0.,0.,1.));
#9983 = DIRECTION('',(1.,0.,-0.));
#9984 = ORIENTED_EDGE('',*,*,#9985,.T.);
#9985 = EDGE_CURVE('',#9977,#9921,#9986,.T.);
#9986 = LINE('',#9987,#9988);
#9987 = CARTESIAN_POINT('',(0.7,-2.E-02,0.));
#9988 = VECTOR('',#9989,1.);
#9989 = DIRECTION('',(-1.,6.195440985631E-18,0.));
#9990 = PLANE('',#9991);
#9991 = AXIS2_PLACEMENT_3D('',#9992,#9993,#9994);
#9992 = CARTESIAN_POINT('',(6.227919220931E-17,-0.299177760839,0.));
#9993 = DIRECTION('',(0.,0.,1.));
#9994 = DIRECTION('',(1.,0.,-0.));
#9995 = ADVANCED_FACE('',(#9996),#10015,.T.);
#9996 = FACE_BOUND('',#9997,.T.);
#9997 = EDGE_LOOP('',(#9998,#9999,#10000,#10008));
#9998 = ORIENTED_EDGE('',*,*,#9730,.F.);
#9999 = ORIENTED_EDGE('',*,*,#9938,.T.);
#10000 = ORIENTED_EDGE('',*,*,#10001,.T.);
#10001 = EDGE_CURVE('',#9931,#10002,#10004,.T.);
#10002 = VERTEX_POINT('',#10003);
#10003 = CARTESIAN_POINT('',(1.4,0.,1.));
#10004 = LINE('',#10005,#10006);
#10005 = CARTESIAN_POINT('',(1.4,0.,0.));
#10006 = VECTOR('',#10007,1.);
#10007 = DIRECTION('',(0.,0.,1.));
#10008 = ORIENTED_EDGE('',*,*,#10009,.T.);
#10009 = EDGE_CURVE('',#10002,#9731,#10010,.T.);
#10010 = CIRCLE('',#10011,0.1);
#10011 = AXIS2_PLACEMENT_3D('',#10012,#10013,#10014);
#10012 = CARTESIAN_POINT('',(1.4,-0.1,1.));
#10013 = DIRECTION('',(0.,0.,-1.));
#10014 = DIRECTION('',(0.707106781187,0.707106781187,0.));
#10015 = CYLINDRICAL_SURFACE('',#10016,0.1);
#10016 = AXIS2_PLACEMENT_3D('',#10017,#10018,#10019);
#10017 = CARTESIAN_POINT('',(1.4,-0.1,0.));
#10018 = DIRECTION('',(0.,0.,1.));
#10019 = DIRECTION('',(0.707106781187,0.707106781187,-0.));
#10020 = ADVANCED_FACE('',(#10021),#10086,.T.);
#10021 = FACE_BOUND('',#10022,.T.);
#10022 = EDGE_LOOP('',(#10023,#10033,#10041,#10050,#10058,#10067,#10073,
    #10074,#10075,#10076,#10077,#10078,#10079,#10080));
#10023 = ORIENTED_EDGE('',*,*,#10024,.T.);
#10024 = EDGE_CURVE('',#10025,#10027,#10029,.T.);
#10025 = VERTEX_POINT('',#10026);
#10026 = CARTESIAN_POINT('',(1.1,0.,1.));
#10027 = VERTEX_POINT('',#10028);
#10028 = CARTESIAN_POINT('',(1.1,-2.E-02,1.));
#10029 = LINE('',#10030,#10031);
#10030 = CARTESIAN_POINT('',(1.1,-0.337498859454,1.));
#10031 = VECTOR('',#10032,1.);
#10032 = DIRECTION('',(0.,-1.,0.));
#10033 = ORIENTED_EDGE('',*,*,#10034,.T.);
#10034 = EDGE_CURVE('',#10027,#10035,#10037,.T.);
#10035 = VERTEX_POINT('',#10036);
#10036 = CARTESIAN_POINT('',(1.4,-2.E-02,1.));
#10037 = LINE('',#10038,#10039);
#10038 = CARTESIAN_POINT('',(0.7,-2.E-02,1.));
#10039 = VECTOR('',#10040,1.);
#10040 = DIRECTION('',(1.,-6.195440985631E-18,0.));
#10041 = ORIENTED_EDGE('',*,*,#10042,.T.);
#10042 = EDGE_CURVE('',#10035,#10043,#10045,.T.);
#10043 = VERTEX_POINT('',#10044);
#10044 = CARTESIAN_POINT('',(1.48,-0.1,1.));
#10045 = CIRCLE('',#10046,8.E-02);
#10046 = AXIS2_PLACEMENT_3D('',#10047,#10048,#10049);
#10047 = CARTESIAN_POINT('',(1.4,-0.1,1.));
#10048 = DIRECTION('',(0.,0.,-1.));
#10049 = DIRECTION('',(1.,0.,0.));
#10050 = ORIENTED_EDGE('',*,*,#10051,.T.);
#10051 = EDGE_CURVE('',#10043,#10052,#10054,.T.);
#10052 = VERTEX_POINT('',#10053);
#10053 = CARTESIAN_POINT('',(1.48,-0.9,1.));
#10054 = LINE('',#10055,#10056);
#10055 = CARTESIAN_POINT('',(1.48,-0.59958888042,1.));
#10056 = VECTOR('',#10057,1.);
#10057 = DIRECTION('',(-3.469446951954E-16,-1.,0.));
#10058 = ORIENTED_EDGE('',*,*,#10059,.T.);
#10059 = EDGE_CURVE('',#10052,#10060,#10062,.T.);
#10060 = VERTEX_POINT('',#10061);
#10061 = CARTESIAN_POINT('',(1.4,-0.98,1.));
#10062 = CIRCLE('',#10063,8.E-02);
#10063 = AXIS2_PLACEMENT_3D('',#10064,#10065,#10066);
#10064 = CARTESIAN_POINT('',(1.4,-0.9,1.));
#10065 = DIRECTION('',(0.,0.,-1.));
#10066 = DIRECTION('',(0.,-1.,0.));
#10067 = ORIENTED_EDGE('',*,*,#10068,.T.);
#10068 = EDGE_CURVE('',#10060,#9836,#10069,.T.);
#10069 = LINE('',#10070,#10071);
#10070 = CARTESIAN_POINT('',(-0.7,-0.98,1.));
#10071 = VECTOR('',#10072,1.);
#10072 = DIRECTION('',(-1.,0.,0.));
#10073 = ORIENTED_EDGE('',*,*,#9835,.T.);
#10074 = ORIENTED_EDGE('',*,*,#9804,.T.);
#10075 = ORIENTED_EDGE('',*,*,#9780,.F.);
#10076 = ORIENTED_EDGE('',*,*,#9883,.F.);
#10077 = ORIENTED_EDGE('',*,*,#9899,.T.);
#10078 = ORIENTED_EDGE('',*,*,#9738,.F.);
#10079 = ORIENTED_EDGE('',*,*,#10009,.F.);
#10080 = ORIENTED_EDGE('',*,*,#10081,.T.);
#10081 = EDGE_CURVE('',#10002,#10025,#10082,.T.);
#10082 = LINE('',#10083,#10084);
#10083 = CARTESIAN_POINT('',(-1.,0.,1.));
#10084 = VECTOR('',#10085,1.);
#10085 = DIRECTION('',(-1.,0.,0.));
#10086 = PLANE('',#10087);
#10087 = AXIS2_PLACEMENT_3D('',#10088,#10089,#10090);
#10088 = CARTESIAN_POINT('',(6.227919220931E-17,-0.299177760839,1.));
#10089 = DIRECTION('',(0.,0.,1.));
#10090 = DIRECTION('',(1.,0.,-0.));
#10091 = ADVANCED_FACE('',(#10092),#10103,.T.);
#10092 = FACE_BOUND('',#10093,.T.);
#10093 = EDGE_LOOP('',(#10094,#10100,#10101,#10102));
#10094 = ORIENTED_EDGE('',*,*,#10095,.T.);
#10095 = EDGE_CURVE('',#9923,#10025,#10096,.T.);
#10096 = LINE('',#10097,#10098);
#10097 = CARTESIAN_POINT('',(1.1,0.,0.5));
#10098 = VECTOR('',#10099,1.);
#10099 = DIRECTION('',(0.,0.,1.));
#10100 = ORIENTED_EDGE('',*,*,#10081,.F.);
#10101 = ORIENTED_EDGE('',*,*,#10001,.F.);
#10102 = ORIENTED_EDGE('',*,*,#9930,.T.);
#10103 = PLANE('',#10104);
#10104 = AXIS2_PLACEMENT_3D('',#10105,#10106,#10107);
#10105 = CARTESIAN_POINT('',(-1.,0.,0.));
#10106 = DIRECTION('',(-0.,1.,0.));
#10107 = DIRECTION('',(1.,0.,0.));
#10108 = ADVANCED_FACE('',(#10109),#10125,.F.);
#10109 = FACE_BOUND('',#10110,.T.);
#10110 = EDGE_LOOP('',(#10111,#10112,#10118,#10119));
#10111 = ORIENTED_EDGE('',*,*,#9968,.F.);
#10112 = ORIENTED_EDGE('',*,*,#10113,.F.);
#10113 = EDGE_CURVE('',#10052,#9960,#10114,.T.);
#10114 = LINE('',#10115,#10116);
#10115 = CARTESIAN_POINT('',(1.48,-0.9,1.));
#10116 = VECTOR('',#10117,1.);
#10117 = DIRECTION('',(0.,0.,-1.));
#10118 = ORIENTED_EDGE('',*,*,#10051,.F.);
#10119 = ORIENTED_EDGE('',*,*,#10120,.F.);
#10120 = EDGE_CURVE('',#9969,#10043,#10121,.T.);
#10121 = LINE('',#10122,#10123);
#10122 = CARTESIAN_POINT('',(1.48,-0.1,1.));
#10123 = VECTOR('',#10124,1.);
#10124 = DIRECTION('',(0.,0.,1.));
#10125 = PLANE('',#10126);
#10126 = AXIS2_PLACEMENT_3D('',#10127,#10128,#10129);
#10127 = CARTESIAN_POINT('',(1.48,-0.9,1.));
#10128 = DIRECTION('',(1.,-3.469446951954E-16,0.));
#10129 = DIRECTION('',(-3.469446951954E-16,-1.,0.));
#10130 = ADVANCED_FACE('',(#10131),#10142,.F.);
#10131 = FACE_BOUND('',#10132,.F.);
#10132 = EDGE_LOOP('',(#10133,#10139,#10140,#10141));
#10133 = ORIENTED_EDGE('',*,*,#10134,.T.);
#10134 = EDGE_CURVE('',#9977,#10035,#10135,.T.);
#10135 = LINE('',#10136,#10137);
#10136 = CARTESIAN_POINT('',(1.4,-2.E-02,1.));
#10137 = VECTOR('',#10138,1.);
#10138 = DIRECTION('',(0.,0.,1.));
#10139 = ORIENTED_EDGE('',*,*,#10042,.T.);
#10140 = ORIENTED_EDGE('',*,*,#10120,.F.);
#10141 = ORIENTED_EDGE('',*,*,#9976,.T.);
#10142 = CYLINDRICAL_SURFACE('',#10143,8.E-02);
#10143 = AXIS2_PLACEMENT_3D('',#10144,#10145,#10146);
#10144 = CARTESIAN_POINT('',(1.4,-0.1,1.));
#10145 = DIRECTION('',(0.,0.,1.));
#10146 = DIRECTION('',(1.,0.,-0.));
#10147 = ADVANCED_FACE('',(#10148),#10159,.F.);
#10148 = FACE_BOUND('',#10149,.F.);
#10149 = EDGE_LOOP('',(#10150,#10151,#10152,#10158));
#10150 = ORIENTED_EDGE('',*,*,#10113,.F.);
#10151 = ORIENTED_EDGE('',*,*,#10059,.T.);
#10152 = ORIENTED_EDGE('',*,*,#10153,.F.);
#10153 = EDGE_CURVE('',#9952,#10060,#10154,.T.);
#10154 = LINE('',#10155,#10156);
#10155 = CARTESIAN_POINT('',(1.4,-0.98,1.));
#10156 = VECTOR('',#10157,1.);
#10157 = DIRECTION('',(0.,0.,1.));
#10158 = ORIENTED_EDGE('',*,*,#9959,.T.);
#10159 = CYLINDRICAL_SURFACE('',#10160,8.E-02);
#10160 = AXIS2_PLACEMENT_3D('',#10161,#10162,#10163);
#10161 = CARTESIAN_POINT('',(1.4,-0.9,1.));
#10162 = DIRECTION('',(0.,0.,1.));
#10163 = DIRECTION('',(0.,-1.,0.));
#10164 = ADVANCED_FACE('',(#10165),#10176,.F.);
#10165 = FACE_BOUND('',#10166,.T.);
#10166 = EDGE_LOOP('',(#10167,#10168,#10169,#10170));
#10167 = ORIENTED_EDGE('',*,*,#9985,.F.);
#10168 = ORIENTED_EDGE('',*,*,#10134,.T.);
#10169 = ORIENTED_EDGE('',*,*,#10034,.F.);
#10170 = ORIENTED_EDGE('',*,*,#10171,.T.);
#10171 = EDGE_CURVE('',#10027,#9921,#10172,.T.);
#10172 = LINE('',#10173,#10174);
#10173 = CARTESIAN_POINT('',(1.1,-2.E-02,1.));
#10174 = VECTOR('',#10175,1.);
#10175 = DIRECTION('',(0.,0.,-1.));
#10176 = PLANE('',#10177);
#10177 = AXIS2_PLACEMENT_3D('',#10178,#10179,#10180);
#10178 = CARTESIAN_POINT('',(1.4,-2.E-02,1.));
#10179 = DIRECTION('',(6.195440985631E-18,1.,0.));
#10180 = DIRECTION('',(1.,-6.195440985631E-18,0.));
#10181 = ADVANCED_FACE('',(#10182),#10188,.F.);
#10182 = FACE_BOUND('',#10183,.T.);
#10183 = EDGE_LOOP('',(#10184,#10185,#10186,#10187));
#10184 = ORIENTED_EDGE('',*,*,#9951,.F.);
#10185 = ORIENTED_EDGE('',*,*,#9843,.F.);
#10186 = ORIENTED_EDGE('',*,*,#10068,.F.);
#10187 = ORIENTED_EDGE('',*,*,#10153,.F.);
#10188 = PLANE('',#10189);
#10189 = AXIS2_PLACEMENT_3D('',#10190,#10191,#10192);
#10190 = CARTESIAN_POINT('',(-1.4,-0.98,1.));
#10191 = DIRECTION('',(0.,-1.,0.));
#10192 = DIRECTION('',(0.,0.,-1.));
#10193 = ADVANCED_FACE('',(#10194),#10200,.F.);
#10194 = FACE_BOUND('',#10195,.T.);
#10195 = EDGE_LOOP('',(#10196,#10197,#10198,#10199));
#10196 = ORIENTED_EDGE('',*,*,#9920,.F.);
#10197 = ORIENTED_EDGE('',*,*,#10171,.F.);
#10198 = ORIENTED_EDGE('',*,*,#10024,.F.);
#10199 = ORIENTED_EDGE('',*,*,#10095,.F.);
#10200 = PLANE('',#10201);
#10201 = AXIS2_PLACEMENT_3D('',#10202,#10203,#10204);
#10202 = CARTESIAN_POINT('',(1.1,-0.375819958069,1.));
#10203 = DIRECTION('',(1.,0.,0.));
#10204 = DIRECTION('',(-0.,1.,0.));
#10205 = MANIFOLD_SOLID_BREP('',#10206);
#10206 = CLOSED_SHELL('',(#10207,#10249,#10291,#10331,#10362,#10395,
    #10417,#10441,#10512,#10583,#10600,#10622,#10639,#10656,#10673,
    #10685));
#10207 = ADVANCED_FACE('',(#10208),#10244,.T.);
#10208 = FACE_BOUND('',#10209,.T.);
#10209 = EDGE_LOOP('',(#10210,#10221,#10229,#10238));
#10210 = ORIENTED_EDGE('',*,*,#10211,.T.);
#10211 = EDGE_CURVE('',#10212,#10214,#10216,.T.);
#10212 = VERTEX_POINT('',#10213);
#10213 = CARTESIAN_POINT('',(-1.5,-0.9,0.));
#10214 = VERTEX_POINT('',#10215);
#10215 = CARTESIAN_POINT('',(-1.470710678119,-0.970710678119,0.));
#10216 = CIRCLE('',#10217,0.1);
#10217 = AXIS2_PLACEMENT_3D('',#10218,#10219,#10220);
#10218 = CARTESIAN_POINT('',(-1.4,-0.9,0.));
#10219 = DIRECTION('',(0.,0.,1.));
#10220 = DIRECTION('',(-0.707106781187,-0.707106781187,0.));
#10221 = ORIENTED_EDGE('',*,*,#10222,.T.);
#10222 = EDGE_CURVE('',#10214,#10223,#10225,.T.);
#10223 = VERTEX_POINT('',#10224);
#10224 = CARTESIAN_POINT('',(-1.470710678119,-0.970710678119,1.));
#10225 = LINE('',#10226,#10227);
#10226 = CARTESIAN_POINT('',(-1.470710678119,-0.970710678119,0.));
#10227 = VECTOR('',#10228,1.);
#10228 = DIRECTION('',(0.,0.,1.));
#10229 = ORIENTED_EDGE('',*,*,#10230,.T.);
#10230 = EDGE_CURVE('',#10223,#10231,#10233,.T.);
#10231 = VERTEX_POINT('',#10232);
#10232 = CARTESIAN_POINT('',(-1.5,-0.9,1.));
#10233 = CIRCLE('',#10234,0.1);
#10234 = AXIS2_PLACEMENT_3D('',#10235,#10236,#10237);
#10235 = CARTESIAN_POINT('',(-1.4,-0.9,1.));
#10236 = DIRECTION('',(0.,0.,-1.));
#10237 = DIRECTION('',(-0.707106781187,-0.707106781187,-0.));
#10238 = ORIENTED_EDGE('',*,*,#10239,.T.);
#10239 = EDGE_CURVE('',#10231,#10212,#10240,.T.);
#10240 = LINE('',#10241,#10242);
#10241 = CARTESIAN_POINT('',(-1.5,-0.9,0.));
#10242 = VECTOR('',#10243,1.);
#10243 = DIRECTION('',(0.,0.,-1.));
#10244 = CYLINDRICAL_SURFACE('',#10245,0.1);
#10245 = AXIS2_PLACEMENT_3D('',#10246,#10247,#10248);
#10246 = CARTESIAN_POINT('',(-1.4,-0.9,0.));
#10247 = DIRECTION('',(0.,0.,1.));
#10248 = DIRECTION('',(-0.707106781187,-0.707106781187,0.));
#10249 = ADVANCED_FACE('',(#10250),#10286,.T.);
#10250 = FACE_BOUND('',#10251,.T.);
#10251 = EDGE_LOOP('',(#10252,#10263,#10271,#10280));
#10252 = ORIENTED_EDGE('',*,*,#10253,.T.);
#10253 = EDGE_CURVE('',#10254,#10256,#10258,.T.);
#10254 = VERTEX_POINT('',#10255);
#10255 = CARTESIAN_POINT('',(-1.4,0.,0.));
#10256 = VERTEX_POINT('',#10257);
#10257 = CARTESIAN_POINT('',(-1.470710678119,-2.928932188135E-02,0.));
#10258 = CIRCLE('',#10259,0.1);
#10259 = AXIS2_PLACEMENT_3D('',#10260,#10261,#10262);
#10260 = CARTESIAN_POINT('',(-1.4,-0.1,0.));
#10261 = DIRECTION('',(0.,0.,1.));
#10262 = DIRECTION('',(-0.707106781187,0.707106781187,0.));
#10263 = ORIENTED_EDGE('',*,*,#10264,.T.);
#10264 = EDGE_CURVE('',#10256,#10265,#10267,.T.);
#10265 = VERTEX_POINT('',#10266);
#10266 = CARTESIAN_POINT('',(-1.470710678119,-2.928932188135E-02,1.));
#10267 = LINE('',#10268,#10269);
#10268 = CARTESIAN_POINT('',(-1.470710678119,-2.928932188135E-02,0.));
#10269 = VECTOR('',#10270,1.);
#10270 = DIRECTION('',(0.,0.,1.));
#10271 = ORIENTED_EDGE('',*,*,#10272,.T.);
#10272 = EDGE_CURVE('',#10265,#10273,#10275,.T.);
#10273 = VERTEX_POINT('',#10274);
#10274 = CARTESIAN_POINT('',(-1.4,0.,1.));
#10275 = CIRCLE('',#10276,0.1);
#10276 = AXIS2_PLACEMENT_3D('',#10277,#10278,#10279);
#10277 = CARTESIAN_POINT('',(-1.4,-0.1,1.));
#10278 = DIRECTION('',(0.,0.,-1.));
#10279 = DIRECTION('',(-0.707106781187,0.707106781187,0.));
#10280 = ORIENTED_EDGE('',*,*,#10281,.T.);
#10281 = EDGE_CURVE('',#10273,#10254,#10282,.T.);
#10282 = LINE('',#10283,#10284);
#10283 = CARTESIAN_POINT('',(-1.4,0.,0.));
#10284 = VECTOR('',#10285,1.);
#10285 = DIRECTION('',(0.,0.,-1.));
#10286 = CYLINDRICAL_SURFACE('',#10287,0.1);
#10287 = AXIS2_PLACEMENT_3D('',#10288,#10289,#10290);
#10288 = CARTESIAN_POINT('',(-1.4,-0.1,0.));
#10289 = DIRECTION('',(0.,0.,1.));
#10290 = DIRECTION('',(-0.707106781187,0.707106781187,0.));
#10291 = ADVANCED_FACE('',(#10292),#10326,.T.);
#10292 = FACE_BOUND('',#10293,.T.);
#10293 = EDGE_LOOP('',(#10294,#10304,#10312,#10320));
#10294 = ORIENTED_EDGE('',*,*,#10295,.F.);
#10295 = EDGE_CURVE('',#10296,#10298,#10300,.T.);
#10296 = VERTEX_POINT('',#10297);
#10297 = CARTESIAN_POINT('',(-1.4,-1.,0.));
#10298 = VERTEX_POINT('',#10299);
#10299 = CARTESIAN_POINT('',(-1.4,-1.,1.));
#10300 = LINE('',#10301,#10302);
#10301 = CARTESIAN_POINT('',(-1.4,-1.,0.));
#10302 = VECTOR('',#10303,1.);
#10303 = DIRECTION('',(0.,0.,1.));
#10304 = ORIENTED_EDGE('',*,*,#10305,.T.);
#10305 = EDGE_CURVE('',#10296,#10306,#10308,.T.);
#10306 = VERTEX_POINT('',#10307);
#10307 = CARTESIAN_POINT('',(-1.1,-1.,0.));
#10308 = LINE('',#10309,#10310);
#10309 = CARTESIAN_POINT('',(-1.5,-1.,0.));
#10310 = VECTOR('',#10311,1.);
#10311 = DIRECTION('',(1.,0.,0.));
#10312 = ORIENTED_EDGE('',*,*,#10313,.T.);
#10313 = EDGE_CURVE('',#10306,#10314,#10316,.T.);
#10314 = VERTEX_POINT('',#10315);
#10315 = CARTESIAN_POINT('',(-1.1,-1.,1.));
#10316 = LINE('',#10317,#10318);
#10317 = CARTESIAN_POINT('',(-1.1,-1.,0.5));
#10318 = VECTOR('',#10319,1.);
#10319 = DIRECTION('',(0.,0.,1.));
#10320 = ORIENTED_EDGE('',*,*,#10321,.F.);
#10321 = EDGE_CURVE('',#10298,#10314,#10322,.T.);
#10322 = LINE('',#10323,#10324);
#10323 = CARTESIAN_POINT('',(-1.5,-1.,1.));
#10324 = VECTOR('',#10325,1.);
#10325 = DIRECTION('',(1.,0.,0.));
#10326 = PLANE('',#10327);
#10327 = AXIS2_PLACEMENT_3D('',#10328,#10329,#10330);
#10328 = CARTESIAN_POINT('',(-1.5,-1.,0.));
#10329 = DIRECTION('',(0.,-1.,0.));
#10330 = DIRECTION('',(0.,0.,-1.));
#10331 = ADVANCED_FACE('',(#10332),#10357,.T.);
#10332 = FACE_BOUND('',#10333,.T.);
#10333 = EDGE_LOOP('',(#10334,#10335,#10343,#10351));
#10334 = ORIENTED_EDGE('',*,*,#10313,.F.);
#10335 = ORIENTED_EDGE('',*,*,#10336,.F.);
#10336 = EDGE_CURVE('',#10337,#10306,#10339,.T.);
#10337 = VERTEX_POINT('',#10338);
#10338 = CARTESIAN_POINT('',(-1.1,-0.98,0.));
#10339 = LINE('',#10340,#10341);
#10340 = CARTESIAN_POINT('',(-1.1,-0.64958888042,0.));
#10341 = VECTOR('',#10342,1.);
#10342 = DIRECTION('',(0.,-1.,0.));
#10343 = ORIENTED_EDGE('',*,*,#10344,.T.);
#10344 = EDGE_CURVE('',#10337,#10345,#10347,.T.);
#10345 = VERTEX_POINT('',#10346);
#10346 = CARTESIAN_POINT('',(-1.1,-0.98,1.));
#10347 = LINE('',#10348,#10349);
#10348 = CARTESIAN_POINT('',(-1.1,-0.98,0.733149375149));
#10349 = VECTOR('',#10350,1.);
#10350 = DIRECTION('',(0.,0.,1.));
#10351 = ORIENTED_EDGE('',*,*,#10352,.F.);
#10352 = EDGE_CURVE('',#10314,#10345,#10353,.T.);
#10353 = LINE('',#10354,#10355);
#10354 = CARTESIAN_POINT('',(-1.1,-0.64958888042,1.));
#10355 = VECTOR('',#10356,1.);
#10356 = DIRECTION('',(0.,1.,0.));
#10357 = PLANE('',#10358);
#10358 = AXIS2_PLACEMENT_3D('',#10359,#10360,#10361);
#10359 = CARTESIAN_POINT('',(-1.1,-1.,1.));
#10360 = DIRECTION('',(1.,0.,0.));
#10361 = DIRECTION('',(-0.,1.,0.));
#10362 = ADVANCED_FACE('',(#10363),#10390,.T.);
#10363 = FACE_BOUND('',#10364,.T.);
#10364 = EDGE_LOOP('',(#10365,#10366,#10375,#10383));
#10365 = ORIENTED_EDGE('',*,*,#10264,.F.);
#10366 = ORIENTED_EDGE('',*,*,#10367,.T.);
#10367 = EDGE_CURVE('',#10256,#10368,#10370,.T.);
#10368 = VERTEX_POINT('',#10369);
#10369 = CARTESIAN_POINT('',(-1.5,-0.1,0.));
#10370 = CIRCLE('',#10371,0.1);
#10371 = AXIS2_PLACEMENT_3D('',#10372,#10373,#10374);
#10372 = CARTESIAN_POINT('',(-1.4,-0.1,0.));
#10373 = DIRECTION('',(0.,0.,1.));
#10374 = DIRECTION('',(-0.707106781187,0.707106781187,0.));
#10375 = ORIENTED_EDGE('',*,*,#10376,.T.);
#10376 = EDGE_CURVE('',#10368,#10377,#10379,.T.);
#10377 = VERTEX_POINT('',#10378);
#10378 = CARTESIAN_POINT('',(-1.5,-0.1,1.));
#10379 = LINE('',#10380,#10381);
#10380 = CARTESIAN_POINT('',(-1.5,-0.1,0.));
#10381 = VECTOR('',#10382,1.);
#10382 = DIRECTION('',(0.,0.,1.));
#10383 = ORIENTED_EDGE('',*,*,#10384,.T.);
#10384 = EDGE_CURVE('',#10377,#10265,#10385,.T.);
#10385 = CIRCLE('',#10386,0.1);
#10386 = AXIS2_PLACEMENT_3D('',#10387,#10388,#10389);
#10387 = CARTESIAN_POINT('',(-1.4,-0.1,1.));
#10388 = DIRECTION('',(0.,0.,-1.));
#10389 = DIRECTION('',(-0.707106781187,0.707106781187,0.));
#10390 = CYLINDRICAL_SURFACE('',#10391,0.1);
#10391 = AXIS2_PLACEMENT_3D('',#10392,#10393,#10394);
#10392 = CARTESIAN_POINT('',(-1.4,-0.1,0.));
#10393 = DIRECTION('',(0.,0.,1.));
#10394 = DIRECTION('',(-0.707106781187,0.707106781187,0.));
#10395 = ADVANCED_FACE('',(#10396),#10412,.T.);
#10396 = FACE_BOUND('',#10397,.T.);
#10397 = EDGE_LOOP('',(#10398,#10399,#10405,#10406));
#10398 = ORIENTED_EDGE('',*,*,#10239,.F.);
#10399 = ORIENTED_EDGE('',*,*,#10400,.F.);
#10400 = EDGE_CURVE('',#10377,#10231,#10401,.T.);
#10401 = LINE('',#10402,#10403);
#10402 = CARTESIAN_POINT('',(-1.5,0.,1.));
#10403 = VECTOR('',#10404,1.);
#10404 = DIRECTION('',(0.,-1.,0.));
#10405 = ORIENTED_EDGE('',*,*,#10376,.F.);
#10406 = ORIENTED_EDGE('',*,*,#10407,.T.);
#10407 = EDGE_CURVE('',#10368,#10212,#10408,.T.);
#10408 = LINE('',#10409,#10410);
#10409 = CARTESIAN_POINT('',(-1.5,0.,0.));
#10410 = VECTOR('',#10411,1.);
#10411 = DIRECTION('',(0.,-1.,0.));
#10412 = PLANE('',#10413);
#10413 = AXIS2_PLACEMENT_3D('',#10414,#10415,#10416);
#10414 = CARTESIAN_POINT('',(-1.5,0.,0.));
#10415 = DIRECTION('',(-1.,0.,0.));
#10416 = DIRECTION('',(0.,0.,1.));
#10417 = ADVANCED_FACE('',(#10418),#10436,.T.);
#10418 = FACE_BOUND('',#10419,.T.);
#10419 = EDGE_LOOP('',(#10420,#10421,#10428,#10429));
#10420 = ORIENTED_EDGE('',*,*,#10222,.F.);
#10421 = ORIENTED_EDGE('',*,*,#10422,.T.);
#10422 = EDGE_CURVE('',#10214,#10296,#10423,.T.);
#10423 = CIRCLE('',#10424,0.1);
#10424 = AXIS2_PLACEMENT_3D('',#10425,#10426,#10427);
#10425 = CARTESIAN_POINT('',(-1.4,-0.9,0.));
#10426 = DIRECTION('',(0.,0.,1.));
#10427 = DIRECTION('',(-0.707106781187,-0.707106781187,0.));
#10428 = ORIENTED_EDGE('',*,*,#10295,.T.);
#10429 = ORIENTED_EDGE('',*,*,#10430,.T.);
#10430 = EDGE_CURVE('',#10298,#10223,#10431,.T.);
#10431 = CIRCLE('',#10432,0.1);
#10432 = AXIS2_PLACEMENT_3D('',#10433,#10434,#10435);
#10433 = CARTESIAN_POINT('',(-1.4,-0.9,1.));
#10434 = DIRECTION('',(0.,0.,-1.));
#10435 = DIRECTION('',(-0.707106781187,-0.707106781187,-0.));
#10436 = CYLINDRICAL_SURFACE('',#10437,0.1);
#10437 = AXIS2_PLACEMENT_3D('',#10438,#10439,#10440);
#10438 = CARTESIAN_POINT('',(-1.4,-0.9,0.));
#10439 = DIRECTION('',(0.,0.,1.));
#10440 = DIRECTION('',(-0.707106781187,-0.707106781187,0.));
#10441 = ADVANCED_FACE('',(#10442),#10507,.F.);
#10442 = FACE_BOUND('',#10443,.T.);
#10443 = EDGE_LOOP('',(#10444,#10454,#10462,#10471,#10479,#10488,#10494,
    #10495,#10496,#10497,#10498,#10499,#10500,#10501));
#10444 = ORIENTED_EDGE('',*,*,#10445,.T.);
#10445 = EDGE_CURVE('',#10446,#10448,#10450,.T.);
#10446 = VERTEX_POINT('',#10447);
#10447 = CARTESIAN_POINT('',(-1.1,0.,0.));
#10448 = VERTEX_POINT('',#10449);
#10449 = CARTESIAN_POINT('',(-1.1,-2.E-02,0.));
#10450 = LINE('',#10451,#10452);
#10451 = CARTESIAN_POINT('',(-1.1,3.832109861486E-02,0.));
#10452 = VECTOR('',#10453,1.);
#10453 = DIRECTION('',(0.,-1.,0.));
#10454 = ORIENTED_EDGE('',*,*,#10455,.T.);
#10455 = EDGE_CURVE('',#10448,#10456,#10458,.T.);
#10456 = VERTEX_POINT('',#10457);
#10457 = CARTESIAN_POINT('',(-1.4,-2.E-02,0.));
#10458 = LINE('',#10459,#10460);
#10459 = CARTESIAN_POINT('',(0.7,-2.E-02,0.));
#10460 = VECTOR('',#10461,1.);
#10461 = DIRECTION('',(-1.,6.195440985631E-18,0.));
#10462 = ORIENTED_EDGE('',*,*,#10463,.T.);
#10463 = EDGE_CURVE('',#10456,#10464,#10466,.T.);
#10464 = VERTEX_POINT('',#10465);
#10465 = CARTESIAN_POINT('',(-1.48,-0.1,0.));
#10466 = CIRCLE('',#10467,8.E-02);
#10467 = AXIS2_PLACEMENT_3D('',#10468,#10469,#10470);
#10468 = CARTESIAN_POINT('',(-1.4,-0.1,0.));
#10469 = DIRECTION('',(0.,-0.,1.));
#10470 = DIRECTION('',(0.,1.,0.));
#10471 = ORIENTED_EDGE('',*,*,#10472,.T.);
#10472 = EDGE_CURVE('',#10464,#10473,#10475,.T.);
#10473 = VERTEX_POINT('',#10474);
#10474 = CARTESIAN_POINT('',(-1.48,-0.9,0.));
#10475 = LINE('',#10476,#10477);
#10476 = CARTESIAN_POINT('',(-1.48,-0.19958888042,0.));
#10477 = VECTOR('',#10478,1.);
#10478 = DIRECTION('',(0.,-1.,0.));
#10479 = ORIENTED_EDGE('',*,*,#10480,.T.);
#10480 = EDGE_CURVE('',#10473,#10481,#10483,.T.);
#10481 = VERTEX_POINT('',#10482);
#10482 = CARTESIAN_POINT('',(-1.4,-0.98,0.));
#10483 = CIRCLE('',#10484,8.E-02);
#10484 = AXIS2_PLACEMENT_3D('',#10485,#10486,#10487);
#10485 = CARTESIAN_POINT('',(-1.4,-0.9,0.));
#10486 = DIRECTION('',(0.,0.,1.));
#10487 = DIRECTION('',(-1.,-4.065758146821E-15,0.));
#10488 = ORIENTED_EDGE('',*,*,#10489,.T.);
#10489 = EDGE_CURVE('',#10481,#10337,#10490,.T.);
#10490 = LINE('',#10491,#10492);
#10491 = CARTESIAN_POINT('',(-0.7,-0.98,0.));
#10492 = VECTOR('',#10493,1.);
#10493 = DIRECTION('',(1.,0.,0.));
#10494 = ORIENTED_EDGE('',*,*,#10336,.T.);
#10495 = ORIENTED_EDGE('',*,*,#10305,.F.);
#10496 = ORIENTED_EDGE('',*,*,#10422,.F.);
#10497 = ORIENTED_EDGE('',*,*,#10211,.F.);
#10498 = ORIENTED_EDGE('',*,*,#10407,.F.);
#10499 = ORIENTED_EDGE('',*,*,#10367,.F.);
#10500 = ORIENTED_EDGE('',*,*,#10253,.F.);
#10501 = ORIENTED_EDGE('',*,*,#10502,.F.);
#10502 = EDGE_CURVE('',#10446,#10254,#10503,.T.);
#10503 = LINE('',#10504,#10505);
#10504 = CARTESIAN_POINT('',(-1.,0.,0.));
#10505 = VECTOR('',#10506,1.);
#10506 = DIRECTION('',(-1.,0.,0.));
#10507 = PLANE('',#10508);
#10508 = AXIS2_PLACEMENT_3D('',#10509,#10510,#10511);
#10509 = CARTESIAN_POINT('',(6.227919220931E-17,-0.299177760839,0.));
#10510 = DIRECTION('',(0.,0.,1.));
#10511 = DIRECTION('',(1.,0.,-0.));
#10512 = ADVANCED_FACE('',(#10513),#10578,.T.);
#10513 = FACE_BOUND('',#10514,.T.);
#10514 = EDGE_LOOP('',(#10515,#10525,#10531,#10532,#10533,#10534,#10535,
    #10536,#10537,#10538,#10546,#10555,#10563,#10572));
#10515 = ORIENTED_EDGE('',*,*,#10516,.T.);
#10516 = EDGE_CURVE('',#10517,#10519,#10521,.T.);
#10517 = VERTEX_POINT('',#10518);
#10518 = CARTESIAN_POINT('',(-1.1,-2.E-02,1.));
#10519 = VERTEX_POINT('',#10520);
#10520 = CARTESIAN_POINT('',(-1.1,0.,1.));
#10521 = LINE('',#10522,#10523);
#10522 = CARTESIAN_POINT('',(-1.1,3.832109861486E-02,1.));
#10523 = VECTOR('',#10524,1.);
#10524 = DIRECTION('',(0.,1.,0.));
#10525 = ORIENTED_EDGE('',*,*,#10526,.T.);
#10526 = EDGE_CURVE('',#10519,#10273,#10527,.T.);
#10527 = LINE('',#10528,#10529);
#10528 = CARTESIAN_POINT('',(-1.,0.,1.));
#10529 = VECTOR('',#10530,1.);
#10530 = DIRECTION('',(-1.,0.,0.));
#10531 = ORIENTED_EDGE('',*,*,#10272,.F.);
#10532 = ORIENTED_EDGE('',*,*,#10384,.F.);
#10533 = ORIENTED_EDGE('',*,*,#10400,.T.);
#10534 = ORIENTED_EDGE('',*,*,#10230,.F.);
#10535 = ORIENTED_EDGE('',*,*,#10430,.F.);
#10536 = ORIENTED_EDGE('',*,*,#10321,.T.);
#10537 = ORIENTED_EDGE('',*,*,#10352,.T.);
#10538 = ORIENTED_EDGE('',*,*,#10539,.T.);
#10539 = EDGE_CURVE('',#10345,#10540,#10542,.T.);
#10540 = VERTEX_POINT('',#10541);
#10541 = CARTESIAN_POINT('',(-1.4,-0.98,1.));
#10542 = LINE('',#10543,#10544);
#10543 = CARTESIAN_POINT('',(-0.7,-0.98,1.));
#10544 = VECTOR('',#10545,1.);
#10545 = DIRECTION('',(-1.,0.,0.));
#10546 = ORIENTED_EDGE('',*,*,#10547,.T.);
#10547 = EDGE_CURVE('',#10540,#10548,#10550,.T.);
#10548 = VERTEX_POINT('',#10549);
#10549 = CARTESIAN_POINT('',(-1.48,-0.9,1.));
#10550 = CIRCLE('',#10551,8.E-02);
#10551 = AXIS2_PLACEMENT_3D('',#10552,#10553,#10554);
#10552 = CARTESIAN_POINT('',(-1.4,-0.9,1.));
#10553 = DIRECTION('',(0.,0.,-1.));
#10554 = DIRECTION('',(-1.,-4.065758146821E-15,-0.));
#10555 = ORIENTED_EDGE('',*,*,#10556,.T.);
#10556 = EDGE_CURVE('',#10548,#10557,#10559,.T.);
#10557 = VERTEX_POINT('',#10558);
#10558 = CARTESIAN_POINT('',(-1.48,-0.1,1.));
#10559 = LINE('',#10560,#10561);
#10560 = CARTESIAN_POINT('',(-1.48,-0.19958888042,1.));
#10561 = VECTOR('',#10562,1.);
#10562 = DIRECTION('',(0.,1.,0.));
#10563 = ORIENTED_EDGE('',*,*,#10564,.T.);
#10564 = EDGE_CURVE('',#10557,#10565,#10567,.T.);
#10565 = VERTEX_POINT('',#10566);
#10566 = CARTESIAN_POINT('',(-1.4,-2.E-02,1.));
#10567 = CIRCLE('',#10568,8.E-02);
#10568 = AXIS2_PLACEMENT_3D('',#10569,#10570,#10571);
#10569 = CARTESIAN_POINT('',(-1.4,-0.1,1.));
#10570 = DIRECTION('',(0.,0.,-1.));
#10571 = DIRECTION('',(0.,1.,0.));
#10572 = ORIENTED_EDGE('',*,*,#10573,.T.);
#10573 = EDGE_CURVE('',#10565,#10517,#10574,.T.);
#10574 = LINE('',#10575,#10576);
#10575 = CARTESIAN_POINT('',(0.7,-2.E-02,1.));
#10576 = VECTOR('',#10577,1.);
#10577 = DIRECTION('',(1.,-6.195440985631E-18,0.));
#10578 = PLANE('',#10579);
#10579 = AXIS2_PLACEMENT_3D('',#10580,#10581,#10582);
#10580 = CARTESIAN_POINT('',(6.227919220931E-17,-0.299177760839,1.));
#10581 = DIRECTION('',(0.,0.,1.));
#10582 = DIRECTION('',(1.,0.,-0.));
#10583 = ADVANCED_FACE('',(#10584),#10595,.T.);
#10584 = FACE_BOUND('',#10585,.T.);
#10585 = EDGE_LOOP('',(#10586,#10592,#10593,#10594));
#10586 = ORIENTED_EDGE('',*,*,#10587,.T.);
#10587 = EDGE_CURVE('',#10519,#10446,#10588,.T.);
#10588 = LINE('',#10589,#10590);
#10589 = CARTESIAN_POINT('',(-1.1,0.,0.5));
#10590 = VECTOR('',#10591,1.);
#10591 = DIRECTION('',(0.,0.,-1.));
#10592 = ORIENTED_EDGE('',*,*,#10502,.T.);
#10593 = ORIENTED_EDGE('',*,*,#10281,.F.);
#10594 = ORIENTED_EDGE('',*,*,#10526,.F.);
#10595 = PLANE('',#10596);
#10596 = AXIS2_PLACEMENT_3D('',#10597,#10598,#10599);
#10597 = CARTESIAN_POINT('',(-1.,0.,0.));
#10598 = DIRECTION('',(-0.,1.,0.));
#10599 = DIRECTION('',(1.,0.,0.));
#10600 = ADVANCED_FACE('',(#10601),#10617,.F.);
#10601 = FACE_BOUND('',#10602,.F.);
#10602 = EDGE_LOOP('',(#10603,#10609,#10610,#10616));
#10603 = ORIENTED_EDGE('',*,*,#10604,.F.);
#10604 = EDGE_CURVE('',#10456,#10565,#10605,.T.);
#10605 = LINE('',#10606,#10607);
#10606 = CARTESIAN_POINT('',(-1.4,-2.E-02,1.));
#10607 = VECTOR('',#10608,1.);
#10608 = DIRECTION('',(0.,0.,1.));
#10609 = ORIENTED_EDGE('',*,*,#10463,.T.);
#10610 = ORIENTED_EDGE('',*,*,#10611,.T.);
#10611 = EDGE_CURVE('',#10464,#10557,#10612,.T.);
#10612 = LINE('',#10613,#10614);
#10613 = CARTESIAN_POINT('',(-1.48,-0.1,1.));
#10614 = VECTOR('',#10615,1.);
#10615 = DIRECTION('',(0.,0.,1.));
#10616 = ORIENTED_EDGE('',*,*,#10564,.T.);
#10617 = CYLINDRICAL_SURFACE('',#10618,8.E-02);
#10618 = AXIS2_PLACEMENT_3D('',#10619,#10620,#10621);
#10619 = CARTESIAN_POINT('',(-1.4,-0.1,1.));
#10620 = DIRECTION('',(0.,0.,1.));
#10621 = DIRECTION('',(0.,1.,0.));
#10622 = ADVANCED_FACE('',(#10623),#10634,.F.);
#10623 = FACE_BOUND('',#10624,.T.);
#10624 = EDGE_LOOP('',(#10625,#10626,#10632,#10633));
#10625 = ORIENTED_EDGE('',*,*,#10556,.F.);
#10626 = ORIENTED_EDGE('',*,*,#10627,.F.);
#10627 = EDGE_CURVE('',#10473,#10548,#10628,.T.);
#10628 = LINE('',#10629,#10630);
#10629 = CARTESIAN_POINT('',(-1.48,-0.9,1.));
#10630 = VECTOR('',#10631,1.);
#10631 = DIRECTION('',(0.,0.,1.));
#10632 = ORIENTED_EDGE('',*,*,#10472,.F.);
#10633 = ORIENTED_EDGE('',*,*,#10611,.T.);
#10634 = PLANE('',#10635);
#10635 = AXIS2_PLACEMENT_3D('',#10636,#10637,#10638);
#10636 = CARTESIAN_POINT('',(-1.48,-0.1,1.));
#10637 = DIRECTION('',(-1.,0.,0.));
#10638 = DIRECTION('',(0.,0.,1.));
#10639 = ADVANCED_FACE('',(#10640),#10651,.F.);
#10640 = FACE_BOUND('',#10641,.F.);
#10641 = EDGE_LOOP('',(#10642,#10643,#10644,#10650));
#10642 = ORIENTED_EDGE('',*,*,#10627,.F.);
#10643 = ORIENTED_EDGE('',*,*,#10480,.T.);
#10644 = ORIENTED_EDGE('',*,*,#10645,.T.);
#10645 = EDGE_CURVE('',#10481,#10540,#10646,.T.);
#10646 = LINE('',#10647,#10648);
#10647 = CARTESIAN_POINT('',(-1.4,-0.98,1.));
#10648 = VECTOR('',#10649,1.);
#10649 = DIRECTION('',(0.,0.,1.));
#10650 = ORIENTED_EDGE('',*,*,#10547,.T.);
#10651 = CYLINDRICAL_SURFACE('',#10652,8.E-02);
#10652 = AXIS2_PLACEMENT_3D('',#10653,#10654,#10655);
#10653 = CARTESIAN_POINT('',(-1.4,-0.9,1.));
#10654 = DIRECTION('',(0.,0.,1.));
#10655 = DIRECTION('',(-1.,-4.065758146821E-15,0.));
#10656 = ADVANCED_FACE('',(#10657),#10668,.F.);
#10657 = FACE_BOUND('',#10658,.T.);
#10658 = EDGE_LOOP('',(#10659,#10660,#10661,#10662));
#10659 = ORIENTED_EDGE('',*,*,#10573,.F.);
#10660 = ORIENTED_EDGE('',*,*,#10604,.F.);
#10661 = ORIENTED_EDGE('',*,*,#10455,.F.);
#10662 = ORIENTED_EDGE('',*,*,#10663,.T.);
#10663 = EDGE_CURVE('',#10448,#10517,#10664,.T.);
#10664 = LINE('',#10665,#10666);
#10665 = CARTESIAN_POINT('',(-1.1,-2.E-02,1.));
#10666 = VECTOR('',#10667,1.);
#10667 = DIRECTION('',(0.,0.,1.));
#10668 = PLANE('',#10669);
#10669 = AXIS2_PLACEMENT_3D('',#10670,#10671,#10672);
#10670 = CARTESIAN_POINT('',(1.4,-2.E-02,1.));
#10671 = DIRECTION('',(6.195440985631E-18,1.,0.));
#10672 = DIRECTION('',(1.,-6.195440985631E-18,0.));
#10673 = ADVANCED_FACE('',(#10674),#10680,.F.);
#10674 = FACE_BOUND('',#10675,.T.);
#10675 = EDGE_LOOP('',(#10676,#10677,#10678,#10679));
#10676 = ORIENTED_EDGE('',*,*,#10539,.F.);
#10677 = ORIENTED_EDGE('',*,*,#10344,.F.);
#10678 = ORIENTED_EDGE('',*,*,#10489,.F.);
#10679 = ORIENTED_EDGE('',*,*,#10645,.T.);
#10680 = PLANE('',#10681);
#10681 = AXIS2_PLACEMENT_3D('',#10682,#10683,#10684);
#10682 = CARTESIAN_POINT('',(-1.4,-0.98,1.));
#10683 = DIRECTION('',(0.,-1.,0.));
#10684 = DIRECTION('',(0.,0.,-1.));
#10685 = ADVANCED_FACE('',(#10686),#10692,.F.);
#10686 = FACE_BOUND('',#10687,.T.);
#10687 = EDGE_LOOP('',(#10688,#10689,#10690,#10691));
#10688 = ORIENTED_EDGE('',*,*,#10516,.F.);
#10689 = ORIENTED_EDGE('',*,*,#10663,.F.);
#10690 = ORIENTED_EDGE('',*,*,#10445,.F.);
#10691 = ORIENTED_EDGE('',*,*,#10587,.F.);
#10692 = PLANE('',#10693);
#10693 = AXIS2_PLACEMENT_3D('',#10694,#10695,#10696);
#10694 = CARTESIAN_POINT('',(-1.1,0.375819958069,1.));
#10695 = DIRECTION('',(-1.,0.,0.));
#10696 = DIRECTION('',(0.,0.,1.));
#10697 = ( GEOMETRIC_REPRESENTATION_CONTEXT(3) 
GLOBAL_UNCERTAINTY_ASSIGNED_CONTEXT((#10701)) 
GLOBAL_UNIT_ASSIGNED_CONTEXT((#10698,#10699,#10700)) 
REPRESENTATION_CONTEXT('Context #1',
  '3D Context with UNIT and UNCERTAINTY') );
#10698 = ( LENGTH_UNIT() NAMED_UNIT(*) SI_UNIT(.MILLI.,.METRE.) );
#10699 = ( NAMED_UNIT(*) PLANE_ANGLE_UNIT() SI_UNIT($,.RADIAN.) );
#10700 = ( NAMED_UNIT(*) SI_UNIT($,.STERADIAN.) SOLID_ANGLE_UNIT() );
#10701 = UNCERTAINTY_MEASURE_WITH_UNIT(LENGTH_MEASURE(1.E-07),#10698,
  'distance_accuracy_value','confusion accuracy');
#10702 = CONTEXT_DEPENDENT_SHAPE_REPRESENTATION(#10703,#10705);
#10703 = ( REPRESENTATION_RELATIONSHIP('','',#9712,#8305) 
REPRESENTATION_RELATIONSHIP_WITH_TRANSFORMATION(#10704) 
SHAPE_REPRESENTATION_RELATIONSHIP() );
#10704 = ITEM_DEFINED_TRANSFORMATION('','',#11,#8322);
#10705 = PRODUCT_DEFINITION_SHAPE('Placement','Placement of an item',
  #10706);
#10706 = NEXT_ASSEMBLY_USAGE_OCCURRENCE('11','NAUO5','',#8300,#9707,$);
#10707 = PRODUCT_RELATED_PRODUCT_CATEGORY('part',$,(#9709));
#10708 = CONTEXT_DEPENDENT_SHAPE_REPRESENTATION(#10709,#10711);
#10709 = ( REPRESENTATION_RELATIONSHIP('','',#7491,#10) 
REPRESENTATION_RELATIONSHIP_WITH_TRANSFORMATION(#10710) 
SHAPE_REPRESENTATION_RELATIONSHIP() );
#10710 = ITEM_DEFINED_TRANSFORMATION('','',#11,#43);
#10711 = PRODUCT_DEFINITION_SHAPE('Placement','Placement of an item',
  #10712);
#10712 = NEXT_ASSEMBLY_USAGE_OCCURRENCE('13','R3','',#5,#7486,$);
#10713 = CONTEXT_DEPENDENT_SHAPE_REPRESENTATION(#10714,#10716);
#10714 = ( REPRESENTATION_RELATIONSHIP('','',#6618,#10) 
REPRESENTATION_RELATIONSHIP_WITH_TRANSFORMATION(#10715) 
SHAPE_REPRESENTATION_RELATIONSHIP() );
#10715 = ITEM_DEFINED_TRANSFORMATION('','',#11,#47);
#10716 = PRODUCT_DEFINITION_SHAPE('Placement','Placement of an item',
  #10717);
#10717 = NEXT_ASSEMBLY_USAGE_OCCURRENCE('14','C2','',#5,#6613,$);
#10718 = CONTEXT_DEPENDENT_SHAPE_REPRESENTATION(#10719,#10721);
#10719 = ( REPRESENTATION_RELATIONSHIP('','',#7491,#10) 
REPRESENTATION_RELATIONSHIP_WITH_TRANSFORMATION(#10720) 
SHAPE_REPRESENTATION_RELATIONSHIP() );
#10720 = ITEM_DEFINED_TRANSFORMATION('','',#11,#51);
#10721 = PRODUCT_DEFINITION_SHAPE('Placement','Placement of an item',
  #10722);
#10722 = NEXT_ASSEMBLY_USAGE_OCCURRENCE('15','R5','',#5,#7486,$);
#10723 = CONTEXT_DEPENDENT_SHAPE_REPRESENTATION(#10724,#10726);
#10724 = ( REPRESENTATION_RELATIONSHIP('','',#7491,#10) 
REPRESENTATION_RELATIONSHIP_WITH_TRANSFORMATION(#10725) 
SHAPE_REPRESENTATION_RELATIONSHIP() );
#10725 = ITEM_DEFINED_TRANSFORMATION('','',#11,#55);
#10726 = PRODUCT_DEFINITION_SHAPE('Placement','Placement of an item',
  #10727);
#10727 = NEXT_ASSEMBLY_USAGE_OCCURRENCE('16','R6','',#5,#7486,$);
#10728 = CONTEXT_DEPENDENT_SHAPE_REPRESENTATION(#10729,#10731);
#10729 = ( REPRESENTATION_RELATIONSHIP('','',#2097,#10) 
REPRESENTATION_RELATIONSHIP_WITH_TRANSFORMATION(#10730) 
SHAPE_REPRESENTATION_RELATIONSHIP() );
#10730 = ITEM_DEFINED_TRANSFORMATION('','',#11,#59);
#10731 = PRODUCT_DEFINITION_SHAPE('Placement','Placement of an item',
  #10732);
#10732 = NEXT_ASSEMBLY_USAGE_OCCURRENCE('17','D3','',#5,#2092,$);
#10733 = CONTEXT_DEPENDENT_SHAPE_REPRESENTATION(#10734,#10736);
#10734 = ( REPRESENTATION_RELATIONSHIP('','',#2097,#10) 
REPRESENTATION_RELATIONSHIP_WITH_TRANSFORMATION(#10735) 
SHAPE_REPRESENTATION_RELATIONSHIP() );
#10735 = ITEM_DEFINED_TRANSFORMATION('','',#11,#63);
#10736 = PRODUCT_DEFINITION_SHAPE('Placement','Placement of an item',
  #10737);
#10737 = NEXT_ASSEMBLY_USAGE_OCCURRENCE('18','D1','',#5,#2092,$);
#10738 = CONTEXT_DEPENDENT_SHAPE_REPRESENTATION(#10739,#10741);
#10739 = ( REPRESENTATION_RELATIONSHIP('','',#7491,#10) 
REPRESENTATION_RELATIONSHIP_WITH_TRANSFORMATION(#10740) 
SHAPE_REPRESENTATION_RELATIONSHIP() );
#10740 = ITEM_DEFINED_TRANSFORMATION('','',#11,#67);
#10741 = PRODUCT_DEFINITION_SHAPE('Placement','Placement of an item',
  #10742);
#10742 = NEXT_ASSEMBLY_USAGE_OCCURRENCE('19','R4','',#5,#7486,$);
#10743 = CONTEXT_DEPENDENT_SHAPE_REPRESENTATION(#10744,#10746);
#10744 = ( REPRESENTATION_RELATIONSHIP('','',#7491,#10) 
REPRESENTATION_RELATIONSHIP_WITH_TRANSFORMATION(#10745) 
SHAPE_REPRESENTATION_RELATIONSHIP() );
#10745 = ITEM_DEFINED_TRANSFORMATION('','',#11,#71);
#10746 = PRODUCT_DEFINITION_SHAPE('Placement','Placement of an item',
  #10747);
#10747 = NEXT_ASSEMBLY_USAGE_OCCURRENCE('20','R7','',#5,#7486,$);
#10748 = CONTEXT_DEPENDENT_SHAPE_REPRESENTATION(#10749,#10751);
#10749 = ( REPRESENTATION_RELATIONSHIP('','',#7491,#10) 
REPRESENTATION_RELATIONSHIP_WITH_TRANSFORMATION(#10750) 
SHAPE_REPRESENTATION_RELATIONSHIP() );
#10750 = ITEM_DEFINED_TRANSFORMATION('','',#11,#75);
#10751 = PRODUCT_DEFINITION_SHAPE('Placement','Placement of an item',
  #10752);
#10752 = NEXT_ASSEMBLY_USAGE_OCCURRENCE('21','R2','',#5,#7486,$);
#10753 = SHAPE_DEFINITION_REPRESENTATION(#10754,#10760);
#10754 = PRODUCT_DEFINITION_SHAPE('','',#10755);
#10755 = PRODUCT_DEFINITION('design','',#10756,#10759);
#10756 = PRODUCT_DEFINITION_FORMATION('','',#10757);
#10757 = PRODUCT('kibot_wx7wcv_h_PCB','kibot_wx7wcv_h_PCB','',(#10758));
#10758 = PRODUCT_CONTEXT('',#2,'mechanical');
#10759 = PRODUCT_DEFINITION_CONTEXT('part definition',#2,'design');
#10760 = ADVANCED_BREP_SHAPE_REPRESENTATION('',(#11,#10761),#11487);
#10761 = MANIFOLD_SOLID_BREP('',#10762);
#10762 = CLOSED_SHELL('',(#10763,#10805,#10836,#10869,#11036,#11203,
    #11220,#11237,#11254,#11271,#11288,#11305,#11322,#11339,#11356,
    #11373,#11390,#11407,#11419,#11436,#11453,#11470));
#10763 = ADVANCED_FACE('',(#10764),#10800,.T.);
#10764 = FACE_BOUND('',#10765,.T.);
#10765 = EDGE_LOOP('',(#10766,#10776,#10785,#10793));
#10766 = ORIENTED_EDGE('',*,*,#10767,.T.);
#10767 = EDGE_CURVE('',#10768,#10770,#10772,.T.);
#10768 = VERTEX_POINT('',#10769);
#10769 = CARTESIAN_POINT('',(8.715477,10.,0.));
#10770 = VERTEX_POINT('',#10771);
#10771 = CARTESIAN_POINT('',(8.715477,10.,1.51));
#10772 = LINE('',#10773,#10774);
#10773 = CARTESIAN_POINT('',(8.715477,10.,0.));
#10774 = VECTOR('',#10775,1.);
#10775 = DIRECTION('',(0.,0.,1.));
#10776 = ORIENTED_EDGE('',*,*,#10777,.T.);
#10777 = EDGE_CURVE('',#10770,#10778,#10780,.T.);
#10778 = VERTEX_POINT('',#10779);
#10779 = CARTESIAN_POINT('',(8.913096,9.830769,1.51));
#10780 = CIRCLE('',#10781,0.19992764389);
#10781 = AXIS2_PLACEMENT_3D('',#10782,#10783,#10784);
#10782 = CARTESIAN_POINT('',(8.715538971689,9.800072365714,1.51));
#10783 = DIRECTION('',(0.,0.,-1.));
#10784 = DIRECTION('',(-3.099705860266E-04,0.999999951959,0.));
#10785 = ORIENTED_EDGE('',*,*,#10786,.F.);
#10786 = EDGE_CURVE('',#10787,#10778,#10789,.T.);
#10787 = VERTEX_POINT('',#10788);
#10788 = CARTESIAN_POINT('',(8.913096,9.830769,0.));
#10789 = LINE('',#10790,#10791);
#10790 = CARTESIAN_POINT('',(8.913096,9.830769,0.));
#10791 = VECTOR('',#10792,1.);
#10792 = DIRECTION('',(0.,0.,1.));
#10793 = ORIENTED_EDGE('',*,*,#10794,.F.);
#10794 = EDGE_CURVE('',#10768,#10787,#10795,.T.);
#10795 = CIRCLE('',#10796,0.19992764389);
#10796 = AXIS2_PLACEMENT_3D('',#10797,#10798,#10799);
#10797 = CARTESIAN_POINT('',(8.715538971689,9.800072365714,0.));
#10798 = DIRECTION('',(0.,0.,-1.));
#10799 = DIRECTION('',(-3.099705860266E-04,0.999999951959,0.));
#10800 = CYLINDRICAL_SURFACE('',#10801,0.19992764389);
#10801 = AXIS2_PLACEMENT_3D('',#10802,#10803,#10804);
#10802 = CARTESIAN_POINT('',(8.715538971689,9.800072365714,0.));
#10803 = DIRECTION('',(0.,0.,-1.));
#10804 = DIRECTION('',(-3.099705860266E-04,0.999999951959,0.));
#10805 = ADVANCED_FACE('',(#10806),#10831,.T.);
#10806 = FACE_BOUND('',#10807,.T.);
#10807 = EDGE_LOOP('',(#10808,#10818,#10824,#10825));
#10808 = ORIENTED_EDGE('',*,*,#10809,.T.);
#10809 = EDGE_CURVE('',#10810,#10812,#10814,.T.);
#10810 = VERTEX_POINT('',#10811);
#10811 = CARTESIAN_POINT('',(-8.715477,10.,0.));
#10812 = VERTEX_POINT('',#10813);
#10813 = CARTESIAN_POINT('',(-8.715477,10.,1.51));
#10814 = LINE('',#10815,#10816);
#10815 = CARTESIAN_POINT('',(-8.715477,10.,0.));
#10816 = VECTOR('',#10817,1.);
#10817 = DIRECTION('',(0.,0.,1.));
#10818 = ORIENTED_EDGE('',*,*,#10819,.T.);
#10819 = EDGE_CURVE('',#10812,#10770,#10820,.T.);
#10820 = LINE('',#10821,#10822);
#10821 = CARTESIAN_POINT('',(-8.715477,10.,1.51));
#10822 = VECTOR('',#10823,1.);
#10823 = DIRECTION('',(1.,0.,0.));
#10824 = ORIENTED_EDGE('',*,*,#10767,.F.);
#10825 = ORIENTED_EDGE('',*,*,#10826,.F.);
#10826 = EDGE_CURVE('',#10810,#10768,#10827,.T.);
#10827 = LINE('',#10828,#10829);
#10828 = CARTESIAN_POINT('',(-8.715477,10.,0.));
#10829 = VECTOR('',#10830,1.);
#10830 = DIRECTION('',(1.,0.,0.));
#10831 = PLANE('',#10832);
#10832 = AXIS2_PLACEMENT_3D('',#10833,#10834,#10835);
#10833 = CARTESIAN_POINT('',(-8.715477,10.,0.));
#10834 = DIRECTION('',(0.,1.,0.));
#10835 = DIRECTION('',(1.,0.,0.));
#10836 = ADVANCED_FACE('',(#10837),#10864,.F.);
#10837 = FACE_BOUND('',#10838,.T.);
#10838 = EDGE_LOOP('',(#10839,#10840,#10849,#10857));
#10839 = ORIENTED_EDGE('',*,*,#10786,.T.);
#10840 = ORIENTED_EDGE('',*,*,#10841,.T.);
#10841 = EDGE_CURVE('',#10778,#10842,#10844,.T.);
#10842 = VERTEX_POINT('',#10843);
#10843 = CARTESIAN_POINT('',(9.830769,8.913095,1.51));
#10844 = CIRCLE('',#10845,1.100024720778);
#10845 = AXIS2_PLACEMENT_3D('',#10846,#10847,#10848);
#10846 = CARTESIAN_POINT('',(10.000022031753,10.000020847317,1.51));
#10847 = DIRECTION('',(0.,0.,1.));
#10848 = DIRECTION('',(-0.988092368492,-0.153861857938,0.));
#10849 = ORIENTED_EDGE('',*,*,#10850,.F.);
#10850 = EDGE_CURVE('',#10851,#10842,#10853,.T.);
#10851 = VERTEX_POINT('',#10852);
#10852 = CARTESIAN_POINT('',(9.830769,8.913095,0.));
#10853 = LINE('',#10854,#10855);
#10854 = CARTESIAN_POINT('',(9.830769,8.913095,0.));
#10855 = VECTOR('',#10856,1.);
#10856 = DIRECTION('',(0.,0.,1.));
#10857 = ORIENTED_EDGE('',*,*,#10858,.F.);
#10858 = EDGE_CURVE('',#10787,#10851,#10859,.T.);
#10859 = CIRCLE('',#10860,1.100024720778);
#10860 = AXIS2_PLACEMENT_3D('',#10861,#10862,#10863);
#10861 = CARTESIAN_POINT('',(10.000022031753,10.000020847317,0.));
#10862 = DIRECTION('',(0.,0.,1.));
#10863 = DIRECTION('',(-0.988092368492,-0.153861857938,0.));
#10864 = CYLINDRICAL_SURFACE('',#10865,1.100024720778);
#10865 = AXIS2_PLACEMENT_3D('',#10866,#10867,#10868);
#10866 = CARTESIAN_POINT('',(10.000022031753,10.000020847317,0.));
#10867 = DIRECTION('',(-0.,-0.,-1.));
#10868 = DIRECTION('',(-0.988092368492,-0.153861857938,0.));
#10869 = ADVANCED_FACE('',(#10870,#10987,#10998,#11009,#11020),#11031,
  .F.);
#10870 = FACE_BOUND('',#10871,.F.);
#10871 = EDGE_LOOP('',(#10872,#10873,#10874,#10883,#10892,#10901,#10909,
    #10918,#10927,#10936,#10944,#10953,#10962,#10971,#10979,#10986));
#10872 = ORIENTED_EDGE('',*,*,#10794,.F.);
#10873 = ORIENTED_EDGE('',*,*,#10826,.F.);
#10874 = ORIENTED_EDGE('',*,*,#10875,.F.);
#10875 = EDGE_CURVE('',#10876,#10810,#10878,.T.);
#10876 = VERTEX_POINT('',#10877);
#10877 = CARTESIAN_POINT('',(-8.913096,9.830769,0.));
#10878 = CIRCLE('',#10879,0.199994760336);
#10879 = AXIS2_PLACEMENT_3D('',#10880,#10881,#10882);
#10880 = CARTESIAN_POINT('',(-8.71548148835,9.800005239715,0.));
#10881 = DIRECTION('',(0.,0.,-1.));
#10882 = DIRECTION('',(-0.988098444773,0.153822831326,0.));
#10883 = ORIENTED_EDGE('',*,*,#10884,.F.);
#10884 = EDGE_CURVE('',#10885,#10876,#10887,.T.);
#10885 = VERTEX_POINT('',#10886);
#10886 = CARTESIAN_POINT('',(-9.830769,8.913095,0.));
#10887 = CIRCLE('',#10888,1.100039550394);
#10888 = AXIS2_PLACEMENT_3D('',#10889,#10890,#10891);
#10889 = CARTESIAN_POINT('',(-10.00003501788,10.000033833431,0.));
#10890 = DIRECTION('',(0.,0.,1.));
#10891 = DIRECTION('',(0.153872665598,-0.988090685505,0.));
#10892 = ORIENTED_EDGE('',*,*,#10893,.F.);
#10893 = EDGE_CURVE('',#10894,#10885,#10896,.T.);
#10894 = VERTEX_POINT('',#10895);
#10895 = CARTESIAN_POINT('',(-10.,8.715476,0.));
#10896 = CIRCLE('',#10897,0.199923194854);
#10897 = AXIS2_PLACEMENT_3D('',#10898,#10899,#10900);
#10898 = CARTESIAN_POINT('',(-9.800076815968,8.715541782663,0.));
#10899 = DIRECTION('',(0.,0.,-1.));
#10900 = DIRECTION('',(-0.999999945866,-3.2903967656E-04,-0.));
#10901 = ORIENTED_EDGE('',*,*,#10902,.F.);
#10902 = EDGE_CURVE('',#10903,#10894,#10905,.T.);
#10903 = VERTEX_POINT('',#10904);
#10904 = CARTESIAN_POINT('',(-10.,-8.715477,0.));
#10905 = LINE('',#10906,#10907);
#10906 = CARTESIAN_POINT('',(-10.,-8.715477,0.));
#10907 = VECTOR('',#10908,1.);
#10908 = DIRECTION('',(0.,1.,0.));
#10909 = ORIENTED_EDGE('',*,*,#10910,.F.);
#10910 = EDGE_CURVE('',#10911,#10903,#10913,.T.);
#10911 = VERTEX_POINT('',#10912);
#10912 = CARTESIAN_POINT('',(-9.830769,-8.913096,0.));
#10913 = CIRCLE('',#10914,0.200044114735);
#10914 = AXIS2_PLACEMENT_3D('',#10915,#10916,#10917);
#10915 = CARTESIAN_POINT('',(-9.799955888831,-8.715439226728,0.));
#10916 = DIRECTION('',(0.,0.,-1.));
#10917 = DIRECTION('',(-0.154031580533,-0.988065925026,-0.));
#10918 = ORIENTED_EDGE('',*,*,#10919,.F.);
#10919 = EDGE_CURVE('',#10920,#10911,#10922,.T.);
#10920 = VERTEX_POINT('',#10921);
#10921 = CARTESIAN_POINT('',(-8.913096,-9.83077,0.));
#10922 = CIRCLE('',#10923,1.099971338745);
#10923 = AXIS2_PLACEMENT_3D('',#10924,#10925,#10926);
#10924 = CARTESIAN_POINT('',(-9.999975284931,-9.999975100545,0.));
#10925 = DIRECTION('',(0.,0.,1.));
#10926 = DIRECTION('',(0.988097822776,0.153826826741,-0.));
#10927 = ORIENTED_EDGE('',*,*,#10928,.F.);
#10928 = EDGE_CURVE('',#10929,#10920,#10931,.T.);
#10929 = VERTEX_POINT('',#10930);
#10930 = CARTESIAN_POINT('',(-8.715477,-10.,0.));
#10931 = CIRCLE('',#10932,0.199976922852);
#10932 = AXIS2_PLACEMENT_3D('',#10933,#10934,#10935);
#10933 = CARTESIAN_POINT('',(-8.715496919867,-9.80002307814,0.));
#10934 = DIRECTION('',(0.,0.,-1.));
#10935 = DIRECTION('',(9.961082639675E-05,-0.999999995039,0.));
#10936 = ORIENTED_EDGE('',*,*,#10937,.F.);
#10937 = EDGE_CURVE('',#10938,#10929,#10940,.T.);
#10938 = VERTEX_POINT('',#10939);
#10939 = CARTESIAN_POINT('',(8.715477,-10.,0.));
#10940 = LINE('',#10941,#10942);
#10941 = CARTESIAN_POINT('',(8.715477,-10.,0.));
#10942 = VECTOR('',#10943,1.);
#10943 = DIRECTION('',(-1.,0.,0.));
#10944 = ORIENTED_EDGE('',*,*,#10945,.F.);
#10945 = EDGE_CURVE('',#10946,#10938,#10948,.T.);
#10946 = VERTEX_POINT('',#10947);
#10947 = CARTESIAN_POINT('',(8.913096,-9.83077,0.));
#10948 = CIRCLE('',#10949,0.200055406554);
#10949 = AXIS2_PLACEMENT_3D('',#10950,#10951,#10952);
#10950 = CARTESIAN_POINT('',(8.715429714694,-9.799944599035,0.));
#10951 = DIRECTION('',(0.,0.,-1.));
#10952 = DIRECTION('',(0.98805770217,-0.154084318422,0.));
#10953 = ORIENTED_EDGE('',*,*,#10954,.F.);
#10954 = EDGE_CURVE('',#10955,#10946,#10957,.T.);
#10955 = VERTEX_POINT('',#10956);
#10956 = CARTESIAN_POINT('',(9.830769,-8.913096,0.));
#10957 = CIRCLE('',#10958,1.099965407852);
#10958 = AXIS2_PLACEMENT_3D('',#10959,#10960,#10961);
#10959 = CARTESIAN_POINT('',(9.999970091153,-9.999969906773,0.));
#10960 = DIRECTION('',(0.,0.,1.));
#10961 = DIRECTION('',(-0.153824011141,0.988098261104,0.));
#10962 = ORIENTED_EDGE('',*,*,#10963,.F.);
#10963 = EDGE_CURVE('',#10964,#10955,#10966,.T.);
#10964 = VERTEX_POINT('',#10965);
#10965 = CARTESIAN_POINT('',(10.,-8.715477,0.));
#10966 = CIRCLE('',#10967,0.199981400462);
#10967 = AXIS2_PLACEMENT_3D('',#10968,#10969,#10970);
#10968 = CARTESIAN_POINT('',(9.800018600173,-8.715492929576,0.));
#10969 = DIRECTION('',(0.,0.,-1.));
#10970 = DIRECTION('',(0.999999996828,7.965528700981E-05,0.));
#10971 = ORIENTED_EDGE('',*,*,#10972,.F.);
#10972 = EDGE_CURVE('',#10973,#10964,#10975,.T.);
#10973 = VERTEX_POINT('',#10974);
#10974 = CARTESIAN_POINT('',(10.,8.715476,0.));
#10975 = LINE('',#10976,#10977);
#10976 = CARTESIAN_POINT('',(10.,8.715476,0.));
#10977 = VECTOR('',#10978,1.);
#10978 = DIRECTION('',(0.,-1.,0.));
#10979 = ORIENTED_EDGE('',*,*,#10980,.F.);
#10980 = EDGE_CURVE('',#10851,#10973,#10981,.T.);
#10981 = CIRCLE('',#10982,0.200008122931);
#10982 = AXIS2_PLACEMENT_3D('',#10983,#10984,#10985);
#10983 = CARTESIAN_POINT('',(9.79999187719,8.715469045354,0.));
#10984 = DIRECTION('',(0.,0.,-1.));
#10985 = DIRECTION('',(0.153879364291,0.988089642313,0.));
#10986 = ORIENTED_EDGE('',*,*,#10858,.F.);
#10987 = FACE_BOUND('',#10988,.F.);
#10988 = EDGE_LOOP('',(#10989));
#10989 = ORIENTED_EDGE('',*,*,#10990,.T.);
#10990 = EDGE_CURVE('',#10991,#10991,#10993,.T.);
#10991 = VERTEX_POINT('',#10992);
#10992 = CARTESIAN_POINT('',(-6.905,-4.225,0.));
#10993 = CIRCLE('',#10994,0.475);
#10994 = AXIS2_PLACEMENT_3D('',#10995,#10996,#10997);
#10995 = CARTESIAN_POINT('',(-6.905,-3.75,0.));
#10996 = DIRECTION('',(-0.,0.,-1.));
#10997 = DIRECTION('',(-1.869849304632E-15,-1.,0.));
#10998 = FACE_BOUND('',#10999,.F.);
#10999 = EDGE_LOOP('',(#11000));
#11000 = ORIENTED_EDGE('',*,*,#11001,.T.);
#11001 = EDGE_CURVE('',#11002,#11002,#11004,.T.);
#11002 = VERTEX_POINT('',#11003);
#11003 = CARTESIAN_POINT('',(-6.905,-1.725,0.));
#11004 = CIRCLE('',#11005,0.475);
#11005 = AXIS2_PLACEMENT_3D('',#11006,#11007,#11008);
#11006 = CARTESIAN_POINT('',(-6.905,-1.25,0.));
#11007 = DIRECTION('',(-0.,0.,-1.));
#11008 = DIRECTION('',(-1.869849304632E-15,-1.,0.));
#11009 = FACE_BOUND('',#11010,.F.);
#11010 = EDGE_LOOP('',(#11011));
#11011 = ORIENTED_EDGE('',*,*,#11012,.T.);
#11012 = EDGE_CURVE('',#11013,#11013,#11015,.T.);
#11013 = VERTEX_POINT('',#11014);
#11014 = CARTESIAN_POINT('',(-6.905,0.775,0.));
#11015 = CIRCLE('',#11016,0.475);
#11016 = AXIS2_PLACEMENT_3D('',#11017,#11018,#11019);
#11017 = CARTESIAN_POINT('',(-6.905,1.25,0.));
#11018 = DIRECTION('',(-0.,0.,-1.));
#11019 = DIRECTION('',(-1.869849304632E-15,-1.,0.));
#11020 = FACE_BOUND('',#11021,.F.);
#11021 = EDGE_LOOP('',(#11022));
#11022 = ORIENTED_EDGE('',*,*,#11023,.T.);
#11023 = EDGE_CURVE('',#11024,#11024,#11026,.T.);
#11024 = VERTEX_POINT('',#11025);
#11025 = CARTESIAN_POINT('',(-6.905,3.275,0.));
#11026 = CIRCLE('',#11027,0.475);
#11027 = AXIS2_PLACEMENT_3D('',#11028,#11029,#11030);
#11028 = CARTESIAN_POINT('',(-6.905,3.75,0.));
#11029 = DIRECTION('',(-0.,0.,-1.));
#11030 = DIRECTION('',(-1.869849304632E-15,-1.,0.));
#11031 = PLANE('',#11032);
#11032 = AXIS2_PLACEMENT_3D('',#11033,#11034,#11035);
#11033 = CARTESIAN_POINT('',(0.,0.,0.));
#11034 = DIRECTION('',(0.,0.,1.));
#11035 = DIRECTION('',(1.,0.,-0.));
#11036 = ADVANCED_FACE('',(#11037,#11154,#11165,#11176,#11187),#11198,
  .T.);
#11037 = FACE_BOUND('',#11038,.T.);
#11038 = EDGE_LOOP('',(#11039,#11040,#11041,#11050,#11059,#11068,#11076,
    #11085,#11094,#11103,#11111,#11120,#11129,#11138,#11146,#11153));
#11039 = ORIENTED_EDGE('',*,*,#10777,.F.);
#11040 = ORIENTED_EDGE('',*,*,#10819,.F.);
#11041 = ORIENTED_EDGE('',*,*,#11042,.F.);
#11042 = EDGE_CURVE('',#11043,#10812,#11045,.T.);
#11043 = VERTEX_POINT('',#11044);
#11044 = CARTESIAN_POINT('',(-8.913096,9.830769,1.51));
#11045 = CIRCLE('',#11046,0.199994760336);
#11046 = AXIS2_PLACEMENT_3D('',#11047,#11048,#11049);
#11047 = CARTESIAN_POINT('',(-8.71548148835,9.800005239715,1.51));
#11048 = DIRECTION('',(0.,0.,-1.));
#11049 = DIRECTION('',(-0.988098444773,0.153822831326,0.));
#11050 = ORIENTED_EDGE('',*,*,#11051,.F.);
#11051 = EDGE_CURVE('',#11052,#11043,#11054,.T.);
#11052 = VERTEX_POINT('',#11053);
#11053 = CARTESIAN_POINT('',(-9.830769,8.913095,1.51));
#11054 = CIRCLE('',#11055,1.100039550394);
#11055 = AXIS2_PLACEMENT_3D('',#11056,#11057,#11058);
#11056 = CARTESIAN_POINT('',(-10.00003501788,10.000033833431,1.51));
#11057 = DIRECTION('',(0.,0.,1.));
#11058 = DIRECTION('',(0.153872665598,-0.988090685505,0.));
#11059 = ORIENTED_EDGE('',*,*,#11060,.F.);
#11060 = EDGE_CURVE('',#11061,#11052,#11063,.T.);
#11061 = VERTEX_POINT('',#11062);
#11062 = CARTESIAN_POINT('',(-10.,8.715476,1.51));
#11063 = CIRCLE('',#11064,0.199923194854);
#11064 = AXIS2_PLACEMENT_3D('',#11065,#11066,#11067);
#11065 = CARTESIAN_POINT('',(-9.800076815968,8.715541782663,1.51));
#11066 = DIRECTION('',(0.,0.,-1.));
#11067 = DIRECTION('',(-0.999999945866,-3.2903967656E-04,-0.));
#11068 = ORIENTED_EDGE('',*,*,#11069,.F.);
#11069 = EDGE_CURVE('',#11070,#11061,#11072,.T.);
#11070 = VERTEX_POINT('',#11071);
#11071 = CARTESIAN_POINT('',(-10.,-8.715477,1.51));
#11072 = LINE('',#11073,#11074);
#11073 = CARTESIAN_POINT('',(-10.,-8.715477,1.51));
#11074 = VECTOR('',#11075,1.);
#11075 = DIRECTION('',(0.,1.,0.));
#11076 = ORIENTED_EDGE('',*,*,#11077,.F.);
#11077 = EDGE_CURVE('',#11078,#11070,#11080,.T.);
#11078 = VERTEX_POINT('',#11079);
#11079 = CARTESIAN_POINT('',(-9.830769,-8.913096,1.51));
#11080 = CIRCLE('',#11081,0.200044114735);
#11081 = AXIS2_PLACEMENT_3D('',#11082,#11083,#11084);
#11082 = CARTESIAN_POINT('',(-9.799955888831,-8.715439226728,1.51));
#11083 = DIRECTION('',(0.,0.,-1.));
#11084 = DIRECTION('',(-0.154031580533,-0.988065925026,-0.));
#11085 = ORIENTED_EDGE('',*,*,#11086,.F.);
#11086 = EDGE_CURVE('',#11087,#11078,#11089,.T.);
#11087 = VERTEX_POINT('',#11088);
#11088 = CARTESIAN_POINT('',(-8.913096,-9.83077,1.51));
#11089 = CIRCLE('',#11090,1.099971338745);
#11090 = AXIS2_PLACEMENT_3D('',#11091,#11092,#11093);
#11091 = CARTESIAN_POINT('',(-9.999975284931,-9.999975100545,1.51));
#11092 = DIRECTION('',(0.,0.,1.));
#11093 = DIRECTION('',(0.988097822776,0.153826826741,-0.));
#11094 = ORIENTED_EDGE('',*,*,#11095,.F.);
#11095 = EDGE_CURVE('',#11096,#11087,#11098,.T.);
#11096 = VERTEX_POINT('',#11097);
#11097 = CARTESIAN_POINT('',(-8.715477,-10.,1.51));
#11098 = CIRCLE('',#11099,0.199976922852);
#11099 = AXIS2_PLACEMENT_3D('',#11100,#11101,#11102);
#11100 = CARTESIAN_POINT('',(-8.715496919867,-9.80002307814,1.51));
#11101 = DIRECTION('',(0.,0.,-1.));
#11102 = DIRECTION('',(9.961082639675E-05,-0.999999995039,0.));
#11103 = ORIENTED_EDGE('',*,*,#11104,.F.);
#11104 = EDGE_CURVE('',#11105,#11096,#11107,.T.);
#11105 = VERTEX_POINT('',#11106);
#11106 = CARTESIAN_POINT('',(8.715477,-10.,1.51));
#11107 = LINE('',#11108,#11109);
#11108 = CARTESIAN_POINT('',(8.715477,-10.,1.51));
#11109 = VECTOR('',#11110,1.);
#11110 = DIRECTION('',(-1.,0.,0.));
#11111 = ORIENTED_EDGE('',*,*,#11112,.F.);
#11112 = EDGE_CURVE('',#11113,#11105,#11115,.T.);
#11113 = VERTEX_POINT('',#11114);
#11114 = CARTESIAN_POINT('',(8.913096,-9.83077,1.51));
#11115 = CIRCLE('',#11116,0.200055406554);
#11116 = AXIS2_PLACEMENT_3D('',#11117,#11118,#11119);
#11117 = CARTESIAN_POINT('',(8.715429714694,-9.799944599035,1.51));
#11118 = DIRECTION('',(0.,0.,-1.));
#11119 = DIRECTION('',(0.98805770217,-0.154084318422,0.));
#11120 = ORIENTED_EDGE('',*,*,#11121,.F.);
#11121 = EDGE_CURVE('',#11122,#11113,#11124,.T.);
#11122 = VERTEX_POINT('',#11123);
#11123 = CARTESIAN_POINT('',(9.830769,-8.913096,1.51));
#11124 = CIRCLE('',#11125,1.099965407852);
#11125 = AXIS2_PLACEMENT_3D('',#11126,#11127,#11128);
#11126 = CARTESIAN_POINT('',(9.999970091153,-9.999969906773,1.51));
#11127 = DIRECTION('',(0.,0.,1.));
#11128 = DIRECTION('',(-0.153824011141,0.988098261104,0.));
#11129 = ORIENTED_EDGE('',*,*,#11130,.F.);
#11130 = EDGE_CURVE('',#11131,#11122,#11133,.T.);
#11131 = VERTEX_POINT('',#11132);
#11132 = CARTESIAN_POINT('',(10.,-8.715477,1.51));
#11133 = CIRCLE('',#11134,0.199981400462);
#11134 = AXIS2_PLACEMENT_3D('',#11135,#11136,#11137);
#11135 = CARTESIAN_POINT('',(9.800018600173,-8.715492929576,1.51));
#11136 = DIRECTION('',(0.,0.,-1.));
#11137 = DIRECTION('',(0.999999996828,7.965528700981E-05,0.));
#11138 = ORIENTED_EDGE('',*,*,#11139,.F.);
#11139 = EDGE_CURVE('',#11140,#11131,#11142,.T.);
#11140 = VERTEX_POINT('',#11141);
#11141 = CARTESIAN_POINT('',(10.,8.715476,1.51));
#11142 = LINE('',#11143,#11144);
#11143 = CARTESIAN_POINT('',(10.,8.715476,1.51));
#11144 = VECTOR('',#11145,1.);
#11145 = DIRECTION('',(0.,-1.,0.));
#11146 = ORIENTED_EDGE('',*,*,#11147,.F.);
#11147 = EDGE_CURVE('',#10842,#11140,#11148,.T.);
#11148 = CIRCLE('',#11149,0.200008122931);
#11149 = AXIS2_PLACEMENT_3D('',#11150,#11151,#11152);
#11150 = CARTESIAN_POINT('',(9.79999187719,8.715469045354,1.51));
#11151 = DIRECTION('',(0.,0.,-1.));
#11152 = DIRECTION('',(0.153879364291,0.988089642313,0.));
#11153 = ORIENTED_EDGE('',*,*,#10841,.F.);
#11154 = FACE_BOUND('',#11155,.T.);
#11155 = EDGE_LOOP('',(#11156));
#11156 = ORIENTED_EDGE('',*,*,#11157,.T.);
#11157 = EDGE_CURVE('',#11158,#11158,#11160,.T.);
#11158 = VERTEX_POINT('',#11159);
#11159 = CARTESIAN_POINT('',(-6.905,-4.225,1.51));
#11160 = CIRCLE('',#11161,0.475);
#11161 = AXIS2_PLACEMENT_3D('',#11162,#11163,#11164);
#11162 = CARTESIAN_POINT('',(-6.905,-3.75,1.51));
#11163 = DIRECTION('',(-0.,0.,-1.));
#11164 = DIRECTION('',(-1.869849304632E-15,-1.,0.));
#11165 = FACE_BOUND('',#11166,.T.);
#11166 = EDGE_LOOP('',(#11167));
#11167 = ORIENTED_EDGE('',*,*,#11168,.T.);
#11168 = EDGE_CURVE('',#11169,#11169,#11171,.T.);
#11169 = VERTEX_POINT('',#11170);
#11170 = CARTESIAN_POINT('',(-6.905,-1.725,1.51));
#11171 = CIRCLE('',#11172,0.475);
#11172 = AXIS2_PLACEMENT_3D('',#11173,#11174,#11175);
#11173 = CARTESIAN_POINT('',(-6.905,-1.25,1.51));
#11174 = DIRECTION('',(-0.,0.,-1.));
#11175 = DIRECTION('',(-1.869849304632E-15,-1.,0.));
#11176 = FACE_BOUND('',#11177,.T.);
#11177 = EDGE_LOOP('',(#11178));
#11178 = ORIENTED_EDGE('',*,*,#11179,.T.);
#11179 = EDGE_CURVE('',#11180,#11180,#11182,.T.);
#11180 = VERTEX_POINT('',#11181);
#11181 = CARTESIAN_POINT('',(-6.905,0.775,1.51));
#11182 = CIRCLE('',#11183,0.475);
#11183 = AXIS2_PLACEMENT_3D('',#11184,#11185,#11186);
#11184 = CARTESIAN_POINT('',(-6.905,1.25,1.51));
#11185 = DIRECTION('',(-0.,0.,-1.));
#11186 = DIRECTION('',(-1.869849304632E-15,-1.,0.));
#11187 = FACE_BOUND('',#11188,.T.);
#11188 = EDGE_LOOP('',(#11189));
#11189 = ORIENTED_EDGE('',*,*,#11190,.T.);
#11190 = EDGE_CURVE('',#11191,#11191,#11193,.T.);
#11191 = VERTEX_POINT('',#11192);
#11192 = CARTESIAN_POINT('',(-6.905,3.275,1.51));
#11193 = CIRCLE('',#11194,0.475);
#11194 = AXIS2_PLACEMENT_3D('',#11195,#11196,#11197);
#11195 = CARTESIAN_POINT('',(-6.905,3.75,1.51));
#11196 = DIRECTION('',(-0.,0.,-1.));
#11197 = DIRECTION('',(-1.869849304632E-15,-1.,0.));
#11198 = PLANE('',#11199);
#11199 = AXIS2_PLACEMENT_3D('',#11200,#11201,#11202);
#11200 = CARTESIAN_POINT('',(0.,0.,1.51));
#11201 = DIRECTION('',(0.,0.,1.));
#11202 = DIRECTION('',(1.,0.,-0.));
#11203 = ADVANCED_FACE('',(#11204),#11215,.T.);
#11204 = FACE_BOUND('',#11205,.T.);
#11205 = EDGE_LOOP('',(#11206,#11212,#11213,#11214));
#11206 = ORIENTED_EDGE('',*,*,#11207,.T.);
#11207 = EDGE_CURVE('',#10876,#11043,#11208,.T.);
#11208 = LINE('',#11209,#11210);
#11209 = CARTESIAN_POINT('',(-8.913096,9.830769,0.));
#11210 = VECTOR('',#11211,1.);
#11211 = DIRECTION('',(0.,0.,1.));
#11212 = ORIENTED_EDGE('',*,*,#11042,.T.);
#11213 = ORIENTED_EDGE('',*,*,#10809,.F.);
#11214 = ORIENTED_EDGE('',*,*,#10875,.F.);
#11215 = CYLINDRICAL_SURFACE('',#11216,0.199994760336);
#11216 = AXIS2_PLACEMENT_3D('',#11217,#11218,#11219);
#11217 = CARTESIAN_POINT('',(-8.71548148835,9.800005239715,0.));
#11218 = DIRECTION('',(0.,0.,-1.));
#11219 = DIRECTION('',(-0.988098444773,0.153822831326,0.));
#11220 = ADVANCED_FACE('',(#11221),#11232,.T.);
#11221 = FACE_BOUND('',#11222,.T.);
#11222 = EDGE_LOOP('',(#11223,#11224,#11225,#11231));
#11223 = ORIENTED_EDGE('',*,*,#10850,.T.);
#11224 = ORIENTED_EDGE('',*,*,#11147,.T.);
#11225 = ORIENTED_EDGE('',*,*,#11226,.F.);
#11226 = EDGE_CURVE('',#10973,#11140,#11227,.T.);
#11227 = LINE('',#11228,#11229);
#11228 = CARTESIAN_POINT('',(10.,8.715476,0.));
#11229 = VECTOR('',#11230,1.);
#11230 = DIRECTION('',(0.,0.,1.));
#11231 = ORIENTED_EDGE('',*,*,#10980,.F.);
#11232 = CYLINDRICAL_SURFACE('',#11233,0.200008122931);
#11233 = AXIS2_PLACEMENT_3D('',#11234,#11235,#11236);
#11234 = CARTESIAN_POINT('',(9.79999187719,8.715469045354,0.));
#11235 = DIRECTION('',(0.,0.,-1.));
#11236 = DIRECTION('',(0.153879364291,0.988089642313,0.));
#11237 = ADVANCED_FACE('',(#11238),#11249,.F.);
#11238 = FACE_BOUND('',#11239,.T.);
#11239 = EDGE_LOOP('',(#11240,#11246,#11247,#11248));
#11240 = ORIENTED_EDGE('',*,*,#11241,.T.);
#11241 = EDGE_CURVE('',#10885,#11052,#11242,.T.);
#11242 = LINE('',#11243,#11244);
#11243 = CARTESIAN_POINT('',(-9.830769,8.913095,0.));
#11244 = VECTOR('',#11245,1.);
#11245 = DIRECTION('',(0.,0.,1.));
#11246 = ORIENTED_EDGE('',*,*,#11051,.T.);
#11247 = ORIENTED_EDGE('',*,*,#11207,.F.);
#11248 = ORIENTED_EDGE('',*,*,#10884,.F.);
#11249 = CYLINDRICAL_SURFACE('',#11250,1.100039550394);
#11250 = AXIS2_PLACEMENT_3D('',#11251,#11252,#11253);
#11251 = CARTESIAN_POINT('',(-10.00003501788,10.000033833431,0.));
#11252 = DIRECTION('',(-0.,-0.,-1.));
#11253 = DIRECTION('',(0.153872665598,-0.988090685505,0.));
#11254 = ADVANCED_FACE('',(#11255),#11266,.T.);
#11255 = FACE_BOUND('',#11256,.T.);
#11256 = EDGE_LOOP('',(#11257,#11258,#11259,#11265));
#11257 = ORIENTED_EDGE('',*,*,#11226,.T.);
#11258 = ORIENTED_EDGE('',*,*,#11139,.T.);
#11259 = ORIENTED_EDGE('',*,*,#11260,.F.);
#11260 = EDGE_CURVE('',#10964,#11131,#11261,.T.);
#11261 = LINE('',#11262,#11263);
#11262 = CARTESIAN_POINT('',(10.,-8.715477,0.));
#11263 = VECTOR('',#11264,1.);
#11264 = DIRECTION('',(0.,0.,1.));
#11265 = ORIENTED_EDGE('',*,*,#10972,.F.);
#11266 = PLANE('',#11267);
#11267 = AXIS2_PLACEMENT_3D('',#11268,#11269,#11270);
#11268 = CARTESIAN_POINT('',(10.,8.715476,0.));
#11269 = DIRECTION('',(1.,0.,-0.));
#11270 = DIRECTION('',(0.,-1.,0.));
#11271 = ADVANCED_FACE('',(#11272),#11283,.T.);
#11272 = FACE_BOUND('',#11273,.T.);
#11273 = EDGE_LOOP('',(#11274,#11280,#11281,#11282));
#11274 = ORIENTED_EDGE('',*,*,#11275,.T.);
#11275 = EDGE_CURVE('',#10894,#11061,#11276,.T.);
#11276 = LINE('',#11277,#11278);
#11277 = CARTESIAN_POINT('',(-10.,8.715476,0.));
#11278 = VECTOR('',#11279,1.);
#11279 = DIRECTION('',(0.,0.,1.));
#11280 = ORIENTED_EDGE('',*,*,#11060,.T.);
#11281 = ORIENTED_EDGE('',*,*,#11241,.F.);
#11282 = ORIENTED_EDGE('',*,*,#10893,.F.);
#11283 = CYLINDRICAL_SURFACE('',#11284,0.199923194854);
#11284 = AXIS2_PLACEMENT_3D('',#11285,#11286,#11287);
#11285 = CARTESIAN_POINT('',(-9.800076815968,8.715541782663,0.));
#11286 = DIRECTION('',(0.,0.,-1.));
#11287 = DIRECTION('',(-0.999999945866,-3.2903967656E-04,-0.));
#11288 = ADVANCED_FACE('',(#11289),#11300,.T.);
#11289 = FACE_BOUND('',#11290,.T.);
#11290 = EDGE_LOOP('',(#11291,#11292,#11293,#11299));
#11291 = ORIENTED_EDGE('',*,*,#11260,.T.);
#11292 = ORIENTED_EDGE('',*,*,#11130,.T.);
#11293 = ORIENTED_EDGE('',*,*,#11294,.F.);
#11294 = EDGE_CURVE('',#10955,#11122,#11295,.T.);
#11295 = LINE('',#11296,#11297);
#11296 = CARTESIAN_POINT('',(9.830769,-8.913096,0.));
#11297 = VECTOR('',#11298,1.);
#11298 = DIRECTION('',(0.,0.,1.));
#11299 = ORIENTED_EDGE('',*,*,#10963,.F.);
#11300 = CYLINDRICAL_SURFACE('',#11301,0.199981400462);
#11301 = AXIS2_PLACEMENT_3D('',#11302,#11303,#11304);
#11302 = CARTESIAN_POINT('',(9.800018600173,-8.715492929576,0.));
#11303 = DIRECTION('',(0.,0.,-1.));
#11304 = DIRECTION('',(0.999999996828,7.965528700981E-05,0.));
#11305 = ADVANCED_FACE('',(#11306),#11317,.T.);
#11306 = FACE_BOUND('',#11307,.T.);
#11307 = EDGE_LOOP('',(#11308,#11314,#11315,#11316));
#11308 = ORIENTED_EDGE('',*,*,#11309,.T.);
#11309 = EDGE_CURVE('',#10903,#11070,#11310,.T.);
#11310 = LINE('',#11311,#11312);
#11311 = CARTESIAN_POINT('',(-10.,-8.715477,0.));
#11312 = VECTOR('',#11313,1.);
#11313 = DIRECTION('',(0.,0.,1.));
#11314 = ORIENTED_EDGE('',*,*,#11069,.T.);
#11315 = ORIENTED_EDGE('',*,*,#11275,.F.);
#11316 = ORIENTED_EDGE('',*,*,#10902,.F.);
#11317 = PLANE('',#11318);
#11318 = AXIS2_PLACEMENT_3D('',#11319,#11320,#11321);
#11319 = CARTESIAN_POINT('',(-10.,-8.715477,0.));
#11320 = DIRECTION('',(-1.,0.,0.));
#11321 = DIRECTION('',(0.,1.,0.));
#11322 = ADVANCED_FACE('',(#11323),#11334,.F.);
#11323 = FACE_BOUND('',#11324,.T.);
#11324 = EDGE_LOOP('',(#11325,#11326,#11327,#11333));
#11325 = ORIENTED_EDGE('',*,*,#11294,.T.);
#11326 = ORIENTED_EDGE('',*,*,#11121,.T.);
#11327 = ORIENTED_EDGE('',*,*,#11328,.F.);
#11328 = EDGE_CURVE('',#10946,#11113,#11329,.T.);
#11329 = LINE('',#11330,#11331);
#11330 = CARTESIAN_POINT('',(8.913096,-9.83077,0.));
#11331 = VECTOR('',#11332,1.);
#11332 = DIRECTION('',(0.,0.,1.));
#11333 = ORIENTED_EDGE('',*,*,#10954,.F.);
#11334 = CYLINDRICAL_SURFACE('',#11335,1.099965407852);
#11335 = AXIS2_PLACEMENT_3D('',#11336,#11337,#11338);
#11336 = CARTESIAN_POINT('',(9.999970091153,-9.999969906773,0.));
#11337 = DIRECTION('',(-0.,-0.,-1.));
#11338 = DIRECTION('',(-0.153824011141,0.988098261104,0.));
#11339 = ADVANCED_FACE('',(#11340),#11351,.T.);
#11340 = FACE_BOUND('',#11341,.T.);
#11341 = EDGE_LOOP('',(#11342,#11348,#11349,#11350));
#11342 = ORIENTED_EDGE('',*,*,#11343,.T.);
#11343 = EDGE_CURVE('',#10911,#11078,#11344,.T.);
#11344 = LINE('',#11345,#11346);
#11345 = CARTESIAN_POINT('',(-9.830769,-8.913096,0.));
#11346 = VECTOR('',#11347,1.);
#11347 = DIRECTION('',(0.,0.,1.));
#11348 = ORIENTED_EDGE('',*,*,#11077,.T.);
#11349 = ORIENTED_EDGE('',*,*,#11309,.F.);
#11350 = ORIENTED_EDGE('',*,*,#10910,.F.);
#11351 = CYLINDRICAL_SURFACE('',#11352,0.200044114735);
#11352 = AXIS2_PLACEMENT_3D('',#11353,#11354,#11355);
#11353 = CARTESIAN_POINT('',(-9.799955888831,-8.715439226728,0.));
#11354 = DIRECTION('',(0.,0.,-1.));
#11355 = DIRECTION('',(-0.154031580533,-0.988065925026,-0.));
#11356 = ADVANCED_FACE('',(#11357),#11368,.T.);
#11357 = FACE_BOUND('',#11358,.T.);
#11358 = EDGE_LOOP('',(#11359,#11360,#11361,#11367));
#11359 = ORIENTED_EDGE('',*,*,#11328,.T.);
#11360 = ORIENTED_EDGE('',*,*,#11112,.T.);
#11361 = ORIENTED_EDGE('',*,*,#11362,.F.);
#11362 = EDGE_CURVE('',#10938,#11105,#11363,.T.);
#11363 = LINE('',#11364,#11365);
#11364 = CARTESIAN_POINT('',(8.715477,-10.,0.));
#11365 = VECTOR('',#11366,1.);
#11366 = DIRECTION('',(0.,0.,1.));
#11367 = ORIENTED_EDGE('',*,*,#10945,.F.);
#11368 = CYLINDRICAL_SURFACE('',#11369,0.200055406554);
#11369 = AXIS2_PLACEMENT_3D('',#11370,#11371,#11372);
#11370 = CARTESIAN_POINT('',(8.715429714694,-9.799944599035,0.));
#11371 = DIRECTION('',(0.,0.,-1.));
#11372 = DIRECTION('',(0.98805770217,-0.154084318422,0.));
#11373 = ADVANCED_FACE('',(#11374),#11385,.F.);
#11374 = FACE_BOUND('',#11375,.T.);
#11375 = EDGE_LOOP('',(#11376,#11382,#11383,#11384));
#11376 = ORIENTED_EDGE('',*,*,#11377,.T.);
#11377 = EDGE_CURVE('',#10920,#11087,#11378,.T.);
#11378 = LINE('',#11379,#11380);
#11379 = CARTESIAN_POINT('',(-8.913096,-9.83077,0.));
#11380 = VECTOR('',#11381,1.);
#11381 = DIRECTION('',(0.,0.,1.));
#11382 = ORIENTED_EDGE('',*,*,#11086,.T.);
#11383 = ORIENTED_EDGE('',*,*,#11343,.F.);
#11384 = ORIENTED_EDGE('',*,*,#10919,.F.);
#11385 = CYLINDRICAL_SURFACE('',#11386,1.099971338745);
#11386 = AXIS2_PLACEMENT_3D('',#11387,#11388,#11389);
#11387 = CARTESIAN_POINT('',(-9.999975284931,-9.999975100545,0.));
#11388 = DIRECTION('',(-0.,-0.,-1.));
#11389 = DIRECTION('',(0.988097822776,0.153826826741,-0.));
#11390 = ADVANCED_FACE('',(#11391),#11402,.T.);
#11391 = FACE_BOUND('',#11392,.T.);
#11392 = EDGE_LOOP('',(#11393,#11394,#11395,#11401));
#11393 = ORIENTED_EDGE('',*,*,#11362,.T.);
#11394 = ORIENTED_EDGE('',*,*,#11104,.T.);
#11395 = ORIENTED_EDGE('',*,*,#11396,.F.);
#11396 = EDGE_CURVE('',#10929,#11096,#11397,.T.);
#11397 = LINE('',#11398,#11399);
#11398 = CARTESIAN_POINT('',(-8.715477,-10.,0.));
#11399 = VECTOR('',#11400,1.);
#11400 = DIRECTION('',(0.,0.,1.));
#11401 = ORIENTED_EDGE('',*,*,#10937,.F.);
#11402 = PLANE('',#11403);
#11403 = AXIS2_PLACEMENT_3D('',#11404,#11405,#11406);
#11404 = CARTESIAN_POINT('',(8.715477,-10.,0.));
#11405 = DIRECTION('',(0.,-1.,0.));
#11406 = DIRECTION('',(-1.,0.,0.));
#11407 = ADVANCED_FACE('',(#11408),#11414,.T.);
#11408 = FACE_BOUND('',#11409,.T.);
#11409 = EDGE_LOOP('',(#11410,#11411,#11412,#11413));
#11410 = ORIENTED_EDGE('',*,*,#11396,.T.);
#11411 = ORIENTED_EDGE('',*,*,#11095,.T.);
#11412 = ORIENTED_EDGE('',*,*,#11377,.F.);
#11413 = ORIENTED_EDGE('',*,*,#10928,.F.);
#11414 = CYLINDRICAL_SURFACE('',#11415,0.199976922852);
#11415 = AXIS2_PLACEMENT_3D('',#11416,#11417,#11418);
#11416 = CARTESIAN_POINT('',(-8.715496919867,-9.80002307814,0.));
#11417 = DIRECTION('',(0.,0.,-1.));
#11418 = DIRECTION('',(9.961082639675E-05,-0.999999995039,0.));
#11419 = ADVANCED_FACE('',(#11420),#11431,.F.);
#11420 = FACE_BOUND('',#11421,.T.);
#11421 = EDGE_LOOP('',(#11422,#11423,#11429,#11430));
#11422 = ORIENTED_EDGE('',*,*,#10990,.T.);
#11423 = ORIENTED_EDGE('',*,*,#11424,.T.);
#11424 = EDGE_CURVE('',#10991,#11158,#11425,.T.);
#11425 = LINE('',#11426,#11427);
#11426 = CARTESIAN_POINT('',(-6.905,-4.225,-4.6E-02));
#11427 = VECTOR('',#11428,1.);
#11428 = DIRECTION('',(0.,0.,1.));
#11429 = ORIENTED_EDGE('',*,*,#11157,.F.);
#11430 = ORIENTED_EDGE('',*,*,#11424,.F.);
#11431 = CYLINDRICAL_SURFACE('',#11432,0.475);
#11432 = AXIS2_PLACEMENT_3D('',#11433,#11434,#11435);
#11433 = CARTESIAN_POINT('',(-6.905,-3.75,-4.6E-02));
#11434 = DIRECTION('',(-0.,-0.,-1.));
#11435 = DIRECTION('',(-1.869849304632E-15,-1.,0.));
#11436 = ADVANCED_FACE('',(#11437),#11448,.F.);
#11437 = FACE_BOUND('',#11438,.T.);
#11438 = EDGE_LOOP('',(#11439,#11440,#11446,#11447));
#11439 = ORIENTED_EDGE('',*,*,#11001,.T.);
#11440 = ORIENTED_EDGE('',*,*,#11441,.T.);
#11441 = EDGE_CURVE('',#11002,#11169,#11442,.T.);
#11442 = LINE('',#11443,#11444);
#11443 = CARTESIAN_POINT('',(-6.905,-1.725,-4.6E-02));
#11444 = VECTOR('',#11445,1.);
#11445 = DIRECTION('',(0.,0.,1.));
#11446 = ORIENTED_EDGE('',*,*,#11168,.F.);
#11447 = ORIENTED_EDGE('',*,*,#11441,.F.);
#11448 = CYLINDRICAL_SURFACE('',#11449,0.475);
#11449 = AXIS2_PLACEMENT_3D('',#11450,#11451,#11452);
#11450 = CARTESIAN_POINT('',(-6.905,-1.25,-4.6E-02));
#11451 = DIRECTION('',(-0.,-0.,-1.));
#11452 = DIRECTION('',(-1.869849304632E-15,-1.,0.));
#11453 = ADVANCED_FACE('',(#11454),#11465,.F.);
#11454 = FACE_BOUND('',#11455,.T.);
#11455 = EDGE_LOOP('',(#11456,#11457,#11463,#11464));
#11456 = ORIENTED_EDGE('',*,*,#11012,.T.);
#11457 = ORIENTED_EDGE('',*,*,#11458,.T.);
#11458 = EDGE_CURVE('',#11013,#11180,#11459,.T.);
#11459 = LINE('',#11460,#11461);
#11460 = CARTESIAN_POINT('',(-6.905,0.775,-4.6E-02));
#11461 = VECTOR('',#11462,1.);
#11462 = DIRECTION('',(0.,0.,1.));
#11463 = ORIENTED_EDGE('',*,*,#11179,.F.);
#11464 = ORIENTED_EDGE('',*,*,#11458,.F.);
#11465 = CYLINDRICAL_SURFACE('',#11466,0.475);
#11466 = AXIS2_PLACEMENT_3D('',#11467,#11468,#11469);
#11467 = CARTESIAN_POINT('',(-6.905,1.25,-4.6E-02));
#11468 = DIRECTION('',(-0.,-0.,-1.));
#11469 = DIRECTION('',(-1.869849304632E-15,-1.,0.));
#11470 = ADVANCED_FACE('',(#11471),#11482,.F.);
#11471 = FACE_BOUND('',#11472,.T.);
#11472 = EDGE_LOOP('',(#11473,#11474,#11480,#11481));
#11473 = ORIENTED_EDGE('',*,*,#11023,.T.);
#11474 = ORIENTED_EDGE('',*,*,#11475,.T.);
#11475 = EDGE_CURVE('',#11024,#11191,#11476,.T.);
#11476 = LINE('',#11477,#11478);
#11477 = CARTESIAN_POINT('',(-6.905,3.275,-4.6E-02));
#11478 = VECTOR('',#11479,1.);
#11479 = DIRECTION('',(0.,0.,1.));
#11480 = ORIENTED_EDGE('',*,*,#11190,.F.);
#11481 = ORIENTED_EDGE('',*,*,#11475,.F.);
#11482 = CYLINDRICAL_SURFACE('',#11483,0.475);
#11483 = AXIS2_PLACEMENT_3D('',#11484,#11485,#11486);
#11484 = CARTESIAN_POINT('',(-6.905,3.75,-4.6E-02));
#11485 = DIRECTION('',(-0.,-0.,-1.));
#11486 = DIRECTION('',(-1.869849304632E-15,-1.,0.));
#11487 = ( GEOMETRIC_REPRESENTATION_CONTEXT(3) 
GLOBAL_UNCERTAINTY_ASSIGNED_CONTEXT((#11491)) 
GLOBAL_UNIT_ASSIGNED_CONTEXT((#11488,#11489,#11490)) 
REPRESENTATION_CONTEXT('Context #1',
  '3D Context with UNIT and UNCERTAINTY') );
#11488 = ( LENGTH_UNIT() NAMED_UNIT(*) SI_UNIT(.MILLI.,.METRE.) );
#11489 = ( NAMED_UNIT(*) PLANE_ANGLE_UNIT() SI_UNIT($,.RADIAN.) );
#11490 = ( NAMED_UNIT(*) SI_UNIT($,.STERADIAN.) SOLID_ANGLE_UNIT() );
#11491 = UNCERTAINTY_MEASURE_WITH_UNIT(LENGTH_MEASURE(1.E-07),#11488,
  'distance_accuracy_value','confusion accuracy');
#11492 = CONTEXT_DEPENDENT_SHAPE_REPRESENTATION(#11493,#11495);
#11493 = ( REPRESENTATION_RELATIONSHIP('','',#10760,#10) 
REPRESENTATION_RELATIONSHIP_WITH_TRANSFORMATION(#11494) 
SHAPE_REPRESENTATION_RELATIONSHIP() );
#11494 = ITEM_DEFINED_TRANSFORMATION('','',#11,#79);
#11495 = PRODUCT_DEFINITION_SHAPE('Placement','Placement of an item',
  #11496);
#11496 = NEXT_ASSEMBLY_USAGE_OCCURRENCE('22','=>[0:1:1:8]','',#5,#10755,
  $);
#11497 = PRODUCT_RELATED_PRODUCT_CATEGORY('part',$,(#10757));
#11498 = MECHANICAL_DESIGN_GEOMETRIC_PRESENTATION_REPRESENTATION('',(
    #11499,#11507,#11514,#11521,#11528,#11535,#11542,#11549,#11557,
    #11564,#11571,#11578,#11585,#11592,#11599,#11606,#11613,#11620,
    #11627,#11634,#11641,#11648,#11655,#11662,#11669,#11676,#11683,
    #11690,#11697,#11704,#11711,#11718,#11725,#11732,#11739,#11746,
    #11754,#11761,#11768,#11775,#11782,#11789,#11796,#11803,#11810,
    #11817,#11824,#11831,#11838,#11845),#3621);
#11499 = STYLED_ITEM('color',(#11500),#2100);
#11500 = PRESENTATION_STYLE_ASSIGNMENT((#11501));
#11501 = SURFACE_STYLE_USAGE(.BOTH.,#11502);
#11502 = SURFACE_SIDE_STYLE('',(#11503));
#11503 = SURFACE_STYLE_FILL_AREA(#11504);
#11504 = FILL_AREA_STYLE('',(#11505));
#11505 = FILL_AREA_STYLE_COLOUR('',#11506);
#11506 = COLOUR_RGB('',0.894999966383,0.890999961016,0.813000030345);
#11507 = STYLED_ITEM('color',(#11508),#2140);
#11508 = PRESENTATION_STYLE_ASSIGNMENT((#11509));
#11509 = SURFACE_STYLE_USAGE(.BOTH.,#11510);
#11510 = SURFACE_SIDE_STYLE('',(#11511));
#11511 = SURFACE_STYLE_FILL_AREA(#11512);
#11512 = FILL_AREA_STYLE('',(#11513));
#11513 = FILL_AREA_STYLE_COLOUR('',#11506);
#11514 = STYLED_ITEM('color',(#11515),#2187);
#11515 = PRESENTATION_STYLE_ASSIGNMENT((#11516));
#11516 = SURFACE_STYLE_USAGE(.BOTH.,#11517);
#11517 = SURFACE_SIDE_STYLE('',(#11518));
#11518 = SURFACE_STYLE_FILL_AREA(#11519);
#11519 = FILL_AREA_STYLE('',(#11520));
#11520 = FILL_AREA_STYLE_COLOUR('',#11506);
#11521 = STYLED_ITEM('color',(#11522),#2266);
#11522 = PRESENTATION_STYLE_ASSIGNMENT((#11523));
#11523 = SURFACE_STYLE_USAGE(.BOTH.,#11524);
#11524 = SURFACE_SIDE_STYLE('',(#11525));
#11525 = SURFACE_STYLE_FILL_AREA(#11526);
#11526 = FILL_AREA_STYLE('',(#11527));
#11527 = FILL_AREA_STYLE_COLOUR('',#11506);
#11528 = STYLED_ITEM('color',(#11529),#2290);
#11529 = PRESENTATION_STYLE_ASSIGNMENT((#11530));
#11530 = SURFACE_STYLE_USAGE(.BOTH.,#11531);
#11531 = SURFACE_SIDE_STYLE('',(#11532));
#11532 = SURFACE_STYLE_FILL_AREA(#11533);
#11533 = FILL_AREA_STYLE('',(#11534));
#11534 = FILL_AREA_STYLE_COLOUR('',#11506);
#11535 = STYLED_ITEM('color',(#11536),#2330);
#11536 = PRESENTATION_STYLE_ASSIGNMENT((#11537));
#11537 = SURFACE_STYLE_USAGE(.BOTH.,#11538);
#11538 = SURFACE_SIDE_STYLE('',(#11539));
#11539 = SURFACE_STYLE_FILL_AREA(#11540);
#11540 = FILL_AREA_STYLE('',(#11541));
#11541 = FILL_AREA_STYLE_COLOUR('',#11506);
#11542 = STYLED_ITEM('color',(#11543),#2361);
#11543 = PRESENTATION_STYLE_ASSIGNMENT((#11544));
#11544 = SURFACE_STYLE_USAGE(.BOTH.,#11545);
#11545 = SURFACE_SIDE_STYLE('',(#11546));
#11546 = SURFACE_STYLE_FILL_AREA(#11547);
#11547 = FILL_AREA_STYLE('',(#11548));
#11548 = FILL_AREA_STYLE_COLOUR('',#11506);
#11549 = STYLED_ITEM('color',(#11550),#2378);
#11550 = PRESENTATION_STYLE_ASSIGNMENT((#11551));
#11551 = SURFACE_STYLE_USAGE(.BOTH.,#11552);
#11552 = SURFACE_SIDE_STYLE('',(#11553));
#11553 = SURFACE_STYLE_FILL_AREA(#11554);
#11554 = FILL_AREA_STYLE('',(#11555));
#11555 = FILL_AREA_STYLE_COLOUR('',#11556);
#11556 = COLOUR_RGB('',0.859000020776,0.737999965183,0.495999988746);
#11557 = STYLED_ITEM('color',(#11558),#2411);
#11558 = PRESENTATION_STYLE_ASSIGNMENT((#11559));
#11559 = SURFACE_STYLE_USAGE(.BOTH.,#11560);
#11560 = SURFACE_SIDE_STYLE('',(#11561));
#11561 = SURFACE_STYLE_FILL_AREA(#11562);
#11562 = FILL_AREA_STYLE('',(#11563));
#11563 = FILL_AREA_STYLE_COLOUR('',#11506);
#11564 = STYLED_ITEM('color',(#11565),#2435);
#11565 = PRESENTATION_STYLE_ASSIGNMENT((#11566));
#11566 = SURFACE_STYLE_USAGE(.BOTH.,#11567);
#11567 = SURFACE_SIDE_STYLE('',(#11568));
#11568 = SURFACE_STYLE_FILL_AREA(#11569);
#11569 = FILL_AREA_STYLE('',(#11570));
#11570 = FILL_AREA_STYLE_COLOUR('',#11556);
#11571 = STYLED_ITEM('color',(#11572),#2502);
#11572 = PRESENTATION_STYLE_ASSIGNMENT((#11573));
#11573 = SURFACE_STYLE_USAGE(.BOTH.,#11574);
#11574 = SURFACE_SIDE_STYLE('',(#11575));
#11575 = SURFACE_STYLE_FILL_AREA(#11576);
#11576 = FILL_AREA_STYLE('',(#11577));
#11577 = FILL_AREA_STYLE_COLOUR('',#11506);
#11578 = STYLED_ITEM('color',(#11579),#2623);
#11579 = PRESENTATION_STYLE_ASSIGNMENT((#11580));
#11580 = SURFACE_STYLE_USAGE(.BOTH.,#11581);
#11581 = SURFACE_SIDE_STYLE('',(#11582));
#11582 = SURFACE_STYLE_FILL_AREA(#11583);
#11583 = FILL_AREA_STYLE('',(#11584));
#11584 = FILL_AREA_STYLE_COLOUR('',#11556);
#11585 = STYLED_ITEM('color',(#11586),#2690);
#11586 = PRESENTATION_STYLE_ASSIGNMENT((#11587));
#11587 = SURFACE_STYLE_USAGE(.BOTH.,#11588);
#11588 = SURFACE_SIDE_STYLE('',(#11589));
#11589 = SURFACE_STYLE_FILL_AREA(#11590);
#11590 = FILL_AREA_STYLE('',(#11591));
#11591 = FILL_AREA_STYLE_COLOUR('',#11506);
#11592 = STYLED_ITEM('color',(#11593),#2714);
#11593 = PRESENTATION_STYLE_ASSIGNMENT((#11594));
#11594 = SURFACE_STYLE_USAGE(.BOTH.,#11595);
#11595 = SURFACE_SIDE_STYLE('',(#11596));
#11596 = SURFACE_STYLE_FILL_AREA(#11597);
#11597 = FILL_AREA_STYLE('',(#11598));
#11598 = FILL_AREA_STYLE_COLOUR('',#11506);
#11599 = STYLED_ITEM('color',(#11600),#2745);
#11600 = PRESENTATION_STYLE_ASSIGNMENT((#11601));
#11601 = SURFACE_STYLE_USAGE(.BOTH.,#11602);
#11602 = SURFACE_SIDE_STYLE('',(#11603));
#11603 = SURFACE_STYLE_FILL_AREA(#11604);
#11604 = FILL_AREA_STYLE('',(#11605));
#11605 = FILL_AREA_STYLE_COLOUR('',#11556);
#11606 = STYLED_ITEM('color',(#11607),#2778);
#11607 = PRESENTATION_STYLE_ASSIGNMENT((#11608));
#11608 = SURFACE_STYLE_USAGE(.BOTH.,#11609);
#11609 = SURFACE_SIDE_STYLE('',(#11610));
#11610 = SURFACE_STYLE_FILL_AREA(#11611);
#11611 = FILL_AREA_STYLE('',(#11612));
#11612 = FILL_AREA_STYLE_COLOUR('',#11506);
#11613 = STYLED_ITEM('color',(#11614),#2834);
#11614 = PRESENTATION_STYLE_ASSIGNMENT((#11615));
#11615 = SURFACE_STYLE_USAGE(.BOTH.,#11616);
#11616 = SURFACE_SIDE_STYLE('',(#11617));
#11617 = SURFACE_STYLE_FILL_AREA(#11618);
#11618 = FILL_AREA_STYLE('',(#11619));
#11619 = FILL_AREA_STYLE_COLOUR('',#11556);
#11620 = STYLED_ITEM('color',(#11621),#2858);
#11621 = PRESENTATION_STYLE_ASSIGNMENT((#11622));
#11622 = SURFACE_STYLE_USAGE(.BOTH.,#11623);
#11623 = SURFACE_SIDE_STYLE('',(#11624));
#11624 = SURFACE_STYLE_FILL_AREA(#11625);
#11625 = FILL_AREA_STYLE('',(#11626));
#11626 = FILL_AREA_STYLE_COLOUR('',#11556);
#11627 = STYLED_ITEM('color',(#11628),#2882);
#11628 = PRESENTATION_STYLE_ASSIGNMENT((#11629));
#11629 = SURFACE_STYLE_USAGE(.BOTH.,#11630);
#11630 = SURFACE_SIDE_STYLE('',(#11631));
#11631 = SURFACE_STYLE_FILL_AREA(#11632);
#11632 = FILL_AREA_STYLE('',(#11633));
#11633 = FILL_AREA_STYLE_COLOUR('',#11556);
#11634 = STYLED_ITEM('color',(#11635),#2906);
#11635 = PRESENTATION_STYLE_ASSIGNMENT((#11636));
#11636 = SURFACE_STYLE_USAGE(.BOTH.,#11637);
#11637 = SURFACE_SIDE_STYLE('',(#11638));
#11638 = SURFACE_STYLE_FILL_AREA(#11639);
#11639 = FILL_AREA_STYLE('',(#11640));
#11640 = FILL_AREA_STYLE_COLOUR('',#11556);
#11641 = STYLED_ITEM('color',(#11642),#2939);
#11642 = PRESENTATION_STYLE_ASSIGNMENT((#11643));
#11643 = SURFACE_STYLE_USAGE(.BOTH.,#11644);
#11644 = SURFACE_SIDE_STYLE('',(#11645));
#11645 = SURFACE_STYLE_FILL_AREA(#11646);
#11646 = FILL_AREA_STYLE('',(#11647));
#11647 = FILL_AREA_STYLE_COLOUR('',#11556);
#11648 = STYLED_ITEM('color',(#11649),#2951);
#11649 = PRESENTATION_STYLE_ASSIGNMENT((#11650));
#11650 = SURFACE_STYLE_USAGE(.BOTH.,#11651);
#11651 = SURFACE_SIDE_STYLE('',(#11652));
#11652 = SURFACE_STYLE_FILL_AREA(#11653);
#11653 = FILL_AREA_STYLE('',(#11654));
#11654 = FILL_AREA_STYLE_COLOUR('',#11556);
#11655 = STYLED_ITEM('color',(#11656),#3014);
#11656 = PRESENTATION_STYLE_ASSIGNMENT((#11657));
#11657 = SURFACE_STYLE_USAGE(.BOTH.,#11658);
#11658 = SURFACE_SIDE_STYLE('',(#11659));
#11659 = SURFACE_STYLE_FILL_AREA(#11660);
#11660 = FILL_AREA_STYLE('',(#11661));
#11661 = FILL_AREA_STYLE_COLOUR('',#11556);
#11662 = STYLED_ITEM('color',(#11663),#3039);
#11663 = PRESENTATION_STYLE_ASSIGNMENT((#11664));
#11664 = SURFACE_STYLE_USAGE(.BOTH.,#11665);
#11665 = SURFACE_SIDE_STYLE('',(#11666));
#11666 = SURFACE_STYLE_FILL_AREA(#11667);
#11667 = FILL_AREA_STYLE('',(#11668));
#11668 = FILL_AREA_STYLE_COLOUR('',#11556);
#11669 = STYLED_ITEM('color',(#11670),#3056);
#11670 = PRESENTATION_STYLE_ASSIGNMENT((#11671));
#11671 = SURFACE_STYLE_USAGE(.BOTH.,#11672);
#11672 = SURFACE_SIDE_STYLE('',(#11673));
#11673 = SURFACE_STYLE_FILL_AREA(#11674);
#11674 = FILL_AREA_STYLE('',(#11675));
#11675 = FILL_AREA_STYLE_COLOUR('',#11556);
#11676 = STYLED_ITEM('color',(#11677),#3080);
#11677 = PRESENTATION_STYLE_ASSIGNMENT((#11678));
#11678 = SURFACE_STYLE_USAGE(.BOTH.,#11679);
#11679 = SURFACE_SIDE_STYLE('',(#11680));
#11680 = SURFACE_STYLE_FILL_AREA(#11681);
#11681 = FILL_AREA_STYLE('',(#11682));
#11682 = FILL_AREA_STYLE_COLOUR('',#11556);
#11683 = STYLED_ITEM('color',(#11684),#3098);
#11684 = PRESENTATION_STYLE_ASSIGNMENT((#11685));
#11685 = SURFACE_STYLE_USAGE(.BOTH.,#11686);
#11686 = SURFACE_SIDE_STYLE('',(#11687));
#11687 = SURFACE_STYLE_FILL_AREA(#11688);
#11688 = FILL_AREA_STYLE('',(#11689));
#11689 = FILL_AREA_STYLE_COLOUR('',#11556);
#11690 = STYLED_ITEM('color',(#11691),#3116);
#11691 = PRESENTATION_STYLE_ASSIGNMENT((#11692));
#11692 = SURFACE_STYLE_USAGE(.BOTH.,#11693);
#11693 = SURFACE_SIDE_STYLE('',(#11694));
#11694 = SURFACE_STYLE_FILL_AREA(#11695);
#11695 = FILL_AREA_STYLE('',(#11696));
#11696 = FILL_AREA_STYLE_COLOUR('',#11556);
#11697 = STYLED_ITEM('color',(#11698),#3134);
#11698 = PRESENTATION_STYLE_ASSIGNMENT((#11699));
#11699 = SURFACE_STYLE_USAGE(.BOTH.,#11700);
#11700 = SURFACE_SIDE_STYLE('',(#11701));
#11701 = SURFACE_STYLE_FILL_AREA(#11702);
#11702 = FILL_AREA_STYLE('',(#11703));
#11703 = FILL_AREA_STYLE_COLOUR('',#11556);
#11704 = STYLED_ITEM('color',(#11705),#3151);
#11705 = PRESENTATION_STYLE_ASSIGNMENT((#11706));
#11706 = SURFACE_STYLE_USAGE(.BOTH.,#11707);
#11707 = SURFACE_SIDE_STYLE('',(#11708));
#11708 = SURFACE_STYLE_FILL_AREA(#11709);
#11709 = FILL_AREA_STYLE('',(#11710));
#11710 = FILL_AREA_STYLE_COLOUR('',#11556);
#11711 = STYLED_ITEM('color',(#11712),#3168);
#11712 = PRESENTATION_STYLE_ASSIGNMENT((#11713));
#11713 = SURFACE_STYLE_USAGE(.BOTH.,#11714);
#11714 = SURFACE_SIDE_STYLE('',(#11715));
#11715 = SURFACE_STYLE_FILL_AREA(#11716);
#11716 = FILL_AREA_STYLE('',(#11717));
#11717 = FILL_AREA_STYLE_COLOUR('',#11556);
#11718 = STYLED_ITEM('color',(#11719),#3199);
#11719 = PRESENTATION_STYLE_ASSIGNMENT((#11720));
#11720 = SURFACE_STYLE_USAGE(.BOTH.,#11721);
#11721 = SURFACE_SIDE_STYLE('',(#11722));
#11722 = SURFACE_STYLE_FILL_AREA(#11723);
#11723 = FILL_AREA_STYLE('',(#11724));
#11724 = FILL_AREA_STYLE_COLOUR('',#11556);
#11725 = STYLED_ITEM('color',(#11726),#3224);
#11726 = PRESENTATION_STYLE_ASSIGNMENT((#11727));
#11727 = SURFACE_STYLE_USAGE(.BOTH.,#11728);
#11728 = SURFACE_SIDE_STYLE('',(#11729));
#11729 = SURFACE_STYLE_FILL_AREA(#11730);
#11730 = FILL_AREA_STYLE('',(#11731));
#11731 = FILL_AREA_STYLE_COLOUR('',#11556);
#11732 = STYLED_ITEM('color',(#11733),#3249);
#11733 = PRESENTATION_STYLE_ASSIGNMENT((#11734));
#11734 = SURFACE_STYLE_USAGE(.BOTH.,#11735);
#11735 = SURFACE_SIDE_STYLE('',(#11736));
#11736 = SURFACE_STYLE_FILL_AREA(#11737);
#11737 = FILL_AREA_STYLE('',(#11738));
#11738 = FILL_AREA_STYLE_COLOUR('',#11556);
#11739 = STYLED_ITEM('color',(#11740),#3273);
#11740 = PRESENTATION_STYLE_ASSIGNMENT((#11741));
#11741 = SURFACE_STYLE_USAGE(.BOTH.,#11742);
#11742 = SURFACE_SIDE_STYLE('',(#11743));
#11743 = SURFACE_STYLE_FILL_AREA(#11744);
#11744 = FILL_AREA_STYLE('',(#11745));
#11745 = FILL_AREA_STYLE_COLOUR('',#11556);
#11746 = STYLED_ITEM('color',(#11747),#3290);
#11747 = PRESENTATION_STYLE_ASSIGNMENT((#11748));
#11748 = SURFACE_STYLE_USAGE(.BOTH.,#11749);
#11749 = SURFACE_SIDE_STYLE('',(#11750));
#11750 = SURFACE_STYLE_FILL_AREA(#11751);
#11751 = FILL_AREA_STYLE('',(#11752));
#11752 = FILL_AREA_STYLE_COLOUR('',#11753);
#11753 = COLOUR_RGB('',0.340000006699,0.68000001254,0.444999988852);
#11754 = STYLED_ITEM('color',(#11755),#3321);
#11755 = PRESENTATION_STYLE_ASSIGNMENT((#11756));
#11756 = SURFACE_STYLE_USAGE(.BOTH.,#11757);
#11757 = SURFACE_SIDE_STYLE('',(#11758));
#11758 = SURFACE_STYLE_FILL_AREA(#11759);
#11759 = FILL_AREA_STYLE('',(#11760));
#11760 = FILL_AREA_STYLE_COLOUR('',#11753);
#11761 = STYLED_ITEM('color',(#11762),#3345);
#11762 = PRESENTATION_STYLE_ASSIGNMENT((#11763));
#11763 = SURFACE_STYLE_USAGE(.BOTH.,#11764);
#11764 = SURFACE_SIDE_STYLE('',(#11765));
#11765 = SURFACE_STYLE_FILL_AREA(#11766);
#11766 = FILL_AREA_STYLE('',(#11767));
#11767 = FILL_AREA_STYLE_COLOUR('',#11753);
#11768 = STYLED_ITEM('color',(#11769),#3362);
#11769 = PRESENTATION_STYLE_ASSIGNMENT((#11770));
#11770 = SURFACE_STYLE_USAGE(.BOTH.,#11771);
#11771 = SURFACE_SIDE_STYLE('',(#11772));
#11772 = SURFACE_STYLE_FILL_AREA(#11773);
#11773 = FILL_AREA_STYLE('',(#11774));
#11774 = FILL_AREA_STYLE_COLOUR('',#11556);
#11775 = STYLED_ITEM('color',(#11776),#3390);
#11776 = PRESENTATION_STYLE_ASSIGNMENT((#11777));
#11777 = SURFACE_STYLE_USAGE(.BOTH.,#11778);
#11778 = SURFACE_SIDE_STYLE('',(#11779));
#11779 = SURFACE_STYLE_FILL_AREA(#11780);
#11780 = FILL_AREA_STYLE('',(#11781));
#11781 = FILL_AREA_STYLE_COLOUR('',#11556);
#11782 = STYLED_ITEM('color',(#11783),#3415);
#11783 = PRESENTATION_STYLE_ASSIGNMENT((#11784));
#11784 = SURFACE_STYLE_USAGE(.BOTH.,#11785);
#11785 = SURFACE_SIDE_STYLE('',(#11786));
#11786 = SURFACE_STYLE_FILL_AREA(#11787);
#11787 = FILL_AREA_STYLE('',(#11788));
#11788 = FILL_AREA_STYLE_COLOUR('',#11556);
#11789 = STYLED_ITEM('color',(#11790),#3439);
#11790 = PRESENTATION_STYLE_ASSIGNMENT((#11791));
#11791 = SURFACE_STYLE_USAGE(.BOTH.,#11792);
#11792 = SURFACE_SIDE_STYLE('',(#11793));
#11793 = SURFACE_STYLE_FILL_AREA(#11794);
#11794 = FILL_AREA_STYLE('',(#11795));
#11795 = FILL_AREA_STYLE_COLOUR('',#11556);
#11796 = STYLED_ITEM('color',(#11797),#3464);
#11797 = PRESENTATION_STYLE_ASSIGNMENT((#11798));
#11798 = SURFACE_STYLE_USAGE(.BOTH.,#11799);
#11799 = SURFACE_SIDE_STYLE('',(#11800));
#11800 = SURFACE_STYLE_FILL_AREA(#11801);
#11801 = FILL_AREA_STYLE('',(#11802));
#11802 = FILL_AREA_STYLE_COLOUR('',#11556);
#11803 = STYLED_ITEM('color',(#11804),#3511);
#11804 = PRESENTATION_STYLE_ASSIGNMENT((#11805));
#11805 = SURFACE_STYLE_USAGE(.BOTH.,#11806);
#11806 = SURFACE_SIDE_STYLE('',(#11807));
#11807 = SURFACE_STYLE_FILL_AREA(#11808);
#11808 = FILL_AREA_STYLE('',(#11809));
#11809 = FILL_AREA_STYLE_COLOUR('',#11556);
#11810 = STYLED_ITEM('color',(#11811),#3528);
#11811 = PRESENTATION_STYLE_ASSIGNMENT((#11812));
#11812 = SURFACE_STYLE_USAGE(.BOTH.,#11813);
#11813 = SURFACE_SIDE_STYLE('',(#11814));
#11814 = SURFACE_STYLE_FILL_AREA(#11815);
#11815 = FILL_AREA_STYLE('',(#11816));
#11816 = FILL_AREA_STYLE_COLOUR('',#11556);
#11817 = STYLED_ITEM('color',(#11818),#3540);
#11818 = PRESENTATION_STYLE_ASSIGNMENT((#11819));
#11819 = SURFACE_STYLE_USAGE(.BOTH.,#11820);
#11820 = SURFACE_SIDE_STYLE('',(#11821));
#11821 = SURFACE_STYLE_FILL_AREA(#11822);
#11822 = FILL_AREA_STYLE('',(#11823));
#11823 = FILL_AREA_STYLE_COLOUR('',#11556);
#11824 = STYLED_ITEM('color',(#11825),#3562);
#11825 = PRESENTATION_STYLE_ASSIGNMENT((#11826));
#11826 = SURFACE_STYLE_USAGE(.BOTH.,#11827);
#11827 = SURFACE_SIDE_STYLE('',(#11828));
#11828 = SURFACE_STYLE_FILL_AREA(#11829);
#11829 = FILL_AREA_STYLE('',(#11830));
#11830 = FILL_AREA_STYLE_COLOUR('',#11556);
#11831 = STYLED_ITEM('color',(#11832),#3574);
#11832 = PRESENTATION_STYLE_ASSIGNMENT((#11833));
#11833 = SURFACE_STYLE_USAGE(.BOTH.,#11834);
#11834 = SURFACE_SIDE_STYLE('',(#11835));
#11835 = SURFACE_STYLE_FILL_AREA(#11836);
#11836 = FILL_AREA_STYLE('',(#11837));
#11837 = FILL_AREA_STYLE_COLOUR('',#11556);
#11838 = STYLED_ITEM('color',(#11839),#3592);
#11839 = PRESENTATION_STYLE_ASSIGNMENT((#11840));
#11840 = SURFACE_STYLE_USAGE(.BOTH.,#11841);
#11841 = SURFACE_SIDE_STYLE('',(#11842));
#11842 = SURFACE_STYLE_FILL_AREA(#11843);
#11843 = FILL_AREA_STYLE('',(#11844));
#11844 = FILL_AREA_STYLE_COLOUR('',#11556);
#11845 = STYLED_ITEM('color',(#11846),#3610);
#11846 = PRESENTATION_STYLE_ASSIGNMENT((#11847));
#11847 = SURFACE_STYLE_USAGE(.BOTH.,#11848);
#11848 = SURFACE_SIDE_STYLE('',(#11849));
#11849 = SURFACE_STYLE_FILL_AREA(#11850);
#11850 = FILL_AREA_STYLE('',(#11851));
#11851 = FILL_AREA_STYLE_COLOUR('',#11753);
#11852 = MECHANICAL_DESIGN_GEOMETRIC_PRESENTATION_REPRESENTATION('',(
    #11853,#11863,#11872,#11881,#11890,#11899,#11908,#11917,#11926,
    #11935,#11944,#11953,#11962,#11971,#11980,#11990,#11999,#12008,
    #12017,#12026,#12035,#12044,#12053,#12062,#12071,#12080,#12089,
    #12098,#12107,#12116,#12125,#12134,#12143,#12152,#12161,#12170,
    #12179,#12188,#12197,#12206,#12215,#12224,#12233,#12242,#12251,
    #12260,#12269,#12278,#12287,#12296,#12305,#12314,#12323,#12332,
    #12341,#12350,#12359,#12368,#12377,#12386,#12395,#12404,#12413,
    #12422,#12431,#12440,#12449,#12458,#12467),#2079);
#11853 = STYLED_ITEM('color',(#11854),#99);
#11854 = PRESENTATION_STYLE_ASSIGNMENT((#11855,#11861));
#11855 = SURFACE_STYLE_USAGE(.BOTH.,#11856);
#11856 = SURFACE_SIDE_STYLE('',(#11857));
#11857 = SURFACE_STYLE_FILL_AREA(#11858);
#11858 = FILL_AREA_STYLE('',(#11859));
#11859 = FILL_AREA_STYLE_COLOUR('',#11860);
#11860 = COLOUR_RGB('',0.147999998088,0.145000001626,0.145000001626);
#11861 = CURVE_STYLE('',#11862,POSITIVE_LENGTH_MEASURE(0.1),#11860);
#11862 = DRAUGHTING_PRE_DEFINED_CURVE_FONT('continuous');
#11863 = STYLED_ITEM('color',(#11864),#137);
#11864 = PRESENTATION_STYLE_ASSIGNMENT((#11865,#11870));
#11865 = SURFACE_STYLE_USAGE(.BOTH.,#11866);
#11866 = SURFACE_SIDE_STYLE('',(#11867));
#11867 = SURFACE_STYLE_FILL_AREA(#11868);
#11868 = FILL_AREA_STYLE('',(#11869));
#11869 = FILL_AREA_STYLE_COLOUR('',#11860);
#11870 = CURVE_STYLE('',#11871,POSITIVE_LENGTH_MEASURE(0.1),#11860);
#11871 = DRAUGHTING_PRE_DEFINED_CURVE_FONT('continuous');
#11872 = STYLED_ITEM('color',(#11873),#200);
#11873 = PRESENTATION_STYLE_ASSIGNMENT((#11874,#11879));
#11874 = SURFACE_STYLE_USAGE(.BOTH.,#11875);
#11875 = SURFACE_SIDE_STYLE('',(#11876));
#11876 = SURFACE_STYLE_FILL_AREA(#11877);
#11877 = FILL_AREA_STYLE('',(#11878));
#11878 = FILL_AREA_STYLE_COLOUR('',#11860);
#11879 = CURVE_STYLE('',#11880,POSITIVE_LENGTH_MEASURE(0.1),#11860);
#11880 = DRAUGHTING_PRE_DEFINED_CURVE_FONT('continuous');
#11881 = STYLED_ITEM('color',(#11882),#223);
#11882 = PRESENTATION_STYLE_ASSIGNMENT((#11883,#11888));
#11883 = SURFACE_STYLE_USAGE(.BOTH.,#11884);
#11884 = SURFACE_SIDE_STYLE('',(#11885));
#11885 = SURFACE_STYLE_FILL_AREA(#11886);
#11886 = FILL_AREA_STYLE('',(#11887));
#11887 = FILL_AREA_STYLE_COLOUR('',#11860);
#11888 = CURVE_STYLE('',#11889,POSITIVE_LENGTH_MEASURE(0.1),#11860);
#11889 = DRAUGHTING_PRE_DEFINED_CURVE_FONT('continuous');
#11890 = STYLED_ITEM('color',(#11891),#252);
#11891 = PRESENTATION_STYLE_ASSIGNMENT((#11892,#11897));
#11892 = SURFACE_STYLE_USAGE(.BOTH.,#11893);
#11893 = SURFACE_SIDE_STYLE('',(#11894));
#11894 = SURFACE_STYLE_FILL_AREA(#11895);
#11895 = FILL_AREA_STYLE('',(#11896));
#11896 = FILL_AREA_STYLE_COLOUR('',#11860);
#11897 = CURVE_STYLE('',#11898,POSITIVE_LENGTH_MEASURE(0.1),#11860);
#11898 = DRAUGHTING_PRE_DEFINED_CURVE_FONT('continuous');
#11899 = STYLED_ITEM('color',(#11900),#275);
#11900 = PRESENTATION_STYLE_ASSIGNMENT((#11901,#11906));
#11901 = SURFACE_STYLE_USAGE(.BOTH.,#11902);
#11902 = SURFACE_SIDE_STYLE('',(#11903));
#11903 = SURFACE_STYLE_FILL_AREA(#11904);
#11904 = FILL_AREA_STYLE('',(#11905));
#11905 = FILL_AREA_STYLE_COLOUR('',#11860);
#11906 = CURVE_STYLE('',#11907,POSITIVE_LENGTH_MEASURE(0.1),#11860);
#11907 = DRAUGHTING_PRE_DEFINED_CURVE_FONT('continuous');
#11908 = STYLED_ITEM('color',(#11909),#330);
#11909 = PRESENTATION_STYLE_ASSIGNMENT((#11910,#11915));
#11910 = SURFACE_STYLE_USAGE(.BOTH.,#11911);
#11911 = SURFACE_SIDE_STYLE('',(#11912));
#11912 = SURFACE_STYLE_FILL_AREA(#11913);
#11913 = FILL_AREA_STYLE('',(#11914));
#11914 = FILL_AREA_STYLE_COLOUR('',#11860);
#11915 = CURVE_STYLE('',#11916,POSITIVE_LENGTH_MEASURE(0.1),#11860);
#11916 = DRAUGHTING_PRE_DEFINED_CURVE_FONT('continuous');
#11917 = STYLED_ITEM('color',(#11918),#369);
#11918 = PRESENTATION_STYLE_ASSIGNMENT((#11919,#11924));
#11919 = SURFACE_STYLE_USAGE(.BOTH.,#11920);
#11920 = SURFACE_SIDE_STYLE('',(#11921));
#11921 = SURFACE_STYLE_FILL_AREA(#11922);
#11922 = FILL_AREA_STYLE('',(#11923));
#11923 = FILL_AREA_STYLE_COLOUR('',#11860);
#11924 = CURVE_STYLE('',#11925,POSITIVE_LENGTH_MEASURE(0.1),#11860);
#11925 = DRAUGHTING_PRE_DEFINED_CURVE_FONT('continuous');
#11926 = STYLED_ITEM('color',(#11927),#392);
#11927 = PRESENTATION_STYLE_ASSIGNMENT((#11928,#11933));
#11928 = SURFACE_STYLE_USAGE(.BOTH.,#11929);
#11929 = SURFACE_SIDE_STYLE('',(#11930));
#11930 = SURFACE_STYLE_FILL_AREA(#11931);
#11931 = FILL_AREA_STYLE('',(#11932));
#11932 = FILL_AREA_STYLE_COLOUR('',#11860);
#11933 = CURVE_STYLE('',#11934,POSITIVE_LENGTH_MEASURE(0.1),#11860);
#11934 = DRAUGHTING_PRE_DEFINED_CURVE_FONT('continuous');
#11935 = STYLED_ITEM('color',(#11936),#415);
#11936 = PRESENTATION_STYLE_ASSIGNMENT((#11937,#11942));
#11937 = SURFACE_STYLE_USAGE(.BOTH.,#11938);
#11938 = SURFACE_SIDE_STYLE('',(#11939));
#11939 = SURFACE_STYLE_FILL_AREA(#11940);
#11940 = FILL_AREA_STYLE('',(#11941));
#11941 = FILL_AREA_STYLE_COLOUR('',#11860);
#11942 = CURVE_STYLE('',#11943,POSITIVE_LENGTH_MEASURE(0.1),#11860);
#11943 = DRAUGHTING_PRE_DEFINED_CURVE_FONT('continuous');
#11944 = STYLED_ITEM('color',(#11945),#432);
#11945 = PRESENTATION_STYLE_ASSIGNMENT((#11946,#11951));
#11946 = SURFACE_STYLE_USAGE(.BOTH.,#11947);
#11947 = SURFACE_SIDE_STYLE('',(#11948));
#11948 = SURFACE_STYLE_FILL_AREA(#11949);
#11949 = FILL_AREA_STYLE('',(#11950));
#11950 = FILL_AREA_STYLE_COLOUR('',#11860);
#11951 = CURVE_STYLE('',#11952,POSITIVE_LENGTH_MEASURE(0.1),#11860);
#11952 = DRAUGHTING_PRE_DEFINED_CURVE_FONT('continuous');
#11953 = STYLED_ITEM('color',(#11954),#455);
#11954 = PRESENTATION_STYLE_ASSIGNMENT((#11955,#11960));
#11955 = SURFACE_STYLE_USAGE(.BOTH.,#11956);
#11956 = SURFACE_SIDE_STYLE('',(#11957));
#11957 = SURFACE_STYLE_FILL_AREA(#11958);
#11958 = FILL_AREA_STYLE('',(#11959));
#11959 = FILL_AREA_STYLE_COLOUR('',#11860);
#11960 = CURVE_STYLE('',#11961,POSITIVE_LENGTH_MEASURE(0.1),#11860);
#11961 = DRAUGHTING_PRE_DEFINED_CURVE_FONT('continuous');
#11962 = STYLED_ITEM('color',(#11963),#543);
#11963 = PRESENTATION_STYLE_ASSIGNMENT((#11964,#11969));
#11964 = SURFACE_STYLE_USAGE(.BOTH.,#11965);
#11965 = SURFACE_SIDE_STYLE('',(#11966));
#11966 = SURFACE_STYLE_FILL_AREA(#11967);
#11967 = FILL_AREA_STYLE('',(#11968));
#11968 = FILL_AREA_STYLE_COLOUR('',#11860);
#11969 = CURVE_STYLE('',#11970,POSITIVE_LENGTH_MEASURE(0.1),#11860);
#11970 = DRAUGHTING_PRE_DEFINED_CURVE_FONT('continuous');
#11971 = STYLED_ITEM('color',(#11972),#559);
#11972 = PRESENTATION_STYLE_ASSIGNMENT((#11973,#11978));
#11973 = SURFACE_STYLE_USAGE(.BOTH.,#11974);
#11974 = SURFACE_SIDE_STYLE('',(#11975));
#11975 = SURFACE_STYLE_FILL_AREA(#11976);
#11976 = FILL_AREA_STYLE('',(#11977));
#11977 = FILL_AREA_STYLE_COLOUR('',#11860);
#11978 = CURVE_STYLE('',#11979,POSITIVE_LENGTH_MEASURE(0.1),#11860);
#11979 = DRAUGHTING_PRE_DEFINED_CURVE_FONT('continuous');
#11980 = STYLED_ITEM('color',(#11981),#589);
#11981 = PRESENTATION_STYLE_ASSIGNMENT((#11982,#11988));
#11982 = SURFACE_STYLE_USAGE(.BOTH.,#11983);
#11983 = SURFACE_SIDE_STYLE('',(#11984));
#11984 = SURFACE_STYLE_FILL_AREA(#11985);
#11985 = FILL_AREA_STYLE('',(#11986));
#11986 = FILL_AREA_STYLE_COLOUR('',#11987);
#11987 = COLOUR_RGB('',0.823999987314,0.819999987296,0.781000009244);
#11988 = CURVE_STYLE('',#11989,POSITIVE_LENGTH_MEASURE(0.1),#11987);
#11989 = DRAUGHTING_PRE_DEFINED_CURVE_FONT('continuous');
#11990 = STYLED_ITEM('color',(#11991),#622);
#11991 = PRESENTATION_STYLE_ASSIGNMENT((#11992,#11997));
#11992 = SURFACE_STYLE_USAGE(.BOTH.,#11993);
#11993 = SURFACE_SIDE_STYLE('',(#11994));
#11994 = SURFACE_STYLE_FILL_AREA(#11995);
#11995 = FILL_AREA_STYLE('',(#11996));
#11996 = FILL_AREA_STYLE_COLOUR('',#11860);
#11997 = CURVE_STYLE('',#11998,POSITIVE_LENGTH_MEASURE(0.1),#11860);
#11998 = DRAUGHTING_PRE_DEFINED_CURVE_FONT('continuous');
#11999 = STYLED_ITEM('color',(#12000),#653);
#12000 = PRESENTATION_STYLE_ASSIGNMENT((#12001,#12006));
#12001 = SURFACE_STYLE_USAGE(.BOTH.,#12002);
#12002 = SURFACE_SIDE_STYLE('',(#12003));
#12003 = SURFACE_STYLE_FILL_AREA(#12004);
#12004 = FILL_AREA_STYLE('',(#12005));
#12005 = FILL_AREA_STYLE_COLOUR('',#11987);
#12006 = CURVE_STYLE('',#12007,POSITIVE_LENGTH_MEASURE(0.1),#11987);
#12007 = DRAUGHTING_PRE_DEFINED_CURVE_FONT('continuous');
#12008 = STYLED_ITEM('color',(#12009),#686);
#12009 = PRESENTATION_STYLE_ASSIGNMENT((#12010,#12015));
#12010 = SURFACE_STYLE_USAGE(.BOTH.,#12011);
#12011 = SURFACE_SIDE_STYLE('',(#12012));
#12012 = SURFACE_STYLE_FILL_AREA(#12013);
#12013 = FILL_AREA_STYLE('',(#12014));
#12014 = FILL_AREA_STYLE_COLOUR('',#11860);
#12015 = CURVE_STYLE('',#12016,POSITIVE_LENGTH_MEASURE(0.1),#11860);
#12016 = DRAUGHTING_PRE_DEFINED_CURVE_FONT('continuous');
#12017 = STYLED_ITEM('color',(#12018),#703);
#12018 = PRESENTATION_STYLE_ASSIGNMENT((#12019,#12024));
#12019 = SURFACE_STYLE_USAGE(.BOTH.,#12020);
#12020 = SURFACE_SIDE_STYLE('',(#12021));
#12021 = SURFACE_STYLE_FILL_AREA(#12022);
#12022 = FILL_AREA_STYLE('',(#12023));
#12023 = FILL_AREA_STYLE_COLOUR('',#11860);
#12024 = CURVE_STYLE('',#12025,POSITIVE_LENGTH_MEASURE(0.1),#11860);
#12025 = DRAUGHTING_PRE_DEFINED_CURVE_FONT('continuous');
#12026 = STYLED_ITEM('color',(#12027),#720);
#12027 = PRESENTATION_STYLE_ASSIGNMENT((#12028,#12033));
#12028 = SURFACE_STYLE_USAGE(.BOTH.,#12029);
#12029 = SURFACE_SIDE_STYLE('',(#12030));
#12030 = SURFACE_STYLE_FILL_AREA(#12031);
#12031 = FILL_AREA_STYLE('',(#12032));
#12032 = FILL_AREA_STYLE_COLOUR('',#11987);
#12033 = CURVE_STYLE('',#12034,POSITIVE_LENGTH_MEASURE(0.1),#11987);
#12034 = DRAUGHTING_PRE_DEFINED_CURVE_FONT('continuous');
#12035 = STYLED_ITEM('color',(#12036),#753);
#12036 = PRESENTATION_STYLE_ASSIGNMENT((#12037,#12042));
#12037 = SURFACE_STYLE_USAGE(.BOTH.,#12038);
#12038 = SURFACE_SIDE_STYLE('',(#12039));
#12039 = SURFACE_STYLE_FILL_AREA(#12040);
#12040 = FILL_AREA_STYLE('',(#12041));
#12041 = FILL_AREA_STYLE_COLOUR('',#11860);
#12042 = CURVE_STYLE('',#12043,POSITIVE_LENGTH_MEASURE(0.1),#11860);
#12043 = DRAUGHTING_PRE_DEFINED_CURVE_FONT('continuous');
#12044 = STYLED_ITEM('color',(#12045),#783);
#12045 = PRESENTATION_STYLE_ASSIGNMENT((#12046,#12051));
#12046 = SURFACE_STYLE_USAGE(.BOTH.,#12047);
#12047 = SURFACE_SIDE_STYLE('',(#12048));
#12048 = SURFACE_STYLE_FILL_AREA(#12049);
#12049 = FILL_AREA_STYLE('',(#12050));
#12050 = FILL_AREA_STYLE_COLOUR('',#11860);
#12051 = CURVE_STYLE('',#12052,POSITIVE_LENGTH_MEASURE(0.1),#11860);
#12052 = DRAUGHTING_PRE_DEFINED_CURVE_FONT('continuous');
#12053 = STYLED_ITEM('color',(#12054),#806);
#12054 = PRESENTATION_STYLE_ASSIGNMENT((#12055,#12060));
#12055 = SURFACE_STYLE_USAGE(.BOTH.,#12056);
#12056 = SURFACE_SIDE_STYLE('',(#12057));
#12057 = SURFACE_STYLE_FILL_AREA(#12058);
#12058 = FILL_AREA_STYLE('',(#12059));
#12059 = FILL_AREA_STYLE_COLOUR('',#11860);
#12060 = CURVE_STYLE('',#12061,POSITIVE_LENGTH_MEASURE(0.1),#11860);
#12061 = DRAUGHTING_PRE_DEFINED_CURVE_FONT('continuous');
#12062 = STYLED_ITEM('color',(#12063),#829);
#12063 = PRESENTATION_STYLE_ASSIGNMENT((#12064,#12069));
#12064 = SURFACE_STYLE_USAGE(.BOTH.,#12065);
#12065 = SURFACE_SIDE_STYLE('',(#12066));
#12066 = SURFACE_STYLE_FILL_AREA(#12067);
#12067 = FILL_AREA_STYLE('',(#12068));
#12068 = FILL_AREA_STYLE_COLOUR('',#11860);
#12069 = CURVE_STYLE('',#12070,POSITIVE_LENGTH_MEASURE(0.1),#11860);
#12070 = DRAUGHTING_PRE_DEFINED_CURVE_FONT('continuous');
#12071 = STYLED_ITEM('color',(#12072),#846);
#12072 = PRESENTATION_STYLE_ASSIGNMENT((#12073,#12078));
#12073 = SURFACE_STYLE_USAGE(.BOTH.,#12074);
#12074 = SURFACE_SIDE_STYLE('',(#12075));
#12075 = SURFACE_STYLE_FILL_AREA(#12076);
#12076 = FILL_AREA_STYLE('',(#12077));
#12077 = FILL_AREA_STYLE_COLOUR('',#11987);
#12078 = CURVE_STYLE('',#12079,POSITIVE_LENGTH_MEASURE(0.1),#11987);
#12079 = DRAUGHTING_PRE_DEFINED_CURVE_FONT('continuous');
#12080 = STYLED_ITEM('color',(#12081),#875);
#12081 = PRESENTATION_STYLE_ASSIGNMENT((#12082,#12087));
#12082 = SURFACE_STYLE_USAGE(.BOTH.,#12083);
#12083 = SURFACE_SIDE_STYLE('',(#12084));
#12084 = SURFACE_STYLE_FILL_AREA(#12085);
#12085 = FILL_AREA_STYLE('',(#12086));
#12086 = FILL_AREA_STYLE_COLOUR('',#11860);
#12087 = CURVE_STYLE('',#12088,POSITIVE_LENGTH_MEASURE(0.1),#11860);
#12088 = DRAUGHTING_PRE_DEFINED_CURVE_FONT('continuous');
#12089 = STYLED_ITEM('color',(#12090),#929);
#12090 = PRESENTATION_STYLE_ASSIGNMENT((#12091,#12096));
#12091 = SURFACE_STYLE_USAGE(.BOTH.,#12092);
#12092 = SURFACE_SIDE_STYLE('',(#12093));
#12093 = SURFACE_STYLE_FILL_AREA(#12094);
#12094 = FILL_AREA_STYLE('',(#12095));
#12095 = FILL_AREA_STYLE_COLOUR('',#11860);
#12096 = CURVE_STYLE('',#12097,POSITIVE_LENGTH_MEASURE(0.1),#11860);
#12097 = DRAUGHTING_PRE_DEFINED_CURVE_FONT('continuous');
#12098 = STYLED_ITEM('color',(#12099),#952);
#12099 = PRESENTATION_STYLE_ASSIGNMENT((#12100,#12105));
#12100 = SURFACE_STYLE_USAGE(.BOTH.,#12101);
#12101 = SURFACE_SIDE_STYLE('',(#12102));
#12102 = SURFACE_STYLE_FILL_AREA(#12103);
#12103 = FILL_AREA_STYLE('',(#12104));
#12104 = FILL_AREA_STYLE_COLOUR('',#11860);
#12105 = CURVE_STYLE('',#12106,POSITIVE_LENGTH_MEASURE(0.1),#11860);
#12106 = DRAUGHTING_PRE_DEFINED_CURVE_FONT('continuous');
#12107 = STYLED_ITEM('color',(#12108),#975);
#12108 = PRESENTATION_STYLE_ASSIGNMENT((#12109,#12114));
#12109 = SURFACE_STYLE_USAGE(.BOTH.,#12110);
#12110 = SURFACE_SIDE_STYLE('',(#12111));
#12111 = SURFACE_STYLE_FILL_AREA(#12112);
#12112 = FILL_AREA_STYLE('',(#12113));
#12113 = FILL_AREA_STYLE_COLOUR('',#11860);
#12114 = CURVE_STYLE('',#12115,POSITIVE_LENGTH_MEASURE(0.1),#11860);
#12115 = DRAUGHTING_PRE_DEFINED_CURVE_FONT('continuous');
#12116 = STYLED_ITEM('color',(#12117),#998);
#12117 = PRESENTATION_STYLE_ASSIGNMENT((#12118,#12123));
#12118 = SURFACE_STYLE_USAGE(.BOTH.,#12119);
#12119 = SURFACE_SIDE_STYLE('',(#12120));
#12120 = SURFACE_STYLE_FILL_AREA(#12121);
#12121 = FILL_AREA_STYLE('',(#12122));
#12122 = FILL_AREA_STYLE_COLOUR('',#11860);
#12123 = CURVE_STYLE('',#12124,POSITIVE_LENGTH_MEASURE(0.1),#11860);
#12124 = DRAUGHTING_PRE_DEFINED_CURVE_FONT('continuous');
#12125 = STYLED_ITEM('color',(#12126),#1037);
#12126 = PRESENTATION_STYLE_ASSIGNMENT((#12127,#12132));
#12127 = SURFACE_STYLE_USAGE(.BOTH.,#12128);
#12128 = SURFACE_SIDE_STYLE('',(#12129));
#12129 = SURFACE_STYLE_FILL_AREA(#12130);
#12130 = FILL_AREA_STYLE('',(#12131));
#12131 = FILL_AREA_STYLE_COLOUR('',#11987);
#12132 = CURVE_STYLE('',#12133,POSITIVE_LENGTH_MEASURE(0.1),#11987);
#12133 = DRAUGHTING_PRE_DEFINED_CURVE_FONT('continuous');
#12134 = STYLED_ITEM('color',(#12135),#1059);
#12135 = PRESENTATION_STYLE_ASSIGNMENT((#12136,#12141));
#12136 = SURFACE_STYLE_USAGE(.BOTH.,#12137);
#12137 = SURFACE_SIDE_STYLE('',(#12138));
#12138 = SURFACE_STYLE_FILL_AREA(#12139);
#12139 = FILL_AREA_STYLE('',(#12140));
#12140 = FILL_AREA_STYLE_COLOUR('',#11860);
#12141 = CURVE_STYLE('',#12142,POSITIVE_LENGTH_MEASURE(0.1),#11860);
#12142 = DRAUGHTING_PRE_DEFINED_CURVE_FONT('continuous');
#12143 = STYLED_ITEM('color',(#12144),#1103);
#12144 = PRESENTATION_STYLE_ASSIGNMENT((#12145,#12150));
#12145 = SURFACE_STYLE_USAGE(.BOTH.,#12146);
#12146 = SURFACE_SIDE_STYLE('',(#12147));
#12147 = SURFACE_STYLE_FILL_AREA(#12148);
#12148 = FILL_AREA_STYLE('',(#12149));
#12149 = FILL_AREA_STYLE_COLOUR('',#11987);
#12150 = CURVE_STYLE('',#12151,POSITIVE_LENGTH_MEASURE(0.1),#11987);
#12151 = DRAUGHTING_PRE_DEFINED_CURVE_FONT('continuous');
#12152 = STYLED_ITEM('color',(#12153),#1178);
#12153 = PRESENTATION_STYLE_ASSIGNMENT((#12154,#12159));
#12154 = SURFACE_STYLE_USAGE(.BOTH.,#12155);
#12155 = SURFACE_SIDE_STYLE('',(#12156));
#12156 = SURFACE_STYLE_FILL_AREA(#12157);
#12157 = FILL_AREA_STYLE('',(#12158));
#12158 = FILL_AREA_STYLE_COLOUR('',#11987);
#12159 = CURVE_STYLE('',#12160,POSITIVE_LENGTH_MEASURE(0.1),#11987);
#12160 = DRAUGHTING_PRE_DEFINED_CURVE_FONT('continuous');
#12161 = STYLED_ITEM('color',(#12162),#1202);
#12162 = PRESENTATION_STYLE_ASSIGNMENT((#12163,#12168));
#12163 = SURFACE_STYLE_USAGE(.BOTH.,#12164);
#12164 = SURFACE_SIDE_STYLE('',(#12165));
#12165 = SURFACE_STYLE_FILL_AREA(#12166);
#12166 = FILL_AREA_STYLE('',(#12167));
#12167 = FILL_AREA_STYLE_COLOUR('',#11987);
#12168 = CURVE_STYLE('',#12169,POSITIVE_LENGTH_MEASURE(0.1),#11987);
#12169 = DRAUGHTING_PRE_DEFINED_CURVE_FONT('continuous');
#12170 = STYLED_ITEM('color',(#12171),#1270);
#12171 = PRESENTATION_STYLE_ASSIGNMENT((#12172,#12177));
#12172 = SURFACE_STYLE_USAGE(.BOTH.,#12173);
#12173 = SURFACE_SIDE_STYLE('',(#12174));
#12174 = SURFACE_STYLE_FILL_AREA(#12175);
#12175 = FILL_AREA_STYLE('',(#12176));
#12176 = FILL_AREA_STYLE_COLOUR('',#11860);
#12177 = CURVE_STYLE('',#12178,POSITIVE_LENGTH_MEASURE(0.1),#11860);
#12178 = DRAUGHTING_PRE_DEFINED_CURVE_FONT('continuous');
#12179 = STYLED_ITEM('color',(#12180),#1287);
#12180 = PRESENTATION_STYLE_ASSIGNMENT((#12181,#12186));
#12181 = SURFACE_STYLE_USAGE(.BOTH.,#12182);
#12182 = SURFACE_SIDE_STYLE('',(#12183));
#12183 = SURFACE_STYLE_FILL_AREA(#12184);
#12184 = FILL_AREA_STYLE('',(#12185));
#12185 = FILL_AREA_STYLE_COLOUR('',#11987);
#12186 = CURVE_STYLE('',#12187,POSITIVE_LENGTH_MEASURE(0.1),#11987);
#12187 = DRAUGHTING_PRE_DEFINED_CURVE_FONT('continuous');
#12188 = STYLED_ITEM('color',(#12189),#1362);
#12189 = PRESENTATION_STYLE_ASSIGNMENT((#12190,#12195));
#12190 = SURFACE_STYLE_USAGE(.BOTH.,#12191);
#12191 = SURFACE_SIDE_STYLE('',(#12192));
#12192 = SURFACE_STYLE_FILL_AREA(#12193);
#12193 = FILL_AREA_STYLE('',(#12194));
#12194 = FILL_AREA_STYLE_COLOUR('',#11987);
#12195 = CURVE_STYLE('',#12196,POSITIVE_LENGTH_MEASURE(0.1),#11987);
#12196 = DRAUGHTING_PRE_DEFINED_CURVE_FONT('continuous');
#12197 = STYLED_ITEM('color',(#12198),#1386);
#12198 = PRESENTATION_STYLE_ASSIGNMENT((#12199,#12204));
#12199 = SURFACE_STYLE_USAGE(.BOTH.,#12200);
#12200 = SURFACE_SIDE_STYLE('',(#12201));
#12201 = SURFACE_STYLE_FILL_AREA(#12202);
#12202 = FILL_AREA_STYLE('',(#12203));
#12203 = FILL_AREA_STYLE_COLOUR('',#11987);
#12204 = CURVE_STYLE('',#12205,POSITIVE_LENGTH_MEASURE(0.1),#11987);
#12205 = DRAUGHTING_PRE_DEFINED_CURVE_FONT('continuous');
#12206 = STYLED_ITEM('color',(#12207),#1454);
#12207 = PRESENTATION_STYLE_ASSIGNMENT((#12208,#12213));
#12208 = SURFACE_STYLE_USAGE(.BOTH.,#12209);
#12209 = SURFACE_SIDE_STYLE('',(#12210));
#12210 = SURFACE_STYLE_FILL_AREA(#12211);
#12211 = FILL_AREA_STYLE('',(#12212));
#12212 = FILL_AREA_STYLE_COLOUR('',#11987);
#12213 = CURVE_STYLE('',#12214,POSITIVE_LENGTH_MEASURE(0.1),#11987);
#12214 = DRAUGHTING_PRE_DEFINED_CURVE_FONT('continuous');
#12215 = STYLED_ITEM('color',(#12216),#1529);
#12216 = PRESENTATION_STYLE_ASSIGNMENT((#12217,#12222));
#12217 = SURFACE_STYLE_USAGE(.BOTH.,#12218);
#12218 = SURFACE_SIDE_STYLE('',(#12219));
#12219 = SURFACE_STYLE_FILL_AREA(#12220);
#12220 = FILL_AREA_STYLE('',(#12221));
#12221 = FILL_AREA_STYLE_COLOUR('',#11987);
#12222 = CURVE_STYLE('',#12223,POSITIVE_LENGTH_MEASURE(0.1),#11987);
#12223 = DRAUGHTING_PRE_DEFINED_CURVE_FONT('continuous');
#12224 = STYLED_ITEM('color',(#12225),#1553);
#12225 = PRESENTATION_STYLE_ASSIGNMENT((#12226,#12231));
#12226 = SURFACE_STYLE_USAGE(.BOTH.,#12227);
#12227 = SURFACE_SIDE_STYLE('',(#12228));
#12228 = SURFACE_STYLE_FILL_AREA(#12229);
#12229 = FILL_AREA_STYLE('',(#12230));
#12230 = FILL_AREA_STYLE_COLOUR('',#11987);
#12231 = CURVE_STYLE('',#12232,POSITIVE_LENGTH_MEASURE(0.1),#11987);
#12232 = DRAUGHTING_PRE_DEFINED_CURVE_FONT('continuous');
#12233 = STYLED_ITEM('color',(#12234),#1621);
#12234 = PRESENTATION_STYLE_ASSIGNMENT((#12235,#12240));
#12235 = SURFACE_STYLE_USAGE(.BOTH.,#12236);
#12236 = SURFACE_SIDE_STYLE('',(#12237));
#12237 = SURFACE_STYLE_FILL_AREA(#12238);
#12238 = FILL_AREA_STYLE('',(#12239));
#12239 = FILL_AREA_STYLE_COLOUR('',#11987);
#12240 = CURVE_STYLE('',#12241,POSITIVE_LENGTH_MEASURE(0.1),#11987);
#12241 = DRAUGHTING_PRE_DEFINED_CURVE_FONT('continuous');
#12242 = STYLED_ITEM('color',(#12243),#1638);
#12243 = PRESENTATION_STYLE_ASSIGNMENT((#12244,#12249));
#12244 = SURFACE_STYLE_USAGE(.BOTH.,#12245);
#12245 = SURFACE_SIDE_STYLE('',(#12246));
#12246 = SURFACE_STYLE_FILL_AREA(#12247);
#12247 = FILL_AREA_STYLE('',(#12248));
#12248 = FILL_AREA_STYLE_COLOUR('',#11987);
#12249 = CURVE_STYLE('',#12250,POSITIVE_LENGTH_MEASURE(0.1),#11987);
#12250 = DRAUGHTING_PRE_DEFINED_CURVE_FONT('continuous');
#12251 = STYLED_ITEM('color',(#12252),#1655);
#12252 = PRESENTATION_STYLE_ASSIGNMENT((#12253,#12258));
#12253 = SURFACE_STYLE_USAGE(.BOTH.,#12254);
#12254 = SURFACE_SIDE_STYLE('',(#12255));
#12255 = SURFACE_STYLE_FILL_AREA(#12256);
#12256 = FILL_AREA_STYLE('',(#12257));
#12257 = FILL_AREA_STYLE_COLOUR('',#11860);
#12258 = CURVE_STYLE('',#12259,POSITIVE_LENGTH_MEASURE(0.1),#11860);
#12259 = DRAUGHTING_PRE_DEFINED_CURVE_FONT('continuous');
#12260 = STYLED_ITEM('color',(#12261),#1701);
#12261 = PRESENTATION_STYLE_ASSIGNMENT((#12262,#12267));
#12262 = SURFACE_STYLE_USAGE(.BOTH.,#12263);
#12263 = SURFACE_SIDE_STYLE('',(#12264));
#12264 = SURFACE_STYLE_FILL_AREA(#12265);
#12265 = FILL_AREA_STYLE('',(#12266));
#12266 = FILL_AREA_STYLE_COLOUR('',#11860);
#12267 = CURVE_STYLE('',#12268,POSITIVE_LENGTH_MEASURE(0.1),#11860);
#12268 = DRAUGHTING_PRE_DEFINED_CURVE_FONT('continuous');
#12269 = STYLED_ITEM('color',(#12270),#1717);
#12270 = PRESENTATION_STYLE_ASSIGNMENT((#12271,#12276));
#12271 = SURFACE_STYLE_USAGE(.BOTH.,#12272);
#12272 = SURFACE_SIDE_STYLE('',(#12273));
#12273 = SURFACE_STYLE_FILL_AREA(#12274);
#12274 = FILL_AREA_STYLE('',(#12275));
#12275 = FILL_AREA_STYLE_COLOUR('',#11860);
#12276 = CURVE_STYLE('',#12277,POSITIVE_LENGTH_MEASURE(0.1),#11860);
#12277 = DRAUGHTING_PRE_DEFINED_CURVE_FONT('continuous');
#12278 = STYLED_ITEM('color',(#12279),#1733);
#12279 = PRESENTATION_STYLE_ASSIGNMENT((#12280,#12285));
#12280 = SURFACE_STYLE_USAGE(.BOTH.,#12281);
#12281 = SURFACE_SIDE_STYLE('',(#12282));
#12282 = SURFACE_STYLE_FILL_AREA(#12283);
#12283 = FILL_AREA_STYLE('',(#12284));
#12284 = FILL_AREA_STYLE_COLOUR('',#11987);
#12285 = CURVE_STYLE('',#12286,POSITIVE_LENGTH_MEASURE(0.1),#11987);
#12286 = DRAUGHTING_PRE_DEFINED_CURVE_FONT('continuous');
#12287 = STYLED_ITEM('color',(#12288),#1750);
#12288 = PRESENTATION_STYLE_ASSIGNMENT((#12289,#12294));
#12289 = SURFACE_STYLE_USAGE(.BOTH.,#12290);
#12290 = SURFACE_SIDE_STYLE('',(#12291));
#12291 = SURFACE_STYLE_FILL_AREA(#12292);
#12292 = FILL_AREA_STYLE('',(#12293));
#12293 = FILL_AREA_STYLE_COLOUR('',#11860);
#12294 = CURVE_STYLE('',#12295,POSITIVE_LENGTH_MEASURE(0.1),#11860);
#12295 = DRAUGHTING_PRE_DEFINED_CURVE_FONT('continuous');
#12296 = STYLED_ITEM('color',(#12297),#1762);
#12297 = PRESENTATION_STYLE_ASSIGNMENT((#12298,#12303));
#12298 = SURFACE_STYLE_USAGE(.BOTH.,#12299);
#12299 = SURFACE_SIDE_STYLE('',(#12300));
#12300 = SURFACE_STYLE_FILL_AREA(#12301);
#12301 = FILL_AREA_STYLE('',(#12302));
#12302 = FILL_AREA_STYLE_COLOUR('',#11987);
#12303 = CURVE_STYLE('',#12304,POSITIVE_LENGTH_MEASURE(0.1),#11987);
#12304 = DRAUGHTING_PRE_DEFINED_CURVE_FONT('continuous');
#12305 = STYLED_ITEM('color',(#12306),#1779);
#12306 = PRESENTATION_STYLE_ASSIGNMENT((#12307,#12312));
#12307 = SURFACE_STYLE_USAGE(.BOTH.,#12308);
#12308 = SURFACE_SIDE_STYLE('',(#12309));
#12309 = SURFACE_STYLE_FILL_AREA(#12310);
#12310 = FILL_AREA_STYLE('',(#12311));
#12311 = FILL_AREA_STYLE_COLOUR('',#11987);
#12312 = CURVE_STYLE('',#12313,POSITIVE_LENGTH_MEASURE(0.1),#11987);
#12313 = DRAUGHTING_PRE_DEFINED_CURVE_FONT('continuous');
#12314 = STYLED_ITEM('color',(#12315),#1796);
#12315 = PRESENTATION_STYLE_ASSIGNMENT((#12316,#12321));
#12316 = SURFACE_STYLE_USAGE(.BOTH.,#12317);
#12317 = SURFACE_SIDE_STYLE('',(#12318));
#12318 = SURFACE_STYLE_FILL_AREA(#12319);
#12319 = FILL_AREA_STYLE('',(#12320));
#12320 = FILL_AREA_STYLE_COLOUR('',#11987);
#12321 = CURVE_STYLE('',#12322,POSITIVE_LENGTH_MEASURE(0.1),#11987);
#12322 = DRAUGHTING_PRE_DEFINED_CURVE_FONT('continuous');
#12323 = STYLED_ITEM('color',(#12324),#1813);
#12324 = PRESENTATION_STYLE_ASSIGNMENT((#12325,#12330));
#12325 = SURFACE_STYLE_USAGE(.BOTH.,#12326);
#12326 = SURFACE_SIDE_STYLE('',(#12327));
#12327 = SURFACE_STYLE_FILL_AREA(#12328);
#12328 = FILL_AREA_STYLE('',(#12329));
#12329 = FILL_AREA_STYLE_COLOUR('',#11987);
#12330 = CURVE_STYLE('',#12331,POSITIVE_LENGTH_MEASURE(0.1),#11987);
#12331 = DRAUGHTING_PRE_DEFINED_CURVE_FONT('continuous');
#12332 = STYLED_ITEM('color',(#12333),#1830);
#12333 = PRESENTATION_STYLE_ASSIGNMENT((#12334,#12339));
#12334 = SURFACE_STYLE_USAGE(.BOTH.,#12335);
#12335 = SURFACE_SIDE_STYLE('',(#12336));
#12336 = SURFACE_STYLE_FILL_AREA(#12337);
#12337 = FILL_AREA_STYLE('',(#12338));
#12338 = FILL_AREA_STYLE_COLOUR('',#11987);
#12339 = CURVE_STYLE('',#12340,POSITIVE_LENGTH_MEASURE(0.1),#11987);
#12340 = DRAUGHTING_PRE_DEFINED_CURVE_FONT('continuous');
#12341 = STYLED_ITEM('color',(#12342),#1847);
#12342 = PRESENTATION_STYLE_ASSIGNMENT((#12343,#12348));
#12343 = SURFACE_STYLE_USAGE(.BOTH.,#12344);
#12344 = SURFACE_SIDE_STYLE('',(#12345));
#12345 = SURFACE_STYLE_FILL_AREA(#12346);
#12346 = FILL_AREA_STYLE('',(#12347));
#12347 = FILL_AREA_STYLE_COLOUR('',#11987);
#12348 = CURVE_STYLE('',#12349,POSITIVE_LENGTH_MEASURE(0.1),#11987);
#12349 = DRAUGHTING_PRE_DEFINED_CURVE_FONT('continuous');
#12350 = STYLED_ITEM('color',(#12351),#1864);
#12351 = PRESENTATION_STYLE_ASSIGNMENT((#12352,#12357));
#12352 = SURFACE_STYLE_USAGE(.BOTH.,#12353);
#12353 = SURFACE_SIDE_STYLE('',(#12354));
#12354 = SURFACE_STYLE_FILL_AREA(#12355);
#12355 = FILL_AREA_STYLE('',(#12356));
#12356 = FILL_AREA_STYLE_COLOUR('',#11987);
#12357 = CURVE_STYLE('',#12358,POSITIVE_LENGTH_MEASURE(0.1),#11987);
#12358 = DRAUGHTING_PRE_DEFINED_CURVE_FONT('continuous');
#12359 = STYLED_ITEM('color',(#12360),#1876);
#12360 = PRESENTATION_STYLE_ASSIGNMENT((#12361,#12366));
#12361 = SURFACE_STYLE_USAGE(.BOTH.,#12362);
#12362 = SURFACE_SIDE_STYLE('',(#12363));
#12363 = SURFACE_STYLE_FILL_AREA(#12364);
#12364 = FILL_AREA_STYLE('',(#12365));
#12365 = FILL_AREA_STYLE_COLOUR('',#11987);
#12366 = CURVE_STYLE('',#12367,POSITIVE_LENGTH_MEASURE(0.1),#11987);
#12367 = DRAUGHTING_PRE_DEFINED_CURVE_FONT('continuous');
#12368 = STYLED_ITEM('color',(#12369),#1893);
#12369 = PRESENTATION_STYLE_ASSIGNMENT((#12370,#12375));
#12370 = SURFACE_STYLE_USAGE(.BOTH.,#12371);
#12371 = SURFACE_SIDE_STYLE('',(#12372));
#12372 = SURFACE_STYLE_FILL_AREA(#12373);
#12373 = FILL_AREA_STYLE('',(#12374));
#12374 = FILL_AREA_STYLE_COLOUR('',#11987);
#12375 = CURVE_STYLE('',#12376,POSITIVE_LENGTH_MEASURE(0.1),#11987);
#12376 = DRAUGHTING_PRE_DEFINED_CURVE_FONT('continuous');
#12377 = STYLED_ITEM('color',(#12378),#1910);
#12378 = PRESENTATION_STYLE_ASSIGNMENT((#12379,#12384));
#12379 = SURFACE_STYLE_USAGE(.BOTH.,#12380);
#12380 = SURFACE_SIDE_STYLE('',(#12381));
#12381 = SURFACE_STYLE_FILL_AREA(#12382);
#12382 = FILL_AREA_STYLE('',(#12383));
#12383 = FILL_AREA_STYLE_COLOUR('',#11987);
#12384 = CURVE_STYLE('',#12385,POSITIVE_LENGTH_MEASURE(0.1),#11987);
#12385 = DRAUGHTING_PRE_DEFINED_CURVE_FONT('continuous');
#12386 = STYLED_ITEM('color',(#12387),#1927);
#12387 = PRESENTATION_STYLE_ASSIGNMENT((#12388,#12393));
#12388 = SURFACE_STYLE_USAGE(.BOTH.,#12389);
#12389 = SURFACE_SIDE_STYLE('',(#12390));
#12390 = SURFACE_STYLE_FILL_AREA(#12391);
#12391 = FILL_AREA_STYLE('',(#12392));
#12392 = FILL_AREA_STYLE_COLOUR('',#11987);
#12393 = CURVE_STYLE('',#12394,POSITIVE_LENGTH_MEASURE(0.1),#11987);
#12394 = DRAUGHTING_PRE_DEFINED_CURVE_FONT('continuous');
#12395 = STYLED_ITEM('color',(#12396),#1944);
#12396 = PRESENTATION_STYLE_ASSIGNMENT((#12397,#12402));
#12397 = SURFACE_STYLE_USAGE(.BOTH.,#12398);
#12398 = SURFACE_SIDE_STYLE('',(#12399));
#12399 = SURFACE_STYLE_FILL_AREA(#12400);
#12400 = FILL_AREA_STYLE('',(#12401));
#12401 = FILL_AREA_STYLE_COLOUR('',#11987);
#12402 = CURVE_STYLE('',#12403,POSITIVE_LENGTH_MEASURE(0.1),#11987);
#12403 = DRAUGHTING_PRE_DEFINED_CURVE_FONT('continuous');
#12404 = STYLED_ITEM('color',(#12405),#1961);
#12405 = PRESENTATION_STYLE_ASSIGNMENT((#12406,#12411));
#12406 = SURFACE_STYLE_USAGE(.BOTH.,#12407);
#12407 = SURFACE_SIDE_STYLE('',(#12408));
#12408 = SURFACE_STYLE_FILL_AREA(#12409);
#12409 = FILL_AREA_STYLE('',(#12410));
#12410 = FILL_AREA_STYLE_COLOUR('',#11987);
#12411 = CURVE_STYLE('',#12412,POSITIVE_LENGTH_MEASURE(0.1),#11987);
#12412 = DRAUGHTING_PRE_DEFINED_CURVE_FONT('continuous');
#12413 = STYLED_ITEM('color',(#12414),#1973);
#12414 = PRESENTATION_STYLE_ASSIGNMENT((#12415,#12420));
#12415 = SURFACE_STYLE_USAGE(.BOTH.,#12416);
#12416 = SURFACE_SIDE_STYLE('',(#12417));
#12417 = SURFACE_STYLE_FILL_AREA(#12418);
#12418 = FILL_AREA_STYLE('',(#12419));
#12419 = FILL_AREA_STYLE_COLOUR('',#11987);
#12420 = CURVE_STYLE('',#12421,POSITIVE_LENGTH_MEASURE(0.1),#11987);
#12421 = DRAUGHTING_PRE_DEFINED_CURVE_FONT('continuous');
#12422 = STYLED_ITEM('color',(#12423),#1990);
#12423 = PRESENTATION_STYLE_ASSIGNMENT((#12424,#12429));
#12424 = SURFACE_STYLE_USAGE(.BOTH.,#12425);
#12425 = SURFACE_SIDE_STYLE('',(#12426));
#12426 = SURFACE_STYLE_FILL_AREA(#12427);
#12427 = FILL_AREA_STYLE('',(#12428));
#12428 = FILL_AREA_STYLE_COLOUR('',#11987);
#12429 = CURVE_STYLE('',#12430,POSITIVE_LENGTH_MEASURE(0.1),#11987);
#12430 = DRAUGHTING_PRE_DEFINED_CURVE_FONT('continuous');
#12431 = STYLED_ITEM('color',(#12432),#2007);
#12432 = PRESENTATION_STYLE_ASSIGNMENT((#12433,#12438));
#12433 = SURFACE_STYLE_USAGE(.BOTH.,#12434);
#12434 = SURFACE_SIDE_STYLE('',(#12435));
#12435 = SURFACE_STYLE_FILL_AREA(#12436);
#12436 = FILL_AREA_STYLE('',(#12437));
#12437 = FILL_AREA_STYLE_COLOUR('',#11987);
#12438 = CURVE_STYLE('',#12439,POSITIVE_LENGTH_MEASURE(0.1),#11987);
#12439 = DRAUGHTING_PRE_DEFINED_CURVE_FONT('continuous');
#12440 = STYLED_ITEM('color',(#12441),#2024);
#12441 = PRESENTATION_STYLE_ASSIGNMENT((#12442,#12447));
#12442 = SURFACE_STYLE_USAGE(.BOTH.,#12443);
#12443 = SURFACE_SIDE_STYLE('',(#12444));
#12444 = SURFACE_STYLE_FILL_AREA(#12445);
#12445 = FILL_AREA_STYLE('',(#12446));
#12446 = FILL_AREA_STYLE_COLOUR('',#11987);
#12447 = CURVE_STYLE('',#12448,POSITIVE_LENGTH_MEASURE(0.1),#11987);
#12448 = DRAUGHTING_PRE_DEFINED_CURVE_FONT('continuous');
#12449 = STYLED_ITEM('color',(#12450),#2041);
#12450 = PRESENTATION_STYLE_ASSIGNMENT((#12451,#12456));
#12451 = SURFACE_STYLE_USAGE(.BOTH.,#12452);
#12452 = SURFACE_SIDE_STYLE('',(#12453));
#12453 = SURFACE_STYLE_FILL_AREA(#12454);
#12454 = FILL_AREA_STYLE('',(#12455));
#12455 = FILL_AREA_STYLE_COLOUR('',#11987);
#12456 = CURVE_STYLE('',#12457,POSITIVE_LENGTH_MEASURE(0.1),#11987);
#12457 = DRAUGHTING_PRE_DEFINED_CURVE_FONT('continuous');
#12458 = STYLED_ITEM('color',(#12459),#2058);
#12459 = PRESENTATION_STYLE_ASSIGNMENT((#12460,#12465));
#12460 = SURFACE_STYLE_USAGE(.BOTH.,#12461);
#12461 = SURFACE_SIDE_STYLE('',(#12462));
#12462 = SURFACE_STYLE_FILL_AREA(#12463);
#12463 = FILL_AREA_STYLE('',(#12464));
#12464 = FILL_AREA_STYLE_COLOUR('',#11987);
#12465 = CURVE_STYLE('',#12466,POSITIVE_LENGTH_MEASURE(0.1),#11987);
#12466 = DRAUGHTING_PRE_DEFINED_CURVE_FONT('continuous');
#12467 = STYLED_ITEM('color',(#12468),#2070);
#12468 = PRESENTATION_STYLE_ASSIGNMENT((#12469,#12475));
#12469 = SURFACE_STYLE_USAGE(.BOTH.,#12470);
#12470 = SURFACE_SIDE_STYLE('',(#12471));
#12471 = SURFACE_STYLE_FILL_AREA(#12472);
#12472 = FILL_AREA_STYLE('',(#12473));
#12473 = FILL_AREA_STYLE_COLOUR('',#12474);
#12474 = COLOUR_RGB('',0.690999998585,0.664000007176,0.597999987832);
#12475 = CURVE_STYLE('',#12476,POSITIVE_LENGTH_MEASURE(0.1),#12474);
#12476 = DRAUGHTING_PRE_DEFINED_CURVE_FONT('continuous');
#12477 = MECHANICAL_DESIGN_GEOMETRIC_PRESENTATION_REPRESENTATION('',(
    #12478),#9694);
#12478 = STYLED_ITEM('color',(#12479),#9544);
#12479 = PRESENTATION_STYLE_ASSIGNMENT((#12480));
#12480 = SURFACE_STYLE_USAGE(.BOTH.,#12481);
#12481 = SURFACE_SIDE_STYLE('',(#12482));
#12482 = SURFACE_STYLE_FILL_AREA(#12483);
#12483 = FILL_AREA_STYLE('',(#12484));
#12484 = FILL_AREA_STYLE_COLOUR('',#12485);
#12485 = COLOUR_RGB('',0.,0.501960785193,0.);
#12486 = MECHANICAL_DESIGN_GEOMETRIC_PRESENTATION_REPRESENTATION('',(
    #12487),#8812);
#12487 = STYLED_ITEM('color',(#12488),#8522);
#12488 = PRESENTATION_STYLE_ASSIGNMENT((#12489));
#12489 = SURFACE_STYLE_USAGE(.BOTH.,#12490);
#12490 = SURFACE_SIDE_STYLE('',(#12491));
#12491 = SURFACE_STYLE_FILL_AREA(#12492);
#12492 = FILL_AREA_STYLE('',(#12493));
#12493 = FILL_AREA_STYLE_COLOUR('',#12494);
#12494 = COLOUR_RGB('',0.749019597622,0.749019597622,0.749019597622);
#12495 = MECHANICAL_DESIGN_GEOMETRIC_PRESENTATION_REPRESENTATION('',(
    #12496,#12503,#12510,#12517,#12524,#12531,#12538,#12545,#12552,
    #12559,#12566,#12574,#12581,#12588,#12595,#12602,#12609,#12616,
    #12623,#12630,#12637,#12644,#12651,#12658,#12665,#12672,#12679,
    #12686),#7473);
#12496 = STYLED_ITEM('color',(#12497),#6621);
#12497 = PRESENTATION_STYLE_ASSIGNMENT((#12498));
#12498 = SURFACE_STYLE_USAGE(.BOTH.,#12499);
#12499 = SURFACE_SIDE_STYLE('',(#12500));
#12500 = SURFACE_STYLE_FILL_AREA(#12501);
#12501 = FILL_AREA_STYLE('',(#12502));
#12502 = FILL_AREA_STYLE_COLOUR('',#11987);
#12503 = STYLED_ITEM('color',(#12504),#6697);
#12504 = PRESENTATION_STYLE_ASSIGNMENT((#12505));
#12505 = SURFACE_STYLE_USAGE(.BOTH.,#12506);
#12506 = SURFACE_SIDE_STYLE('',(#12507));
#12507 = SURFACE_STYLE_FILL_AREA(#12508);
#12508 = FILL_AREA_STYLE('',(#12509));
#12509 = FILL_AREA_STYLE_COLOUR('',#11987);
#12510 = STYLED_ITEM('color',(#12511),#6728);
#12511 = PRESENTATION_STYLE_ASSIGNMENT((#12512));
#12512 = SURFACE_STYLE_USAGE(.BOTH.,#12513);
#12513 = SURFACE_SIDE_STYLE('',(#12514));
#12514 = SURFACE_STYLE_FILL_AREA(#12515);
#12515 = FILL_AREA_STYLE('',(#12516));
#12516 = FILL_AREA_STYLE_COLOUR('',#11987);
#12517 = STYLED_ITEM('color',(#12518),#6753);
#12518 = PRESENTATION_STYLE_ASSIGNMENT((#12519));
#12519 = SURFACE_STYLE_USAGE(.BOTH.,#12520);
#12520 = SURFACE_SIDE_STYLE('',(#12521));
#12521 = SURFACE_STYLE_FILL_AREA(#12522);
#12522 = FILL_AREA_STYLE('',(#12523));
#12523 = FILL_AREA_STYLE_COLOUR('',#11987);
#12524 = STYLED_ITEM('color',(#12525),#6778);
#12525 = PRESENTATION_STYLE_ASSIGNMENT((#12526));
#12526 = SURFACE_STYLE_USAGE(.BOTH.,#12527);
#12527 = SURFACE_SIDE_STYLE('',(#12528));
#12528 = SURFACE_STYLE_FILL_AREA(#12529);
#12529 = FILL_AREA_STYLE('',(#12530));
#12530 = FILL_AREA_STYLE_COLOUR('',#11987);
#12531 = STYLED_ITEM('color',(#12532),#6802);
#12532 = PRESENTATION_STYLE_ASSIGNMENT((#12533));
#12533 = SURFACE_STYLE_USAGE(.BOTH.,#12534);
#12534 = SURFACE_SIDE_STYLE('',(#12535));
#12535 = SURFACE_STYLE_FILL_AREA(#12536);
#12536 = FILL_AREA_STYLE('',(#12537));
#12537 = FILL_AREA_STYLE_COLOUR('',#11987);
#12538 = STYLED_ITEM('color',(#12539),#6826);
#12539 = PRESENTATION_STYLE_ASSIGNMENT((#12540));
#12540 = SURFACE_STYLE_USAGE(.BOTH.,#12541);
#12541 = SURFACE_SIDE_STYLE('',(#12542));
#12542 = SURFACE_STYLE_FILL_AREA(#12543);
#12543 = FILL_AREA_STYLE('',(#12544));
#12544 = FILL_AREA_STYLE_COLOUR('',#11987);
#12545 = STYLED_ITEM('color',(#12546),#6851);
#12546 = PRESENTATION_STYLE_ASSIGNMENT((#12547));
#12547 = SURFACE_STYLE_USAGE(.BOTH.,#12548);
#12548 = SURFACE_SIDE_STYLE('',(#12549));
#12549 = SURFACE_STYLE_FILL_AREA(#12550);
#12550 = FILL_AREA_STYLE('',(#12551));
#12551 = FILL_AREA_STYLE_COLOUR('',#11987);
#12552 = STYLED_ITEM('color',(#12553),#6876);
#12553 = PRESENTATION_STYLE_ASSIGNMENT((#12554));
#12554 = SURFACE_STYLE_USAGE(.BOTH.,#12555);
#12555 = SURFACE_SIDE_STYLE('',(#12556));
#12556 = SURFACE_STYLE_FILL_AREA(#12557);
#12557 = FILL_AREA_STYLE('',(#12558));
#12558 = FILL_AREA_STYLE_COLOUR('',#11987);
#12559 = STYLED_ITEM('color',(#12560),#6893);
#12560 = PRESENTATION_STYLE_ASSIGNMENT((#12561));
#12561 = SURFACE_STYLE_USAGE(.BOTH.,#12562);
#12562 = SURFACE_SIDE_STYLE('',(#12563));
#12563 = SURFACE_STYLE_FILL_AREA(#12564);
#12564 = FILL_AREA_STYLE('',(#12565));
#12565 = FILL_AREA_STYLE_COLOUR('',#11987);
#12566 = STYLED_ITEM('color',(#12567),#6979);
#12567 = PRESENTATION_STYLE_ASSIGNMENT((#12568));
#12568 = SURFACE_STYLE_USAGE(.BOTH.,#12569);
#12569 = SURFACE_SIDE_STYLE('',(#12570));
#12570 = SURFACE_STYLE_FILL_AREA(#12571);
#12571 = FILL_AREA_STYLE('',(#12572));
#12572 = FILL_AREA_STYLE_COLOUR('',#12573);
#12573 = COLOUR_RGB('',0.379000005575,0.270000008848,0.214999999939);
#12574 = STYLED_ITEM('color',(#12575),#7011);
#12575 = PRESENTATION_STYLE_ASSIGNMENT((#12576));
#12576 = SURFACE_STYLE_USAGE(.BOTH.,#12577);
#12577 = SURFACE_SIDE_STYLE('',(#12578));
#12578 = SURFACE_STYLE_FILL_AREA(#12579);
#12579 = FILL_AREA_STYLE('',(#12580));
#12580 = FILL_AREA_STYLE_COLOUR('',#12573);
#12581 = STYLED_ITEM('color',(#12582),#7035);
#12582 = PRESENTATION_STYLE_ASSIGNMENT((#12583));
#12583 = SURFACE_STYLE_USAGE(.BOTH.,#12584);
#12584 = SURFACE_SIDE_STYLE('',(#12585));
#12585 = SURFACE_STYLE_FILL_AREA(#12586);
#12586 = FILL_AREA_STYLE('',(#12587));
#12587 = FILL_AREA_STYLE_COLOUR('',#12573);
#12588 = STYLED_ITEM('color',(#12589),#7060);
#12589 = PRESENTATION_STYLE_ASSIGNMENT((#12590));
#12590 = SURFACE_STYLE_USAGE(.BOTH.,#12591);
#12591 = SURFACE_SIDE_STYLE('',(#12592));
#12592 = SURFACE_STYLE_FILL_AREA(#12593);
#12593 = FILL_AREA_STYLE('',(#12594));
#12594 = FILL_AREA_STYLE_COLOUR('',#12573);
#12595 = STYLED_ITEM('color',(#12596),#7084);
#12596 = PRESENTATION_STYLE_ASSIGNMENT((#12597));
#12597 = SURFACE_STYLE_USAGE(.BOTH.,#12598);
#12598 = SURFACE_SIDE_STYLE('',(#12599));
#12599 = SURFACE_STYLE_FILL_AREA(#12600);
#12600 = FILL_AREA_STYLE('',(#12601));
#12601 = FILL_AREA_STYLE_COLOUR('',#12573);
#12602 = STYLED_ITEM('color',(#12603),#7109);
#12603 = PRESENTATION_STYLE_ASSIGNMENT((#12604));
#12604 = SURFACE_STYLE_USAGE(.BOTH.,#12605);
#12605 = SURFACE_SIDE_STYLE('',(#12606));
#12606 = SURFACE_STYLE_FILL_AREA(#12607);
#12607 = FILL_AREA_STYLE('',(#12608));
#12608 = FILL_AREA_STYLE_COLOUR('',#12573);
#12609 = STYLED_ITEM('color',(#12610),#7133);
#12610 = PRESENTATION_STYLE_ASSIGNMENT((#12611));
#12611 = SURFACE_STYLE_USAGE(.BOTH.,#12612);
#12612 = SURFACE_SIDE_STYLE('',(#12613));
#12613 = SURFACE_STYLE_FILL_AREA(#12614);
#12614 = FILL_AREA_STYLE('',(#12615));
#12615 = FILL_AREA_STYLE_COLOUR('',#12573);
#12616 = STYLED_ITEM('color',(#12617),#7158);
#12617 = PRESENTATION_STYLE_ASSIGNMENT((#12618));
#12618 = SURFACE_STYLE_USAGE(.BOTH.,#12619);
#12619 = SURFACE_SIDE_STYLE('',(#12620));
#12620 = SURFACE_STYLE_FILL_AREA(#12621);
#12621 = FILL_AREA_STYLE('',(#12622));
#12622 = FILL_AREA_STYLE_COLOUR('',#12573);
#12623 = STYLED_ITEM('color',(#12624),#7175);
#12624 = PRESENTATION_STYLE_ASSIGNMENT((#12625));
#12625 = SURFACE_STYLE_USAGE(.BOTH.,#12626);
#12626 = SURFACE_SIDE_STYLE('',(#12627));
#12627 = SURFACE_STYLE_FILL_AREA(#12628);
#12628 = FILL_AREA_STYLE('',(#12629));
#12629 = FILL_AREA_STYLE_COLOUR('',#11987);
#12630 = STYLED_ITEM('color',(#12631),#7261);
#12631 = PRESENTATION_STYLE_ASSIGNMENT((#12632));
#12632 = SURFACE_STYLE_USAGE(.BOTH.,#12633);
#12633 = SURFACE_SIDE_STYLE('',(#12634));
#12634 = SURFACE_STYLE_FILL_AREA(#12635);
#12635 = FILL_AREA_STYLE('',(#12636));
#12636 = FILL_AREA_STYLE_COLOUR('',#11987);
#12637 = STYLED_ITEM('color',(#12638),#7292);
#12638 = PRESENTATION_STYLE_ASSIGNMENT((#12639));
#12639 = SURFACE_STYLE_USAGE(.BOTH.,#12640);
#12640 = SURFACE_SIDE_STYLE('',(#12641));
#12641 = SURFACE_STYLE_FILL_AREA(#12642);
#12642 = FILL_AREA_STYLE('',(#12643));
#12643 = FILL_AREA_STYLE_COLOUR('',#11987);
#12644 = STYLED_ITEM('color',(#12645),#7317);
#12645 = PRESENTATION_STYLE_ASSIGNMENT((#12646));
#12646 = SURFACE_STYLE_USAGE(.BOTH.,#12647);
#12647 = SURFACE_SIDE_STYLE('',(#12648));
#12648 = SURFACE_STYLE_FILL_AREA(#12649);
#12649 = FILL_AREA_STYLE('',(#12650));
#12650 = FILL_AREA_STYLE_COLOUR('',#11987);
#12651 = STYLED_ITEM('color',(#12652),#7342);
#12652 = PRESENTATION_STYLE_ASSIGNMENT((#12653));
#12653 = SURFACE_STYLE_USAGE(.BOTH.,#12654);
#12654 = SURFACE_SIDE_STYLE('',(#12655));
#12655 = SURFACE_STYLE_FILL_AREA(#12656);
#12656 = FILL_AREA_STYLE('',(#12657));
#12657 = FILL_AREA_STYLE_COLOUR('',#11987);
#12658 = STYLED_ITEM('color',(#12659),#7366);
#12659 = PRESENTATION_STYLE_ASSIGNMENT((#12660));
#12660 = SURFACE_STYLE_USAGE(.BOTH.,#12661);
#12661 = SURFACE_SIDE_STYLE('',(#12662));
#12662 = SURFACE_STYLE_FILL_AREA(#12663);
#12663 = FILL_AREA_STYLE('',(#12664));
#12664 = FILL_AREA_STYLE_COLOUR('',#11987);
#12665 = STYLED_ITEM('color',(#12666),#7390);
#12666 = PRESENTATION_STYLE_ASSIGNMENT((#12667));
#12667 = SURFACE_STYLE_USAGE(.BOTH.,#12668);
#12668 = SURFACE_SIDE_STYLE('',(#12669));
#12669 = SURFACE_STYLE_FILL_AREA(#12670);
#12670 = FILL_AREA_STYLE('',(#12671));
#12671 = FILL_AREA_STYLE_COLOUR('',#11987);
#12672 = STYLED_ITEM('color',(#12673),#7415);
#12673 = PRESENTATION_STYLE_ASSIGNMENT((#12674));
#12674 = SURFACE_STYLE_USAGE(.BOTH.,#12675);
#12675 = SURFACE_SIDE_STYLE('',(#12676));
#12676 = SURFACE_STYLE_FILL_AREA(#12677);
#12677 = FILL_AREA_STYLE('',(#12678));
#12678 = FILL_AREA_STYLE_COLOUR('',#11987);
#12679 = STYLED_ITEM('color',(#12680),#7440);
#12680 = PRESENTATION_STYLE_ASSIGNMENT((#12681));
#12681 = SURFACE_STYLE_USAGE(.BOTH.,#12682);
#12682 = SURFACE_SIDE_STYLE('',(#12683));
#12683 = SURFACE_STYLE_FILL_AREA(#12684);
#12684 = FILL_AREA_STYLE('',(#12685));
#12685 = FILL_AREA_STYLE_COLOUR('',#11987);
#12686 = STYLED_ITEM('color',(#12687),#7457);
#12687 = PRESENTATION_STYLE_ASSIGNMENT((#12688));
#12688 = SURFACE_STYLE_USAGE(.BOTH.,#12689);
#12689 = SURFACE_SIDE_STYLE('',(#12690));
#12690 = SURFACE_STYLE_FILL_AREA(#12691);
#12691 = FILL_AREA_STYLE('',(#12692));
#12692 = FILL_AREA_STYLE_COLOUR('',#11987);
#12693 = MECHANICAL_DESIGN_GEOMETRIC_PRESENTATION_REPRESENTATION('',(
    #12694,#12701,#12708,#12715,#12722,#12729,#12736,#12743,#12750,
    #12757,#12764,#12771,#12778,#12785,#12793,#12800,#12807,#12814,
    #12821,#12828,#12835,#12842,#12849,#12856,#12863,#12870),#8282);
#12694 = STYLED_ITEM('color',(#12695),#7494);
#12695 = PRESENTATION_STYLE_ASSIGNMENT((#12696));
#12696 = SURFACE_STYLE_USAGE(.BOTH.,#12697);
#12697 = SURFACE_SIDE_STYLE('',(#12698));
#12698 = SURFACE_STYLE_FILL_AREA(#12699);
#12699 = FILL_AREA_STYLE('',(#12700));
#12700 = FILL_AREA_STYLE_COLOUR('',#11987);
#12701 = STYLED_ITEM('color',(#12702),#7534);
#12702 = PRESENTATION_STYLE_ASSIGNMENT((#12703));
#12703 = SURFACE_STYLE_USAGE(.BOTH.,#12704);
#12704 = SURFACE_SIDE_STYLE('',(#12705));
#12705 = SURFACE_STYLE_FILL_AREA(#12706);
#12706 = FILL_AREA_STYLE('',(#12707));
#12707 = FILL_AREA_STYLE_COLOUR('',#11987);
#12708 = STYLED_ITEM('color',(#12709),#7617);
#12709 = PRESENTATION_STYLE_ASSIGNMENT((#12710));
#12710 = SURFACE_STYLE_USAGE(.BOTH.,#12711);
#12711 = SURFACE_SIDE_STYLE('',(#12712));
#12712 = SURFACE_STYLE_FILL_AREA(#12713);
#12713 = FILL_AREA_STYLE('',(#12714));
#12714 = FILL_AREA_STYLE_COLOUR('',#11987);
#12715 = STYLED_ITEM('color',(#12716),#7642);
#12716 = PRESENTATION_STYLE_ASSIGNMENT((#12717));
#12717 = SURFACE_STYLE_USAGE(.BOTH.,#12718);
#12718 = SURFACE_SIDE_STYLE('',(#12719));
#12719 = SURFACE_STYLE_FILL_AREA(#12720);
#12720 = FILL_AREA_STYLE('',(#12721));
#12721 = FILL_AREA_STYLE_COLOUR('',#11987);
#12722 = STYLED_ITEM('color',(#12723),#7667);
#12723 = PRESENTATION_STYLE_ASSIGNMENT((#12724));
#12724 = SURFACE_STYLE_USAGE(.BOTH.,#12725);
#12725 = SURFACE_SIDE_STYLE('',(#12726));
#12726 = SURFACE_STYLE_FILL_AREA(#12727);
#12727 = FILL_AREA_STYLE('',(#12728));
#12728 = FILL_AREA_STYLE_COLOUR('',#11987);
#12729 = STYLED_ITEM('color',(#12730),#7734);
#12730 = PRESENTATION_STYLE_ASSIGNMENT((#12731));
#12731 = SURFACE_STYLE_USAGE(.BOTH.,#12732);
#12732 = SURFACE_SIDE_STYLE('',(#12733));
#12733 = SURFACE_STYLE_FILL_AREA(#12734);
#12734 = FILL_AREA_STYLE('',(#12735));
#12735 = FILL_AREA_STYLE_COLOUR('',#11987);
#12736 = STYLED_ITEM('color',(#12737),#7751);
#12737 = PRESENTATION_STYLE_ASSIGNMENT((#12738));
#12738 = SURFACE_STYLE_USAGE(.BOTH.,#12739);
#12739 = SURFACE_SIDE_STYLE('',(#12740));
#12740 = SURFACE_STYLE_FILL_AREA(#12741);
#12741 = FILL_AREA_STYLE('',(#12742));
#12742 = FILL_AREA_STYLE_COLOUR('',#11987);
#12743 = STYLED_ITEM('color',(#12744),#7768);
#12744 = PRESENTATION_STYLE_ASSIGNMENT((#12745));
#12745 = SURFACE_STYLE_USAGE(.BOTH.,#12746);
#12746 = SURFACE_SIDE_STYLE('',(#12747));
#12747 = SURFACE_STYLE_FILL_AREA(#12748);
#12748 = FILL_AREA_STYLE('',(#12749));
#12749 = FILL_AREA_STYLE_COLOUR('',#11506);
#12750 = STYLED_ITEM('color',(#12751),#7817);
#12751 = PRESENTATION_STYLE_ASSIGNMENT((#12752));
#12752 = SURFACE_STYLE_USAGE(.BOTH.,#12753);
#12753 = SURFACE_SIDE_STYLE('',(#12754));
#12754 = SURFACE_STYLE_FILL_AREA(#12755);
#12755 = FILL_AREA_STYLE('',(#12756));
#12756 = FILL_AREA_STYLE_COLOUR('',#11987);
#12757 = STYLED_ITEM('color',(#12758),#7834);
#12758 = PRESENTATION_STYLE_ASSIGNMENT((#12759));
#12759 = SURFACE_STYLE_USAGE(.BOTH.,#12760);
#12760 = SURFACE_SIDE_STYLE('',(#12761));
#12761 = SURFACE_STYLE_FILL_AREA(#12762);
#12762 = FILL_AREA_STYLE('',(#12763));
#12763 = FILL_AREA_STYLE_COLOUR('',#11987);
#12764 = STYLED_ITEM('color',(#12765),#7851);
#12765 = PRESENTATION_STYLE_ASSIGNMENT((#12766));
#12766 = SURFACE_STYLE_USAGE(.BOTH.,#12767);
#12767 = SURFACE_SIDE_STYLE('',(#12768));
#12768 = SURFACE_STYLE_FILL_AREA(#12769);
#12769 = FILL_AREA_STYLE('',(#12770));
#12770 = FILL_AREA_STYLE_COLOUR('',#11506);
#12771 = STYLED_ITEM('color',(#12772),#7900);
#12772 = PRESENTATION_STYLE_ASSIGNMENT((#12773));
#12773 = SURFACE_STYLE_USAGE(.BOTH.,#12774);
#12774 = SURFACE_SIDE_STYLE('',(#12775));
#12775 = SURFACE_STYLE_FILL_AREA(#12776);
#12776 = FILL_AREA_STYLE('',(#12777));
#12777 = FILL_AREA_STYLE_COLOUR('',#11506);
#12778 = STYLED_ITEM('color',(#12779),#7917);
#12779 = PRESENTATION_STYLE_ASSIGNMENT((#12780));
#12780 = SURFACE_STYLE_USAGE(.BOTH.,#12781);
#12781 = SURFACE_SIDE_STYLE('',(#12782));
#12782 = SURFACE_STYLE_FILL_AREA(#12783);
#12783 = FILL_AREA_STYLE('',(#12784));
#12784 = FILL_AREA_STYLE_COLOUR('',#11987);
#12785 = STYLED_ITEM('color',(#12786),#7986);
#12786 = PRESENTATION_STYLE_ASSIGNMENT((#12787));
#12787 = SURFACE_STYLE_USAGE(.BOTH.,#12788);
#12788 = SURFACE_SIDE_STYLE('',(#12789));
#12789 = SURFACE_STYLE_FILL_AREA(#12790);
#12790 = FILL_AREA_STYLE('',(#12791));
#12791 = FILL_AREA_STYLE_COLOUR('',#12792);
#12792 = COLOUR_RGB('',8.200000279077E-02,8.600000121357E-02,
  9.399999706163E-02);
#12793 = STYLED_ITEM('color',(#12794),#8017);
#12794 = PRESENTATION_STYLE_ASSIGNMENT((#12795));
#12795 = SURFACE_STYLE_USAGE(.BOTH.,#12796);
#12796 = SURFACE_SIDE_STYLE('',(#12797));
#12797 = SURFACE_STYLE_FILL_AREA(#12798);
#12798 = FILL_AREA_STYLE('',(#12799));
#12799 = FILL_AREA_STYLE_COLOUR('',#12792);
#12800 = STYLED_ITEM('color',(#12801),#8041);
#12801 = PRESENTATION_STYLE_ASSIGNMENT((#12802));
#12802 = SURFACE_STYLE_USAGE(.BOTH.,#12803);
#12803 = SURFACE_SIDE_STYLE('',(#12804));
#12804 = SURFACE_STYLE_FILL_AREA(#12805);
#12805 = FILL_AREA_STYLE('',(#12806));
#12806 = FILL_AREA_STYLE_COLOUR('',#11987);
#12807 = STYLED_ITEM('color',(#12808),#8110);
#12808 = PRESENTATION_STYLE_ASSIGNMENT((#12809));
#12809 = SURFACE_STYLE_USAGE(.BOTH.,#12810);
#12810 = SURFACE_SIDE_STYLE('',(#12811));
#12811 = SURFACE_STYLE_FILL_AREA(#12812);
#12812 = FILL_AREA_STYLE('',(#12813));
#12813 = FILL_AREA_STYLE_COLOUR('',#12792);
#12814 = STYLED_ITEM('color',(#12815),#8134);
#12815 = PRESENTATION_STYLE_ASSIGNMENT((#12816));
#12816 = SURFACE_STYLE_USAGE(.BOTH.,#12817);
#12817 = SURFACE_SIDE_STYLE('',(#12818));
#12818 = SURFACE_STYLE_FILL_AREA(#12819);
#12819 = FILL_AREA_STYLE('',(#12820));
#12820 = FILL_AREA_STYLE_COLOUR('',#11987);
#12821 = STYLED_ITEM('color',(#12822),#8151);
#12822 = PRESENTATION_STYLE_ASSIGNMENT((#12823));
#12823 = SURFACE_STYLE_USAGE(.BOTH.,#12824);
#12824 = SURFACE_SIDE_STYLE('',(#12825));
#12825 = SURFACE_STYLE_FILL_AREA(#12826);
#12826 = FILL_AREA_STYLE('',(#12827));
#12827 = FILL_AREA_STYLE_COLOUR('',#11987);
#12828 = STYLED_ITEM('color',(#12829),#8168);
#12829 = PRESENTATION_STYLE_ASSIGNMENT((#12830));
#12830 = SURFACE_STYLE_USAGE(.BOTH.,#12831);
#12831 = SURFACE_SIDE_STYLE('',(#12832));
#12832 = SURFACE_STYLE_FILL_AREA(#12833);
#12833 = FILL_AREA_STYLE('',(#12834));
#12834 = FILL_AREA_STYLE_COLOUR('',#11987);
#12835 = STYLED_ITEM('color',(#12836),#8185);
#12836 = PRESENTATION_STYLE_ASSIGNMENT((#12837));
#12837 = SURFACE_STYLE_USAGE(.BOTH.,#12838);
#12838 = SURFACE_SIDE_STYLE('',(#12839));
#12839 = SURFACE_STYLE_FILL_AREA(#12840);
#12840 = FILL_AREA_STYLE('',(#12841));
#12841 = FILL_AREA_STYLE_COLOUR('',#11987);
#12842 = STYLED_ITEM('color',(#12843),#8202);
#12843 = PRESENTATION_STYLE_ASSIGNMENT((#12844));
#12844 = SURFACE_STYLE_USAGE(.BOTH.,#12845);
#12845 = SURFACE_SIDE_STYLE('',(#12846));
#12846 = SURFACE_STYLE_FILL_AREA(#12847);
#12847 = FILL_AREA_STYLE('',(#12848));
#12848 = FILL_AREA_STYLE_COLOUR('',#11987);
#12849 = STYLED_ITEM('color',(#12850),#8219);
#12850 = PRESENTATION_STYLE_ASSIGNMENT((#12851));
#12851 = SURFACE_STYLE_USAGE(.BOTH.,#12852);
#12852 = SURFACE_SIDE_STYLE('',(#12853));
#12853 = SURFACE_STYLE_FILL_AREA(#12854);
#12854 = FILL_AREA_STYLE('',(#12855));
#12855 = FILL_AREA_STYLE_COLOUR('',#11987);
#12856 = STYLED_ITEM('color',(#12857),#8236);
#12857 = PRESENTATION_STYLE_ASSIGNMENT((#12858));
#12858 = SURFACE_STYLE_USAGE(.BOTH.,#12859);
#12859 = SURFACE_SIDE_STYLE('',(#12860));
#12860 = SURFACE_STYLE_FILL_AREA(#12861);
#12861 = FILL_AREA_STYLE('',(#12862));
#12862 = FILL_AREA_STYLE_COLOUR('',#11987);
#12863 = STYLED_ITEM('color',(#12864),#8253);
#12864 = PRESENTATION_STYLE_ASSIGNMENT((#12865));
#12865 = SURFACE_STYLE_USAGE(.BOTH.,#12866);
#12866 = SURFACE_SIDE_STYLE('',(#12867));
#12867 = SURFACE_STYLE_FILL_AREA(#12868);
#12868 = FILL_AREA_STYLE('',(#12869));
#12869 = FILL_AREA_STYLE_COLOUR('',#12792);
#12870 = STYLED_ITEM('color',(#12871),#8270);
#12871 = PRESENTATION_STYLE_ASSIGNMENT((#12872));
#12872 = SURFACE_STYLE_USAGE(.BOTH.,#12873);
#12873 = SURFACE_SIDE_STYLE('',(#12874));
#12874 = SURFACE_STYLE_FILL_AREA(#12875);
#12875 = FILL_AREA_STYLE('',(#12876));
#12876 = FILL_AREA_STYLE_COLOUR('',#12792);
#12877 = MECHANICAL_DESIGN_GEOMETRIC_PRESENTATION_REPRESENTATION('',(
    #12878),#8503);
#12878 = STYLED_ITEM('color',(#12879),#8345);
#12879 = PRESENTATION_STYLE_ASSIGNMENT((#12880));
#12880 = SURFACE_STYLE_USAGE(.BOTH.,#12881);
#12881 = SURFACE_SIDE_STYLE('',(#12882));
#12882 = SURFACE_STYLE_FILL_AREA(#12883);
#12883 = FILL_AREA_STYLE('',(#12884));
#12884 = FILL_AREA_STYLE_COLOUR('',#12885);
#12885 = COLOUR_RGB('',0.988235296747,0.976470577825,0.952941189437);
#12886 = MECHANICAL_DESIGN_GEOMETRIC_PRESENTATION_REPRESENTATION('',(
    #12887,#12895,#12902,#12909,#12916,#12923,#12930,#12937,#12944,
    #12951,#12958,#12965,#12972,#12979,#12986,#12993,#13000,#13007,
    #13014,#13021,#13028,#13035,#13042,#13049,#13056,#13063,#13070,
    #13077,#13084,#13091,#13098,#13105,#13112,#13119,#13126,#13133,
    #13140,#13147,#13154,#13161,#13168,#13175,#13182,#13189,#13196,
    #13203,#13210,#13217,#13224,#13231,#13238,#13245,#13252,#13259,
    #13266,#13273,#13280,#13287,#13294,#13301,#13308,#13316,#13323,
    #13330,#13337,#13344,#13351,#13358,#13365,#13372,#13379,#13386,
    #13393,#13400,#13407,#13414,#13421,#13428),#6600);
#12887 = STYLED_ITEM('color',(#12888),#3640);
#12888 = PRESENTATION_STYLE_ASSIGNMENT((#12889));
#12889 = SURFACE_STYLE_USAGE(.BOTH.,#12890);
#12890 = SURFACE_SIDE_STYLE('',(#12891));
#12891 = SURFACE_STYLE_FILL_AREA(#12892);
#12892 = FILL_AREA_STYLE('',(#12893));
#12893 = FILL_AREA_STYLE_COLOUR('',#12894);
#12894 = COLOUR_RGB('',0.803921566584,0.803921566584,0.803921566584);
#12895 = OVER_RIDING_STYLED_ITEM('overriding color',(#12896),#3642,
  #12887);
#12896 = PRESENTATION_STYLE_ASSIGNMENT((#12897));
#12897 = SURFACE_STYLE_USAGE(.BOTH.,#12898);
#12898 = SURFACE_SIDE_STYLE('',(#12899));
#12899 = SURFACE_STYLE_FILL_AREA(#12900);
#12900 = FILL_AREA_STYLE('',(#12901));
#12901 = FILL_AREA_STYLE_COLOUR('',#12894);
#12902 = OVER_RIDING_STYLED_ITEM('overriding color',(#12903),#3684,
  #12887);
#12903 = PRESENTATION_STYLE_ASSIGNMENT((#12904));
#12904 = SURFACE_STYLE_USAGE(.BOTH.,#12905);
#12905 = SURFACE_SIDE_STYLE('',(#12906));
#12906 = SURFACE_STYLE_FILL_AREA(#12907);
#12907 = FILL_AREA_STYLE('',(#12908));
#12908 = FILL_AREA_STYLE_COLOUR('',#12894);
#12909 = OVER_RIDING_STYLED_ITEM('overriding color',(#12910),#3715,
  #12887);
#12910 = PRESENTATION_STYLE_ASSIGNMENT((#12911));
#12911 = SURFACE_STYLE_USAGE(.BOTH.,#12912);
#12912 = SURFACE_SIDE_STYLE('',(#12913));
#12913 = SURFACE_STYLE_FILL_AREA(#12914);
#12914 = FILL_AREA_STYLE('',(#12915));
#12915 = FILL_AREA_STYLE_COLOUR('',#12894);
#12916 = OVER_RIDING_STYLED_ITEM('overriding color',(#12917),#3748,
  #12887);
#12917 = PRESENTATION_STYLE_ASSIGNMENT((#12918));
#12918 = SURFACE_STYLE_USAGE(.BOTH.,#12919);
#12919 = SURFACE_SIDE_STYLE('',(#12920));
#12920 = SURFACE_STYLE_FILL_AREA(#12921);
#12921 = FILL_AREA_STYLE('',(#12922));
#12922 = FILL_AREA_STYLE_COLOUR('',#12894);
#12923 = OVER_RIDING_STYLED_ITEM('overriding color',(#12924),#3779,
  #12887);
#12924 = PRESENTATION_STYLE_ASSIGNMENT((#12925));
#12925 = SURFACE_STYLE_USAGE(.BOTH.,#12926);
#12926 = SURFACE_SIDE_STYLE('',(#12927));
#12927 = SURFACE_STYLE_FILL_AREA(#12928);
#12928 = FILL_AREA_STYLE('',(#12929));
#12929 = FILL_AREA_STYLE_COLOUR('',#12894);
#12930 = OVER_RIDING_STYLED_ITEM('overriding color',(#12931),#3810,
  #12887);
#12931 = PRESENTATION_STYLE_ASSIGNMENT((#12932));
#12932 = SURFACE_STYLE_USAGE(.BOTH.,#12933);
#12933 = SURFACE_SIDE_STYLE('',(#12934));
#12934 = SURFACE_STYLE_FILL_AREA(#12935);
#12935 = FILL_AREA_STYLE('',(#12936));
#12936 = FILL_AREA_STYLE_COLOUR('',#12894);
#12937 = OVER_RIDING_STYLED_ITEM('overriding color',(#12938),#3841,
  #12887);
#12938 = PRESENTATION_STYLE_ASSIGNMENT((#12939));
#12939 = SURFACE_STYLE_USAGE(.BOTH.,#12940);
#12940 = SURFACE_SIDE_STYLE('',(#12941));
#12941 = SURFACE_STYLE_FILL_AREA(#12942);
#12942 = FILL_AREA_STYLE('',(#12943));
#12943 = FILL_AREA_STYLE_COLOUR('',#12894);
#12944 = OVER_RIDING_STYLED_ITEM('overriding color',(#12945),#3874,
  #12887);
#12945 = PRESENTATION_STYLE_ASSIGNMENT((#12946));
#12946 = SURFACE_STYLE_USAGE(.BOTH.,#12947);
#12947 = SURFACE_SIDE_STYLE('',(#12948));
#12948 = SURFACE_STYLE_FILL_AREA(#12949);
#12949 = FILL_AREA_STYLE('',(#12950));
#12950 = FILL_AREA_STYLE_COLOUR('',#12894);
#12951 = OVER_RIDING_STYLED_ITEM('overriding color',(#12952),#3905,
  #12887);
#12952 = PRESENTATION_STYLE_ASSIGNMENT((#12953));
#12953 = SURFACE_STYLE_USAGE(.BOTH.,#12954);
#12954 = SURFACE_SIDE_STYLE('',(#12955));
#12955 = SURFACE_STYLE_FILL_AREA(#12956);
#12956 = FILL_AREA_STYLE('',(#12957));
#12957 = FILL_AREA_STYLE_COLOUR('',#12894);
#12958 = OVER_RIDING_STYLED_ITEM('overriding color',(#12959),#3938,
  #12887);
#12959 = PRESENTATION_STYLE_ASSIGNMENT((#12960));
#12960 = SURFACE_STYLE_USAGE(.BOTH.,#12961);
#12961 = SURFACE_SIDE_STYLE('',(#12962));
#12962 = SURFACE_STYLE_FILL_AREA(#12963);
#12963 = FILL_AREA_STYLE('',(#12964));
#12964 = FILL_AREA_STYLE_COLOUR('',#12894);
#12965 = OVER_RIDING_STYLED_ITEM('overriding color',(#12966),#3969,
  #12887);
#12966 = PRESENTATION_STYLE_ASSIGNMENT((#12967));
#12967 = SURFACE_STYLE_USAGE(.BOTH.,#12968);
#12968 = SURFACE_SIDE_STYLE('',(#12969));
#12969 = SURFACE_STYLE_FILL_AREA(#12970);
#12970 = FILL_AREA_STYLE('',(#12971));
#12971 = FILL_AREA_STYLE_COLOUR('',#12894);
#12972 = OVER_RIDING_STYLED_ITEM('overriding color',(#12973),#4000,
  #12887);
#12973 = PRESENTATION_STYLE_ASSIGNMENT((#12974));
#12974 = SURFACE_STYLE_USAGE(.BOTH.,#12975);
#12975 = SURFACE_SIDE_STYLE('',(#12976));
#12976 = SURFACE_STYLE_FILL_AREA(#12977);
#12977 = FILL_AREA_STYLE('',(#12978));
#12978 = FILL_AREA_STYLE_COLOUR('',#12894);
#12979 = OVER_RIDING_STYLED_ITEM('overriding color',(#12980),#4022,
  #12887);
#12980 = PRESENTATION_STYLE_ASSIGNMENT((#12981));
#12981 = SURFACE_STYLE_USAGE(.BOTH.,#12982);
#12982 = SURFACE_SIDE_STYLE('',(#12983));
#12983 = SURFACE_STYLE_FILL_AREA(#12984);
#12984 = FILL_AREA_STYLE('',(#12985));
#12985 = FILL_AREA_STYLE_COLOUR('',#12894);
#12986 = OVER_RIDING_STYLED_ITEM('overriding color',(#12987),#4042,
  #12887);
#12987 = PRESENTATION_STYLE_ASSIGNMENT((#12988));
#12988 = SURFACE_STYLE_USAGE(.BOTH.,#12989);
#12989 = SURFACE_SIDE_STYLE('',(#12990));
#12990 = SURFACE_STYLE_FILL_AREA(#12991);
#12991 = FILL_AREA_STYLE('',(#12992));
#12992 = FILL_AREA_STYLE_COLOUR('',#12894);
#12993 = STYLED_ITEM('color',(#12994),#4062);
#12994 = PRESENTATION_STYLE_ASSIGNMENT((#12995));
#12995 = SURFACE_STYLE_USAGE(.BOTH.,#12996);
#12996 = SURFACE_SIDE_STYLE('',(#12997));
#12997 = SURFACE_STYLE_FILL_AREA(#12998);
#12998 = FILL_AREA_STYLE('',(#12999));
#12999 = FILL_AREA_STYLE_COLOUR('',#12894);
#13000 = OVER_RIDING_STYLED_ITEM('overriding color',(#13001),#4064,
  #12993);
#13001 = PRESENTATION_STYLE_ASSIGNMENT((#13002));
#13002 = SURFACE_STYLE_USAGE(.BOTH.,#13003);
#13003 = SURFACE_SIDE_STYLE('',(#13004));
#13004 = SURFACE_STYLE_FILL_AREA(#13005);
#13005 = FILL_AREA_STYLE('',(#13006));
#13006 = FILL_AREA_STYLE_COLOUR('',#12894);
#13007 = OVER_RIDING_STYLED_ITEM('overriding color',(#13008),#4106,
  #12993);
#13008 = PRESENTATION_STYLE_ASSIGNMENT((#13009));
#13009 = SURFACE_STYLE_USAGE(.BOTH.,#13010);
#13010 = SURFACE_SIDE_STYLE('',(#13011));
#13011 = SURFACE_STYLE_FILL_AREA(#13012);
#13012 = FILL_AREA_STYLE('',(#13013));
#13013 = FILL_AREA_STYLE_COLOUR('',#12894);
#13014 = OVER_RIDING_STYLED_ITEM('overriding color',(#13015),#4137,
  #12993);
#13015 = PRESENTATION_STYLE_ASSIGNMENT((#13016));
#13016 = SURFACE_STYLE_USAGE(.BOTH.,#13017);
#13017 = SURFACE_SIDE_STYLE('',(#13018));
#13018 = SURFACE_STYLE_FILL_AREA(#13019);
#13019 = FILL_AREA_STYLE('',(#13020));
#13020 = FILL_AREA_STYLE_COLOUR('',#12894);
#13021 = OVER_RIDING_STYLED_ITEM('overriding color',(#13022),#4170,
  #12993);
#13022 = PRESENTATION_STYLE_ASSIGNMENT((#13023));
#13023 = SURFACE_STYLE_USAGE(.BOTH.,#13024);
#13024 = SURFACE_SIDE_STYLE('',(#13025));
#13025 = SURFACE_STYLE_FILL_AREA(#13026);
#13026 = FILL_AREA_STYLE('',(#13027));
#13027 = FILL_AREA_STYLE_COLOUR('',#12894);
#13028 = OVER_RIDING_STYLED_ITEM('overriding color',(#13029),#4201,
  #12993);
#13029 = PRESENTATION_STYLE_ASSIGNMENT((#13030));
#13030 = SURFACE_STYLE_USAGE(.BOTH.,#13031);
#13031 = SURFACE_SIDE_STYLE('',(#13032));
#13032 = SURFACE_STYLE_FILL_AREA(#13033);
#13033 = FILL_AREA_STYLE('',(#13034));
#13034 = FILL_AREA_STYLE_COLOUR('',#12894);
#13035 = OVER_RIDING_STYLED_ITEM('overriding color',(#13036),#4232,
  #12993);
#13036 = PRESENTATION_STYLE_ASSIGNMENT((#13037));
#13037 = SURFACE_STYLE_USAGE(.BOTH.,#13038);
#13038 = SURFACE_SIDE_STYLE('',(#13039));
#13039 = SURFACE_STYLE_FILL_AREA(#13040);
#13040 = FILL_AREA_STYLE('',(#13041));
#13041 = FILL_AREA_STYLE_COLOUR('',#12894);
#13042 = OVER_RIDING_STYLED_ITEM('overriding color',(#13043),#4263,
  #12993);
#13043 = PRESENTATION_STYLE_ASSIGNMENT((#13044));
#13044 = SURFACE_STYLE_USAGE(.BOTH.,#13045);
#13045 = SURFACE_SIDE_STYLE('',(#13046));
#13046 = SURFACE_STYLE_FILL_AREA(#13047);
#13047 = FILL_AREA_STYLE('',(#13048));
#13048 = FILL_AREA_STYLE_COLOUR('',#12894);
#13049 = OVER_RIDING_STYLED_ITEM('overriding color',(#13050),#4296,
  #12993);
#13050 = PRESENTATION_STYLE_ASSIGNMENT((#13051));
#13051 = SURFACE_STYLE_USAGE(.BOTH.,#13052);
#13052 = SURFACE_SIDE_STYLE('',(#13053));
#13053 = SURFACE_STYLE_FILL_AREA(#13054);
#13054 = FILL_AREA_STYLE('',(#13055));
#13055 = FILL_AREA_STYLE_COLOUR('',#12894);
#13056 = OVER_RIDING_STYLED_ITEM('overriding color',(#13057),#4327,
  #12993);
#13057 = PRESENTATION_STYLE_ASSIGNMENT((#13058));
#13058 = SURFACE_STYLE_USAGE(.BOTH.,#13059);
#13059 = SURFACE_SIDE_STYLE('',(#13060));
#13060 = SURFACE_STYLE_FILL_AREA(#13061);
#13061 = FILL_AREA_STYLE('',(#13062));
#13062 = FILL_AREA_STYLE_COLOUR('',#12894);
#13063 = OVER_RIDING_STYLED_ITEM('overriding color',(#13064),#4360,
  #12993);
#13064 = PRESENTATION_STYLE_ASSIGNMENT((#13065));
#13065 = SURFACE_STYLE_USAGE(.BOTH.,#13066);
#13066 = SURFACE_SIDE_STYLE('',(#13067));
#13067 = SURFACE_STYLE_FILL_AREA(#13068);
#13068 = FILL_AREA_STYLE('',(#13069));
#13069 = FILL_AREA_STYLE_COLOUR('',#12894);
#13070 = OVER_RIDING_STYLED_ITEM('overriding color',(#13071),#4391,
  #12993);
#13071 = PRESENTATION_STYLE_ASSIGNMENT((#13072));
#13072 = SURFACE_STYLE_USAGE(.BOTH.,#13073);
#13073 = SURFACE_SIDE_STYLE('',(#13074));
#13074 = SURFACE_STYLE_FILL_AREA(#13075);
#13075 = FILL_AREA_STYLE('',(#13076));
#13076 = FILL_AREA_STYLE_COLOUR('',#12894);
#13077 = OVER_RIDING_STYLED_ITEM('overriding color',(#13078),#4422,
  #12993);
#13078 = PRESENTATION_STYLE_ASSIGNMENT((#13079));
#13079 = SURFACE_STYLE_USAGE(.BOTH.,#13080);
#13080 = SURFACE_SIDE_STYLE('',(#13081));
#13081 = SURFACE_STYLE_FILL_AREA(#13082);
#13082 = FILL_AREA_STYLE('',(#13083));
#13083 = FILL_AREA_STYLE_COLOUR('',#12894);
#13084 = OVER_RIDING_STYLED_ITEM('overriding color',(#13085),#4444,
  #12993);
#13085 = PRESENTATION_STYLE_ASSIGNMENT((#13086));
#13086 = SURFACE_STYLE_USAGE(.BOTH.,#13087);
#13087 = SURFACE_SIDE_STYLE('',(#13088));
#13088 = SURFACE_STYLE_FILL_AREA(#13089);
#13089 = FILL_AREA_STYLE('',(#13090));
#13090 = FILL_AREA_STYLE_COLOUR('',#12894);
#13091 = OVER_RIDING_STYLED_ITEM('overriding color',(#13092),#4464,
  #12993);
#13092 = PRESENTATION_STYLE_ASSIGNMENT((#13093));
#13093 = SURFACE_STYLE_USAGE(.BOTH.,#13094);
#13094 = SURFACE_SIDE_STYLE('',(#13095));
#13095 = SURFACE_STYLE_FILL_AREA(#13096);
#13096 = FILL_AREA_STYLE('',(#13097));
#13097 = FILL_AREA_STYLE_COLOUR('',#12894);
#13098 = STYLED_ITEM('color',(#13099),#4484);
#13099 = PRESENTATION_STYLE_ASSIGNMENT((#13100));
#13100 = SURFACE_STYLE_USAGE(.BOTH.,#13101);
#13101 = SURFACE_SIDE_STYLE('',(#13102));
#13102 = SURFACE_STYLE_FILL_AREA(#13103);
#13103 = FILL_AREA_STYLE('',(#13104));
#13104 = FILL_AREA_STYLE_COLOUR('',#12894);
#13105 = OVER_RIDING_STYLED_ITEM('overriding color',(#13106),#4486,
  #13098);
#13106 = PRESENTATION_STYLE_ASSIGNMENT((#13107));
#13107 = SURFACE_STYLE_USAGE(.BOTH.,#13108);
#13108 = SURFACE_SIDE_STYLE('',(#13109));
#13109 = SURFACE_STYLE_FILL_AREA(#13110);
#13110 = FILL_AREA_STYLE('',(#13111));
#13111 = FILL_AREA_STYLE_COLOUR('',#12894);
#13112 = OVER_RIDING_STYLED_ITEM('overriding color',(#13113),#4528,
  #13098);
#13113 = PRESENTATION_STYLE_ASSIGNMENT((#13114));
#13114 = SURFACE_STYLE_USAGE(.BOTH.,#13115);
#13115 = SURFACE_SIDE_STYLE('',(#13116));
#13116 = SURFACE_STYLE_FILL_AREA(#13117);
#13117 = FILL_AREA_STYLE('',(#13118));
#13118 = FILL_AREA_STYLE_COLOUR('',#12894);
#13119 = OVER_RIDING_STYLED_ITEM('overriding color',(#13120),#4559,
  #13098);
#13120 = PRESENTATION_STYLE_ASSIGNMENT((#13121));
#13121 = SURFACE_STYLE_USAGE(.BOTH.,#13122);
#13122 = SURFACE_SIDE_STYLE('',(#13123));
#13123 = SURFACE_STYLE_FILL_AREA(#13124);
#13124 = FILL_AREA_STYLE('',(#13125));
#13125 = FILL_AREA_STYLE_COLOUR('',#12894);
#13126 = OVER_RIDING_STYLED_ITEM('overriding color',(#13127),#4592,
  #13098);
#13127 = PRESENTATION_STYLE_ASSIGNMENT((#13128));
#13128 = SURFACE_STYLE_USAGE(.BOTH.,#13129);
#13129 = SURFACE_SIDE_STYLE('',(#13130));
#13130 = SURFACE_STYLE_FILL_AREA(#13131);
#13131 = FILL_AREA_STYLE('',(#13132));
#13132 = FILL_AREA_STYLE_COLOUR('',#12894);
#13133 = OVER_RIDING_STYLED_ITEM('overriding color',(#13134),#4623,
  #13098);
#13134 = PRESENTATION_STYLE_ASSIGNMENT((#13135));
#13135 = SURFACE_STYLE_USAGE(.BOTH.,#13136);
#13136 = SURFACE_SIDE_STYLE('',(#13137));
#13137 = SURFACE_STYLE_FILL_AREA(#13138);
#13138 = FILL_AREA_STYLE('',(#13139));
#13139 = FILL_AREA_STYLE_COLOUR('',#12894);
#13140 = OVER_RIDING_STYLED_ITEM('overriding color',(#13141),#4654,
  #13098);
#13141 = PRESENTATION_STYLE_ASSIGNMENT((#13142));
#13142 = SURFACE_STYLE_USAGE(.BOTH.,#13143);
#13143 = SURFACE_SIDE_STYLE('',(#13144));
#13144 = SURFACE_STYLE_FILL_AREA(#13145);
#13145 = FILL_AREA_STYLE('',(#13146));
#13146 = FILL_AREA_STYLE_COLOUR('',#12894);
#13147 = OVER_RIDING_STYLED_ITEM('overriding color',(#13148),#4685,
  #13098);
#13148 = PRESENTATION_STYLE_ASSIGNMENT((#13149));
#13149 = SURFACE_STYLE_USAGE(.BOTH.,#13150);
#13150 = SURFACE_SIDE_STYLE('',(#13151));
#13151 = SURFACE_STYLE_FILL_AREA(#13152);
#13152 = FILL_AREA_STYLE('',(#13153));
#13153 = FILL_AREA_STYLE_COLOUR('',#12894);
#13154 = OVER_RIDING_STYLED_ITEM('overriding color',(#13155),#4718,
  #13098);
#13155 = PRESENTATION_STYLE_ASSIGNMENT((#13156));
#13156 = SURFACE_STYLE_USAGE(.BOTH.,#13157);
#13157 = SURFACE_SIDE_STYLE('',(#13158));
#13158 = SURFACE_STYLE_FILL_AREA(#13159);
#13159 = FILL_AREA_STYLE('',(#13160));
#13160 = FILL_AREA_STYLE_COLOUR('',#12894);
#13161 = OVER_RIDING_STYLED_ITEM('overriding color',(#13162),#4749,
  #13098);
#13162 = PRESENTATION_STYLE_ASSIGNMENT((#13163));
#13163 = SURFACE_STYLE_USAGE(.BOTH.,#13164);
#13164 = SURFACE_SIDE_STYLE('',(#13165));
#13165 = SURFACE_STYLE_FILL_AREA(#13166);
#13166 = FILL_AREA_STYLE('',(#13167));
#13167 = FILL_AREA_STYLE_COLOUR('',#12894);
#13168 = OVER_RIDING_STYLED_ITEM('overriding color',(#13169),#4782,
  #13098);
#13169 = PRESENTATION_STYLE_ASSIGNMENT((#13170));
#13170 = SURFACE_STYLE_USAGE(.BOTH.,#13171);
#13171 = SURFACE_SIDE_STYLE('',(#13172));
#13172 = SURFACE_STYLE_FILL_AREA(#13173);
#13173 = FILL_AREA_STYLE('',(#13174));
#13174 = FILL_AREA_STYLE_COLOUR('',#12894);
#13175 = OVER_RIDING_STYLED_ITEM('overriding color',(#13176),#4813,
  #13098);
#13176 = PRESENTATION_STYLE_ASSIGNMENT((#13177));
#13177 = SURFACE_STYLE_USAGE(.BOTH.,#13178);
#13178 = SURFACE_SIDE_STYLE('',(#13179));
#13179 = SURFACE_STYLE_FILL_AREA(#13180);
#13180 = FILL_AREA_STYLE('',(#13181));
#13181 = FILL_AREA_STYLE_COLOUR('',#12894);
#13182 = OVER_RIDING_STYLED_ITEM('overriding color',(#13183),#4844,
  #13098);
#13183 = PRESENTATION_STYLE_ASSIGNMENT((#13184));
#13184 = SURFACE_STYLE_USAGE(.BOTH.,#13185);
#13185 = SURFACE_SIDE_STYLE('',(#13186));
#13186 = SURFACE_STYLE_FILL_AREA(#13187);
#13187 = FILL_AREA_STYLE('',(#13188));
#13188 = FILL_AREA_STYLE_COLOUR('',#12894);
#13189 = OVER_RIDING_STYLED_ITEM('overriding color',(#13190),#4866,
  #13098);
#13190 = PRESENTATION_STYLE_ASSIGNMENT((#13191));
#13191 = SURFACE_STYLE_USAGE(.BOTH.,#13192);
#13192 = SURFACE_SIDE_STYLE('',(#13193));
#13193 = SURFACE_STYLE_FILL_AREA(#13194);
#13194 = FILL_AREA_STYLE('',(#13195));
#13195 = FILL_AREA_STYLE_COLOUR('',#12894);
#13196 = OVER_RIDING_STYLED_ITEM('overriding color',(#13197),#4886,
  #13098);
#13197 = PRESENTATION_STYLE_ASSIGNMENT((#13198));
#13198 = SURFACE_STYLE_USAGE(.BOTH.,#13199);
#13199 = SURFACE_SIDE_STYLE('',(#13200));
#13200 = SURFACE_STYLE_FILL_AREA(#13201);
#13201 = FILL_AREA_STYLE('',(#13202));
#13202 = FILL_AREA_STYLE_COLOUR('',#12894);
#13203 = STYLED_ITEM('color',(#13204),#4906);
#13204 = PRESENTATION_STYLE_ASSIGNMENT((#13205));
#13205 = SURFACE_STYLE_USAGE(.BOTH.,#13206);
#13206 = SURFACE_SIDE_STYLE('',(#13207));
#13207 = SURFACE_STYLE_FILL_AREA(#13208);
#13208 = FILL_AREA_STYLE('',(#13209));
#13209 = FILL_AREA_STYLE_COLOUR('',#12894);
#13210 = OVER_RIDING_STYLED_ITEM('overriding color',(#13211),#4908,
  #13203);
#13211 = PRESENTATION_STYLE_ASSIGNMENT((#13212));
#13212 = SURFACE_STYLE_USAGE(.BOTH.,#13213);
#13213 = SURFACE_SIDE_STYLE('',(#13214));
#13214 = SURFACE_STYLE_FILL_AREA(#13215);
#13215 = FILL_AREA_STYLE('',(#13216));
#13216 = FILL_AREA_STYLE_COLOUR('',#12894);
#13217 = OVER_RIDING_STYLED_ITEM('overriding color',(#13218),#4950,
  #13203);
#13218 = PRESENTATION_STYLE_ASSIGNMENT((#13219));
#13219 = SURFACE_STYLE_USAGE(.BOTH.,#13220);
#13220 = SURFACE_SIDE_STYLE('',(#13221));
#13221 = SURFACE_STYLE_FILL_AREA(#13222);
#13222 = FILL_AREA_STYLE('',(#13223));
#13223 = FILL_AREA_STYLE_COLOUR('',#12894);
#13224 = OVER_RIDING_STYLED_ITEM('overriding color',(#13225),#4981,
  #13203);
#13225 = PRESENTATION_STYLE_ASSIGNMENT((#13226));
#13226 = SURFACE_STYLE_USAGE(.BOTH.,#13227);
#13227 = SURFACE_SIDE_STYLE('',(#13228));
#13228 = SURFACE_STYLE_FILL_AREA(#13229);
#13229 = FILL_AREA_STYLE('',(#13230));
#13230 = FILL_AREA_STYLE_COLOUR('',#12894);
#13231 = OVER_RIDING_STYLED_ITEM('overriding color',(#13232),#5014,
  #13203);
#13232 = PRESENTATION_STYLE_ASSIGNMENT((#13233));
#13233 = SURFACE_STYLE_USAGE(.BOTH.,#13234);
#13234 = SURFACE_SIDE_STYLE('',(#13235));
#13235 = SURFACE_STYLE_FILL_AREA(#13236);
#13236 = FILL_AREA_STYLE('',(#13237));
#13237 = FILL_AREA_STYLE_COLOUR('',#12894);
#13238 = OVER_RIDING_STYLED_ITEM('overriding color',(#13239),#5045,
  #13203);
#13239 = PRESENTATION_STYLE_ASSIGNMENT((#13240));
#13240 = SURFACE_STYLE_USAGE(.BOTH.,#13241);
#13241 = SURFACE_SIDE_STYLE('',(#13242));
#13242 = SURFACE_STYLE_FILL_AREA(#13243);
#13243 = FILL_AREA_STYLE('',(#13244));
#13244 = FILL_AREA_STYLE_COLOUR('',#12894);
#13245 = OVER_RIDING_STYLED_ITEM('overriding color',(#13246),#5076,
  #13203);
#13246 = PRESENTATION_STYLE_ASSIGNMENT((#13247));
#13247 = SURFACE_STYLE_USAGE(.BOTH.,#13248);
#13248 = SURFACE_SIDE_STYLE('',(#13249));
#13249 = SURFACE_STYLE_FILL_AREA(#13250);
#13250 = FILL_AREA_STYLE('',(#13251));
#13251 = FILL_AREA_STYLE_COLOUR('',#12894);
#13252 = OVER_RIDING_STYLED_ITEM('overriding color',(#13253),#5107,
  #13203);
#13253 = PRESENTATION_STYLE_ASSIGNMENT((#13254));
#13254 = SURFACE_STYLE_USAGE(.BOTH.,#13255);
#13255 = SURFACE_SIDE_STYLE('',(#13256));
#13256 = SURFACE_STYLE_FILL_AREA(#13257);
#13257 = FILL_AREA_STYLE('',(#13258));
#13258 = FILL_AREA_STYLE_COLOUR('',#12894);
#13259 = OVER_RIDING_STYLED_ITEM('overriding color',(#13260),#5140,
  #13203);
#13260 = PRESENTATION_STYLE_ASSIGNMENT((#13261));
#13261 = SURFACE_STYLE_USAGE(.BOTH.,#13262);
#13262 = SURFACE_SIDE_STYLE('',(#13263));
#13263 = SURFACE_STYLE_FILL_AREA(#13264);
#13264 = FILL_AREA_STYLE('',(#13265));
#13265 = FILL_AREA_STYLE_COLOUR('',#12894);
#13266 = OVER_RIDING_STYLED_ITEM('overriding color',(#13267),#5171,
  #13203);
#13267 = PRESENTATION_STYLE_ASSIGNMENT((#13268));
#13268 = SURFACE_STYLE_USAGE(.BOTH.,#13269);
#13269 = SURFACE_SIDE_STYLE('',(#13270));
#13270 = SURFACE_STYLE_FILL_AREA(#13271);
#13271 = FILL_AREA_STYLE('',(#13272));
#13272 = FILL_AREA_STYLE_COLOUR('',#12894);
#13273 = OVER_RIDING_STYLED_ITEM('overriding color',(#13274),#5204,
  #13203);
#13274 = PRESENTATION_STYLE_ASSIGNMENT((#13275));
#13275 = SURFACE_STYLE_USAGE(.BOTH.,#13276);
#13276 = SURFACE_SIDE_STYLE('',(#13277));
#13277 = SURFACE_STYLE_FILL_AREA(#13278);
#13278 = FILL_AREA_STYLE('',(#13279));
#13279 = FILL_AREA_STYLE_COLOUR('',#12894);
#13280 = OVER_RIDING_STYLED_ITEM('overriding color',(#13281),#5235,
  #13203);
#13281 = PRESENTATION_STYLE_ASSIGNMENT((#13282));
#13282 = SURFACE_STYLE_USAGE(.BOTH.,#13283);
#13283 = SURFACE_SIDE_STYLE('',(#13284));
#13284 = SURFACE_STYLE_FILL_AREA(#13285);
#13285 = FILL_AREA_STYLE('',(#13286));
#13286 = FILL_AREA_STYLE_COLOUR('',#12894);
#13287 = OVER_RIDING_STYLED_ITEM('overriding color',(#13288),#5266,
  #13203);
#13288 = PRESENTATION_STYLE_ASSIGNMENT((#13289));
#13289 = SURFACE_STYLE_USAGE(.BOTH.,#13290);
#13290 = SURFACE_SIDE_STYLE('',(#13291));
#13291 = SURFACE_STYLE_FILL_AREA(#13292);
#13292 = FILL_AREA_STYLE('',(#13293));
#13293 = FILL_AREA_STYLE_COLOUR('',#12894);
#13294 = OVER_RIDING_STYLED_ITEM('overriding color',(#13295),#5288,
  #13203);
#13295 = PRESENTATION_STYLE_ASSIGNMENT((#13296));
#13296 = SURFACE_STYLE_USAGE(.BOTH.,#13297);
#13297 = SURFACE_SIDE_STYLE('',(#13298));
#13298 = SURFACE_STYLE_FILL_AREA(#13299);
#13299 = FILL_AREA_STYLE('',(#13300));
#13300 = FILL_AREA_STYLE_COLOUR('',#12894);
#13301 = OVER_RIDING_STYLED_ITEM('overriding color',(#13302),#5308,
  #13203);
#13302 = PRESENTATION_STYLE_ASSIGNMENT((#13303));
#13303 = SURFACE_STYLE_USAGE(.BOTH.,#13304);
#13304 = SURFACE_SIDE_STYLE('',(#13305));
#13305 = SURFACE_STYLE_FILL_AREA(#13306);
#13306 = FILL_AREA_STYLE('',(#13307));
#13307 = FILL_AREA_STYLE_COLOUR('',#12894);
#13308 = STYLED_ITEM('color',(#13309),#5328);
#13309 = PRESENTATION_STYLE_ASSIGNMENT((#13310));
#13310 = SURFACE_STYLE_USAGE(.BOTH.,#13311);
#13311 = SURFACE_SIDE_STYLE('',(#13312));
#13312 = SURFACE_STYLE_FILL_AREA(#13313);
#13313 = FILL_AREA_STYLE('',(#13314));
#13314 = FILL_AREA_STYLE_COLOUR('',#13315);
#13315 = COLOUR_RGB('',0.286274508045,0.286274508045,0.286274508045);
#13316 = OVER_RIDING_STYLED_ITEM('overriding color',(#13317),#5330,
  #13308);
#13317 = PRESENTATION_STYLE_ASSIGNMENT((#13318));
#13318 = SURFACE_STYLE_USAGE(.BOTH.,#13319);
#13319 = SURFACE_SIDE_STYLE('',(#13320));
#13320 = SURFACE_STYLE_FILL_AREA(#13321);
#13321 = FILL_AREA_STYLE('',(#13322));
#13322 = FILL_AREA_STYLE_COLOUR('',#13315);
#13323 = OVER_RIDING_STYLED_ITEM('overriding color',(#13324),#5384,
  #13308);
#13324 = PRESENTATION_STYLE_ASSIGNMENT((#13325));
#13325 = SURFACE_STYLE_USAGE(.BOTH.,#13326);
#13326 = SURFACE_SIDE_STYLE('',(#13327));
#13327 = SURFACE_STYLE_FILL_AREA(#13328);
#13328 = FILL_AREA_STYLE('',(#13329));
#13329 = FILL_AREA_STYLE_COLOUR('',#13315);
#13330 = OVER_RIDING_STYLED_ITEM('overriding color',(#13331),#5424,
  #13308);
#13331 = PRESENTATION_STYLE_ASSIGNMENT((#13332));
#13332 = SURFACE_STYLE_USAGE(.BOTH.,#13333);
#13333 = SURFACE_SIDE_STYLE('',(#13334));
#13334 = SURFACE_STYLE_FILL_AREA(#13335);
#13335 = FILL_AREA_STYLE('',(#13336));
#13336 = FILL_AREA_STYLE_COLOUR('',#13315);
#13337 = OVER_RIDING_STYLED_ITEM('overriding color',(#13338),#5464,
  #13308);
#13338 = PRESENTATION_STYLE_ASSIGNMENT((#13339));
#13339 = SURFACE_STYLE_USAGE(.BOTH.,#13340);
#13340 = SURFACE_SIDE_STYLE('',(#13341));
#13341 = SURFACE_STYLE_FILL_AREA(#13342);
#13342 = FILL_AREA_STYLE('',(#13343));
#13343 = FILL_AREA_STYLE_COLOUR('',#13315);
#13344 = OVER_RIDING_STYLED_ITEM('overriding color',(#13345),#5504,
  #13308);
#13345 = PRESENTATION_STYLE_ASSIGNMENT((#13346));
#13346 = SURFACE_STYLE_USAGE(.BOTH.,#13347);
#13347 = SURFACE_SIDE_STYLE('',(#13348));
#13348 = SURFACE_STYLE_FILL_AREA(#13349);
#13349 = FILL_AREA_STYLE('',(#13350));
#13350 = FILL_AREA_STYLE_COLOUR('',#13315);
#13351 = OVER_RIDING_STYLED_ITEM('overriding color',(#13352),#5544,
  #13308);
#13352 = PRESENTATION_STYLE_ASSIGNMENT((#13353));
#13353 = SURFACE_STYLE_USAGE(.BOTH.,#13354);
#13354 = SURFACE_SIDE_STYLE('',(#13355));
#13355 = SURFACE_STYLE_FILL_AREA(#13356);
#13356 = FILL_AREA_STYLE('',(#13357));
#13357 = FILL_AREA_STYLE_COLOUR('',#13315);
#13358 = OVER_RIDING_STYLED_ITEM('overriding color',(#13359),#5593,
  #13308);
#13359 = PRESENTATION_STYLE_ASSIGNMENT((#13360));
#13360 = SURFACE_STYLE_USAGE(.BOTH.,#13361);
#13361 = SURFACE_SIDE_STYLE('',(#13362));
#13362 = SURFACE_STYLE_FILL_AREA(#13363);
#13363 = FILL_AREA_STYLE('',(#13364));
#13364 = FILL_AREA_STYLE_COLOUR('',#13315);
#13365 = OVER_RIDING_STYLED_ITEM('overriding color',(#13366),#5642,
  #13308);
#13366 = PRESENTATION_STYLE_ASSIGNMENT((#13367));
#13367 = SURFACE_STYLE_USAGE(.BOTH.,#13368);
#13368 = SURFACE_SIDE_STYLE('',(#13369));
#13369 = SURFACE_STYLE_FILL_AREA(#13370);
#13370 = FILL_AREA_STYLE('',(#13371));
#13371 = FILL_AREA_STYLE_COLOUR('',#13315);
#13372 = OVER_RIDING_STYLED_ITEM('overriding color',(#13373),#5691,
  #13308);
#13373 = PRESENTATION_STYLE_ASSIGNMENT((#13374));
#13374 = SURFACE_STYLE_USAGE(.BOTH.,#13375);
#13375 = SURFACE_SIDE_STYLE('',(#13376));
#13376 = SURFACE_STYLE_FILL_AREA(#13377);
#13377 = FILL_AREA_STYLE('',(#13378));
#13378 = FILL_AREA_STYLE_COLOUR('',#13315);
#13379 = OVER_RIDING_STYLED_ITEM('overriding color',(#13380),#5740,
  #13308);
#13380 = PRESENTATION_STYLE_ASSIGNMENT((#13381));
#13381 = SURFACE_STYLE_USAGE(.BOTH.,#13382);
#13382 = SURFACE_SIDE_STYLE('',(#13383));
#13383 = SURFACE_STYLE_FILL_AREA(#13384);
#13384 = FILL_AREA_STYLE('',(#13385));
#13385 = FILL_AREA_STYLE_COLOUR('',#13315);
#13386 = OVER_RIDING_STYLED_ITEM('overriding color',(#13387),#5790,
  #13308);
#13387 = PRESENTATION_STYLE_ASSIGNMENT((#13388));
#13388 = SURFACE_STYLE_USAGE(.BOTH.,#13389);
#13389 = SURFACE_SIDE_STYLE('',(#13390));
#13390 = SURFACE_STYLE_FILL_AREA(#13391);
#13391 = FILL_AREA_STYLE('',(#13392));
#13392 = FILL_AREA_STYLE_COLOUR('',#13315);
#13393 = OVER_RIDING_STYLED_ITEM('overriding color',(#13394),#5839,
  #13308);
#13394 = PRESENTATION_STYLE_ASSIGNMENT((#13395));
#13395 = SURFACE_STYLE_USAGE(.BOTH.,#13396);
#13396 = SURFACE_SIDE_STYLE('',(#13397));
#13397 = SURFACE_STYLE_FILL_AREA(#13398);
#13398 = FILL_AREA_STYLE('',(#13399));
#13399 = FILL_AREA_STYLE_COLOUR('',#13315);
#13400 = OVER_RIDING_STYLED_ITEM('overriding color',(#13401),#5888,
  #13308);
#13401 = PRESENTATION_STYLE_ASSIGNMENT((#13402));
#13402 = SURFACE_STYLE_USAGE(.BOTH.,#13403);
#13403 = SURFACE_SIDE_STYLE('',(#13404));
#13404 = SURFACE_STYLE_FILL_AREA(#13405);
#13405 = FILL_AREA_STYLE('',(#13406));
#13406 = FILL_AREA_STYLE_COLOUR('',#13315);
#13407 = OVER_RIDING_STYLED_ITEM('overriding color',(#13408),#5937,
  #13308);
#13408 = PRESENTATION_STYLE_ASSIGNMENT((#13409));
#13409 = SURFACE_STYLE_USAGE(.BOTH.,#13410);
#13410 = SURFACE_SIDE_STYLE('',(#13411));
#13411 = SURFACE_STYLE_FILL_AREA(#13412);
#13412 = FILL_AREA_STYLE('',(#13413));
#13413 = FILL_AREA_STYLE_COLOUR('',#13315);
#13414 = OVER_RIDING_STYLED_ITEM('overriding color',(#13415),#5986,
  #13308);
#13415 = PRESENTATION_STYLE_ASSIGNMENT((#13416));
#13416 = SURFACE_STYLE_USAGE(.BOTH.,#13417);
#13417 = SURFACE_SIDE_STYLE('',(#13418));
#13418 = SURFACE_STYLE_FILL_AREA(#13419);
#13419 = FILL_AREA_STYLE('',(#13420));
#13420 = FILL_AREA_STYLE_COLOUR('',#13315);
#13421 = OVER_RIDING_STYLED_ITEM('overriding color',(#13422),#6562,
  #13308);
#13422 = PRESENTATION_STYLE_ASSIGNMENT((#13423));
#13423 = SURFACE_STYLE_USAGE(.BOTH.,#13424);
#13424 = SURFACE_SIDE_STYLE('',(#13425));
#13425 = SURFACE_STYLE_FILL_AREA(#13426);
#13426 = FILL_AREA_STYLE('',(#13427));
#13427 = FILL_AREA_STYLE_COLOUR('',#13315);
#13428 = OVER_RIDING_STYLED_ITEM('overriding color',(#13429),#6590,
  #13308);
#13429 = PRESENTATION_STYLE_ASSIGNMENT((#13430));
#13430 = SURFACE_STYLE_USAGE(.BOTH.,#13431);
#13431 = SURFACE_SIDE_STYLE('',(#13432));
#13432 = SURFACE_STYLE_FILL_AREA(#13433);
#13433 = FILL_AREA_STYLE('',(#13434));
#13434 = FILL_AREA_STYLE_COLOUR('',#13315);
#13435 = MECHANICAL_DESIGN_GEOMETRIC_PRESENTATION_REPRESENTATION('',(
    #13436),#11487);
#13436 = STYLED_ITEM('color',(#13437),#10761);
#13437 = PRESENTATION_STYLE_ASSIGNMENT((#13438));
#13438 = SURFACE_STYLE_USAGE(.BOTH.,#13439);
#13439 = SURFACE_SIDE_STYLE('',(#13440));
#13440 = SURFACE_STYLE_FILL_AREA(#13441);
#13441 = FILL_AREA_STYLE('',(#13442));
#13442 = FILL_AREA_STYLE_COLOUR('',#13443);
#13443 = COLOUR_RGB('',0.313304153717,0.484529207832,0.410020903123);
#13444 = MECHANICAL_DESIGN_GEOMETRIC_PRESENTATION_REPRESENTATION('',(
    #13445),#9525);
#13445 = STYLED_ITEM('color',(#13446),#8831);
#13446 = PRESENTATION_STYLE_ASSIGNMENT((#13447));
#13447 = SURFACE_STYLE_USAGE(.BOTH.,#13448);
#13448 = SURFACE_SIDE_STYLE('',(#13449));
#13449 = SURFACE_STYLE_FILL_AREA(#13450);
#13450 = FILL_AREA_STYLE('',(#13451));
#13451 = FILL_AREA_STYLE_COLOUR('',#13452);
#13452 = DRAUGHTING_PRE_DEFINED_COLOUR('white');
#13453 = MECHANICAL_DESIGN_GEOMETRIC_PRESENTATION_REPRESENTATION('',(
    #13454,#13461),#10697);
#13454 = STYLED_ITEM('color',(#13455),#9713);
#13455 = PRESENTATION_STYLE_ASSIGNMENT((#13456));
#13456 = SURFACE_STYLE_USAGE(.BOTH.,#13457);
#13457 = SURFACE_SIDE_STYLE('',(#13458));
#13458 = SURFACE_STYLE_FILL_AREA(#13459);
#13459 = FILL_AREA_STYLE('',(#13460));
#13460 = FILL_AREA_STYLE_COLOUR('',#12494);
#13461 = STYLED_ITEM('color',(#13462),#10205);
#13462 = PRESENTATION_STYLE_ASSIGNMENT((#13463));
#13463 = SURFACE_STYLE_USAGE(.BOTH.,#13464);
#13464 = SURFACE_SIDE_STYLE('',(#13465));
#13465 = SURFACE_STYLE_FILL_AREA(#13466);
#13466 = FILL_AREA_STYLE('',(#13467));
#13467 = FILL_AREA_STYLE_COLOUR('',#12494);
ENDSEC;
END-ISO-10303-21;
